dataset,discretization,optimization,training_accuracy(%),test_accuracy(%),nodes,leaves,duration(s)
balance-scale,complete,CART,92.16,92.16,3,2,0.001873171999999812
balance-scale,complete,CART,92.16,92.16,7,4,0.0024740599999999446
balance-scale,complete,CART,92.16,92.16,15,8,0.005636876000000068
balance-scale,complete,CART,92.32000000000001,92.32000000000001,31,16,0.0019101089999997711
balance-scale,complete,CART,92.32000000000001,92.32000000000001,45,23,0.0020207870000001904
balance-scale,complete,CART,93.28,93.28,73,37,0.002182244000000111
balance-scale,complete,BinOCT,92.16,92.16,3,2,0.6952927310000003
balance-scale,complete,BinOCT,92.16,92.16,7,4,3.8771164450000004
balance-scale,complete,GOSDT,92.16,92.16,1,1,0.10416457199994511
balance-scale,complete,GOSDT,92.16,92.16,1,1,0.07831082899997455
balance-scale,complete,GOSDT,92.16,92.16,1,1,0.07845562700003939
balance-scale,complete,GOSDT,92.16,92.16,1,1,0.08077122000008785
balance-scale,complete,GOSDT,92.16,92.16,1,1,0.14282451500002935
balance-scale,complete,GOSDT,92.16,92.16,1,1,0.09457735999990291
balance-scale,complete,GOSDT,92.16,92.16,1,1,0.12433526800009531
balance-scale,complete,GOSDT,92.16,92.16,1,1,0.09680430100002013
balance-scale,complete,GOSDT,92.16,92.16,1,1,0.08949314699998467
balance-scale,complete,GOSDT,92.16,92.16,1,1,0.11200775999986945
balance-scale,complete,GOSDT,92.16,92.16,1,1,0.24354936600002475
balance-scale,complete,GOSDT,92.16,92.16,1,1,2.667685951000067
balance-scale,complete,GOSDT,92.16,92.16,1,1,3.8805414569999357
balance-scale,complete,GOSDT,92.16,92.16,1,1,4.850913322999986
balance-scale,complete,GOSDT,92.16,92.16,1,1,5.152845133000028
balance-scale,complete,GOSDT,92.16,92.16,1,1,6.6093042780000815
balance-scale,complete,GOSDT,92.16,92.16,1,1,8.668723655999884
balance-scale,complete,GOSDT,92.16,92.16,1,1,10.809262173999969
balance-scale,complete,GOSDT,92.16,92.16,1,1,13.058502364999867
balance-scale,complete,GOSDT,92.16,92.16,1,1,14.535887109999976
balance-scale,complete,GOSDT,92.16,92.16,1,1,17.185105767000096
car-evaluation,complete,CART,70.02314814814815,70.02314814814815,3,2,0.00410556900010306
car-evaluation,complete,CART,85.5324074074074,85.5324074074074,5,3,0.0026778289998219407
car-evaluation,complete,CART,85.5324074074074,85.5324074074074,7,4,0.002432195999972464
car-evaluation,complete,CART,86.92129629629629,86.92129629629629,11,6,0.002600718000167035
car-evaluation,complete,CART,89.69907407407408,89.69907407407408,19,10,0.00268365800002357
car-evaluation,complete,CART,92.5925925925926,92.5925925925926,31,16,0.003043809000018882
car-evaluation,complete,BinOCT,71.29629629629629,71.29629629629629,3,2,1.2660437740000816
car-evaluation,complete,BinOCT,85.5324074074074,85.5324074074074,7,4,12.436404119999906
car-evaluation,complete,DL8.5,71.29629629629629,71.29629629629629,3,2,0.0056736800001999654
car-evaluation,complete,DL8.5,71.29629629629629,71.29629629629629,3,2,0.002117845999691781
car-evaluation,complete,DL8.5,85.5324074074074,85.5324074074074,5,3,0.023057787999732682
car-evaluation,complete,DL8.5,87.03703703703704,87.03703703703704,9,5,0.16417872800002442
car-evaluation,complete,DL8.5,89.58333333333334,89.58333333333334,17,9,2.057301699999698
car-evaluation,complete,DL8.5,91.08796296296296,91.08796296296296,41,21,19.231197142999918
car-evaluation,complete,DL8.5,93.98148148148148,93.98148148148148,65,33,90.60759935099986
car-evaluation,complete,GOSDT,70.02314814814815,70.02314814814815,1,1,0.45206515400013814
car-evaluation,complete,GOSDT,70.02314814814815,70.02314814814815,1,1,0.2309555269998782
car-evaluation,complete,GOSDT,70.02314814814815,70.02314814814815,1,1,0.24523681400023634
car-evaluation,complete,GOSDT,70.02314814814815,70.02314814814815,1,1,0.23728662199982864
car-evaluation,complete,GOSDT,70.02314814814815,70.02314814814815,1,1,0.2266510049998942
car-evaluation,complete,GOSDT,85.5324074074074,85.5324074074074,5,3,0.34716411700037497
car-evaluation,complete,GOSDT,85.5324074074074,85.5324074074074,5,3,0.6679249640001217
car-evaluation,complete,GOSDT,85.5324074074074,85.5324074074074,5,3,0.9197714960000667
car-evaluation,complete,GOSDT,85.5324074074074,85.5324074074074,5,3,1.560835729000246
car-evaluation,complete,GOSDT,85.5324074074074,85.5324074074074,5,3,2.654679607000162
car-evaluation,complete,GOSDT,85.5324074074074,85.5324074074074,5,3,5.680520529000205
car-evaluation,complete,GOSDT,92.47685185185185,92.47685185185185,13,7,13.604348630000004
car-evaluation,complete,GOSDT,92.47685185185185,92.47685185185185,13,7,16.763463939999838
car-evaluation,complete,GOSDT,92.47685185185185,92.47685185185185,13,7,16.36174063300041
car-evaluation,complete,GOSDT,92.47685185185185,92.47685185185185,13,7,25.81839842399995
car-evaluation,complete,GOSDT,93.86574074074075,93.86574074074075,17,9,20.715670383000088
car-evaluation,complete,GOSDT,93.86574074074075,93.86574074074075,17,9,23.852601480999965
car-evaluation,complete,GOSDT,93.86574074074075,93.86574074074075,17,9,27.639859936999983
car-evaluation,complete,GOSDT,95.25462962962963,95.25462962962963,25,13,27.627151080999738
car-evaluation,complete,GOSDT,96.18055555555556,96.18055555555556,33,17,36.8871677369998
car-evaluation,complete,GOSDT,98.37962962962963,98.37962962962963,61,31,47.85374943500028
compas-binary,complete,CART,63.89170406833647,63.89170406833647,3,2,0.045820020999599365
compas-binary,complete,CART,63.89170406833647,63.89170406833647,7,4,0.004132838000259653
compas-binary,complete,CART,66.13580425655132,66.13580425655132,15,8,0.0054864649991941405
compas-binary,complete,CART,66.91761980599392,66.91761980599392,31,16,0.005585387000792252
compas-binary,complete,CART,67.03344433183727,67.03344433183727,59,30,0.006423531999644183
compas-binary,complete,CART,67.38091790936731,67.38091790936731,103,52,0.006499963000351272
compas-binary,complete,BinOCT,63.89170406833647,63.89170406833647,3,2,2.111525497999537
compas-binary,complete,BinOCT,66.22267265093383,66.22267265093383,7,4,7.6481293599999844
compas-binary,complete,DL8.5,63.89170406833647,63.89170406833647,3,2,0.008905064999453316
compas-binary,complete,DL8.5,63.89170406833647,63.89170406833647,3,2,0.0038132440004119417
compas-binary,complete,DL8.5,66.22267265093383,66.22267265093383,7,4,0.015818303000742162
compas-binary,complete,DL8.5,67.10583466048936,67.10583466048936,15,8,0.24957804099994974
compas-binary,complete,DL8.5,67.42435210655856,67.42435210655856,27,14,2.757473143000425
compas-binary,complete,DL8.5,67.67047922397568,67.67047922397568,41,21,14.227993104000234
compas-binary,complete,DL8.5,67.74286955262777,67.74286955262777,77,39,61.03857775800043
compas-binary,complete,GOSDT,53.72810192558274,53.72810192558274,1,1,0.07691089300078602
compas-binary,complete,GOSDT,53.72810192558274,53.72810192558274,1,1,0.061332852999839815
compas-binary,complete,GOSDT,63.89170406833647,63.89170406833647,3,2,0.06209043000035308
compas-binary,complete,GOSDT,63.89170406833647,63.89170406833647,3,2,0.05943622700033302
compas-binary,complete,GOSDT,63.89170406833647,63.89170406833647,3,2,0.0586476610005775
compas-binary,complete,GOSDT,63.89170406833647,63.89170406833647,3,2,0.05994946899954812
compas-binary,complete,GOSDT,63.89170406833647,63.89170406833647,3,2,0.05905042099948332
compas-binary,complete,GOSDT,63.89170406833647,63.89170406833647,3,2,0.05894179400002031
compas-binary,complete,GOSDT,63.89170406833647,63.89170406833647,3,2,0.05873110699940298
compas-binary,complete,GOSDT,63.89170406833647,63.89170406833647,3,2,0.06187062200024229
compas-binary,complete,GOSDT,63.89170406833647,63.89170406833647,3,2,0.06884224899931723
compas-binary,complete,GOSDT,65.51324743014332,65.51324743014332,5,3,0.09245516700048029
compas-binary,complete,GOSDT,65.51324743014332,65.51324743014332,5,3,0.09972058800030936
compas-binary,complete,GOSDT,65.51324743014332,65.51324743014332,5,3,0.09968548699998792
compas-binary,complete,GOSDT,66.22267265093383,66.22267265093383,7,4,0.11983508899993467
compas-binary,complete,GOSDT,66.90314174026351,66.90314174026351,9,5,0.11264819299958617
compas-binary,complete,GOSDT,66.90314174026351,66.90314174026351,9,5,0.12412644400046702
compas-binary,complete,GOSDT,66.90314174026351,66.90314174026351,9,5,0.13258842599952914
compas-binary,complete,GOSDT,66.90314174026351,66.90314174026351,9,5,0.1358646899998348
compas-binary,complete,GOSDT,66.90314174026351,66.90314174026351,9,5,0.15794653499960987
compas-binary,complete,GOSDT,67.20718112060229,67.20718112060229,13,7,0.19447112699981517
fico-binary,complete,CART,69.42346304618032,69.42346304618032,3,2,0.008781952999925124
fico-binary,complete,CART,69.42346304618032,69.42346304618032,7,4,0.008362853999642539
fico-binary,complete,CART,70.58036141122479,70.58036141122479,15,8,0.010073096999803965
fico-binary,complete,CART,71.39305860980973,71.39305860980973,31,16,0.011767156000132672
fico-binary,complete,CART,71.89023807247347,71.89023807247347,61,31,0.013895658000365074
fico-binary,complete,CART,72.36829524811166,72.36829524811166,119,60,0.015813723000064783
fico-binary,complete,BinOCT,69.59556362941008,69.59556362941008,3,2,4.2094028259998595
fico-binary,complete,BinOCT,71.1349077349651,71.1349077349651,7,4,423.6297263079996
fico-binary,complete,DL8.5,69.59556362941008,69.59556362941008,3,2,0.0164985709998291
fico-binary,complete,DL8.5,69.59556362941008,69.59556362941008,3,2,0.012785678000000189
fico-binary,complete,DL8.5,71.1349077349651,71.1349077349651,7,4,0.057418921000135015
fico-binary,complete,DL8.5,71.70857634573095,71.70857634573095,15,8,1.6601714799999172
fico-binary,complete,DL8.5,72.33005067406062,72.33005067406062,29,15,23.409700056001384
fico-binary,complete,DL8.5,72.97064728941581,72.97064728941581,59,30,238.5208555499994
fico-binary,complete,GOSDT,52.194282436179364,52.194282436179364,1,1,1.2303143320004892
fico-binary,complete,GOSDT,52.194282436179364,52.194282436179364,1,1,0.4145562849989801
fico-binary,complete,GOSDT,69.59556362941008,69.59556362941008,3,2,0.3621171550003055
fico-binary,complete,GOSDT,69.59556362941008,69.59556362941008,3,2,0.47876741899926856
fico-binary,complete,GOSDT,69.59556362941008,69.59556362941008,3,2,0.41304930499973125
fico-binary,complete,GOSDT,69.59556362941008,69.59556362941008,3,2,0.4156113680000999
fico-binary,complete,GOSDT,69.59556362941008,69.59556362941008,3,2,0.4318962070010457
fico-binary,complete,GOSDT,69.59556362941008,69.59556362941008,3,2,0.6209000019989617
fico-binary,complete,GOSDT,69.59556362941008,69.59556362941008,3,2,0.8366745430012088
fico-binary,complete,GOSDT,69.59556362941008,69.59556362941008,3,2,1.612708995000503
fico-binary,complete,GOSDT,69.59556362941008,69.59556362941008,3,2,3.363420023000799
fico-binary,complete,GOSDT,69.59556362941008,69.59556362941008,3,2,14.313035397999556
fico-binary,complete,GOSDT,69.59556362941008,69.59556362941008,3,2,17.639627382999606
fico-binary,complete,GOSDT,69.59556362941008,69.59556362941008,3,2,22.958370354999715
fico-binary,complete,GOSDT,71.1349077349651,71.1349077349651,7,4,25.64247967799929
fico-binary,complete,GOSDT,71.1349077349651,71.1349077349651,7,4,30.53127898599996
fico-binary,complete,GOSDT,71.1349077349651,71.1349077349651,7,4,42.217103512000904
fico-binary,complete,GOSDT,71.1349077349651,71.1349077349651,7,4,69.73103267499937
fico-binary,complete,GOSDT,71.45042547088632,71.45042547088632,9,5,133.79140094499962
fico-binary,complete,GOSDT,71.70857634573095,71.70857634573095,11,6,313.47760186399864
monk1-train,complete,CART,73.38709677419355,73.38709677419355,3,2,0.13178227099888318
monk1-train,complete,CART,73.38709677419355,73.38709677419355,5,3,0.0017251620010938495
monk1-train,complete,CART,91.12903225806451,91.12903225806451,9,5,0.0033740090002538636
monk1-train,complete,CART,91.12903225806451,91.12903225806451,11,6,0.0023210349991131807
monk1-train,complete,CART,91.93548387096774,91.93548387096774,15,8,0.0032597619992884574
monk1-train,complete,CART,95.16129032258065,95.16129032258065,23,12,0.006138011000075494
monk1-train,complete,BinOCT,73.38709677419355,73.38709677419355,3,2,1.5914892700002383
monk1-train,complete,BinOCT,82.25806451612904,82.25806451612904,7,4,1.4063053379995836
monk1-train,complete,BinOCT,91.12903225806451,91.12903225806451,15,8,131.57388857399928
monk1-train,complete,DL8.5,73.38709677419355,73.38709677419355,3,2,0.026561803999356925
monk1-train,complete,DL8.5,73.38709677419355,73.38709677419355,3,2,0.001287457998842001
monk1-train,complete,DL8.5,82.25806451612904,82.25806451612904,7,4,0.003276087998528965
monk1-train,complete,DL8.5,91.12903225806451,91.12903225806451,11,6,0.022108074999778182
monk1-train,complete,DL8.5,97.58064516129032,97.58064516129032,19,10,0.11169648700160906
monk1-train,complete,DL8.5,100.0,100.0,21,11,0.10516139699939231
monk1-train,complete,DL8.5,100.0,100.0,21,11,0.25740419500107237
monk1-train,complete,GOSDT,50.0,50.0,1,1,0.08306420900044031
monk1-train,complete,GOSDT,73.38709677419355,73.38709677419355,3,2,0.0616621760000271
monk1-train,complete,GOSDT,73.38709677419355,73.38709677419355,3,2,0.16293310199944244
monk1-train,complete,GOSDT,73.38709677419355,73.38709677419355,3,2,0.07918252400122583
monk1-train,complete,GOSDT,73.38709677419355,73.38709677419355,3,2,0.059123008000824484
monk1-train,complete,GOSDT,73.38709677419355,73.38709677419355,3,2,0.1820491510006832
monk1-train,complete,GOSDT,73.38709677419355,73.38709677419355,3,2,0.18546872699880623
monk1-train,complete,GOSDT,91.12903225806451,91.12903225806451,9,5,0.20312427600038063
monk1-train,complete,GOSDT,91.12903225806451,91.12903225806451,9,5,0.18252207099976658
monk1-train,complete,GOSDT,91.12903225806451,91.12903225806451,9,5,0.14070859899948118
monk1-train,complete,GOSDT,100.0,100.0,15,8,0.24575071500112244
monk1-train,complete,GOSDT,100.0,100.0,15,8,0.47860866600058216
monk1-train,complete,GOSDT,100.0,100.0,15,8,0.3502016630009166
monk1-train,complete,GOSDT,100.0,100.0,15,8,0.406833719000133
monk1-train,complete,GOSDT,100.0,100.0,15,8,0.37193630100045993
monk1-train,complete,GOSDT,100.0,100.0,15,8,0.38718428700121876
monk1-train,complete,GOSDT,100.0,100.0,15,8,0.43750850099968375
monk1-train,complete,GOSDT,100.0,100.0,15,8,0.4503757599995879
monk1-train,complete,GOSDT,100.0,100.0,15,8,0.45205802700002096
monk1-train,complete,GOSDT,100.0,100.0,15,8,0.4060671530005493
monk1-train,complete,GOSDT,100.0,100.0,15,8,0.43089861999942514
monk2-train,complete,CART,62.1301775147929,62.1301775147929,3,2,0.0021732459990744246
monk2-train,complete,CART,63.905325443786985,63.905325443786985,7,4,0.003329770999698667
monk2-train,complete,CART,67.45562130177515,67.45562130177515,15,8,0.0015748820005683228
monk2-train,complete,CART,72.18934911242604,72.18934911242604,31,16,0.0034565799996926216
monk2-train,complete,CART,82.24852071005917,82.24852071005917,53,27,0.0020835560007981258
monk2-train,complete,CART,90.53254437869822,90.53254437869822,75,38,0.0028099129995098338
monk2-train,complete,BinOCT,62.1301775147929,62.1301775147929,3,2,0.22304672499922162
monk2-train,complete,BinOCT,66.27218934911244,66.27218934911244,7,4,5.254490909999731
monk2-train,complete,DL8.5,66.27218934911244,66.27218934911244,7,4,0.018399808999999934
monk2-train,complete,DL8.5,75.7396449704142,75.7396449704142,13,7,0.08453313800000006
monk2-train,complete,DL8.5,81.65680473372781,81.65680473372781,29,15,0.29508671899999994
monk2-train,complete,DL8.5,91.71597633136095,91.71597633136095,55,28,1.353807289
monk2-train,complete,DL8.5,100.0,100.0,79,40,2.7262079
monk2-train,complete,GOSDT,62.1301775147929,62.1301775147929,1,1,0.12031197699980112
monk2-train,complete,GOSDT,62.1301775147929,62.1301775147929,1,1,0.10494686399761122
monk2-train,complete,GOSDT,62.1301775147929,62.1301775147929,1,1,0.1273948880007083
monk2-train,complete,GOSDT,62.1301775147929,62.1301775147929,1,1,0.15824507800061838
monk2-train,complete,GOSDT,62.1301775147929,62.1301775147929,1,1,0.19003330700070364
monk2-train,complete,GOSDT,62.1301775147929,62.1301775147929,1,1,0.6299053620023187
monk2-train,complete,GOSDT,62.1301775147929,62.1301775147929,1,1,0.3488572920032311
monk2-train,complete,GOSDT,62.1301775147929,62.1301775147929,1,1,0.14542891800010693
monk2-train,complete,GOSDT,62.1301775147929,62.1301775147929,1,1,0.1478814610018162
monk2-train,complete,GOSDT,62.1301775147929,62.1301775147929,1,1,0.15924051199908718
monk2-train,complete,GOSDT,78.10650887573965,78.10650887573965,13,7,0.24247844300043653
monk2-train,complete,GOSDT,93.49112426035504,93.49112426035504,39,20,0.7396529379984713
monk2-train,complete,GOSDT,93.49112426035504,93.49112426035504,39,20,0.889944567999919
monk2-train,complete,GOSDT,95.26627218934911,95.26627218934911,43,22,0.7575236660013616
monk2-train,complete,GOSDT,95.26627218934911,95.26627218934911,43,22,1.6113968729987391
monk2-train,complete,GOSDT,95.26627218934911,95.26627218934911,43,22,0.9914909409999382
monk2-train,complete,GOSDT,98.22485207100591,98.22485207100591,53,27,1.314397733000078
monk2-train,complete,GOSDT,98.22485207100591,98.22485207100591,53,27,1.2684572569996817
monk2-train,complete,GOSDT,98.22485207100591,98.22485207100591,53,27,1.1355508509986976
monk2-train,complete,GOSDT,100.0,100.0,65,33,1.162264979997417
monk2-train,complete,GOSDT,100.0,100.0,65,33,1.5806738860010228
monk3-train,complete,CART,67.21311475409836,67.21311475409836,3,2,0.01580509300038102
monk3-train,complete,CART,77.8688524590164,77.8688524590164,7,4,0.001637335997656919
monk3-train,complete,CART,78.68852459016394,78.68852459016394,13,7,0.008881991998350713
monk3-train,complete,CART,91.80327868852459,91.80327868852459,21,11,0.009615607999876374
monk3-train,complete,CART,95.90163934426229,95.90163934426229,29,15,0.0017544639995321631
monk3-train,complete,CART,97.54098360655738,97.54098360655738,35,18,0.00166360300136148
monk3-train,complete,BinOCT,67.21311475409836,67.21311475409836,3,2,0.6537997479972546
monk3-train,complete,BinOCT,77.8688524590164,77.8688524590164,7,4,3.533964581998589
monk3-train,complete,DL8.5,67.21311475409836,67.21311475409836,3,2,0.0061321399989537895
monk3-train,complete,DL8.5,67.21311475409836,67.21311475409836,3,2,0.0012770269968314096
monk3-train,complete,DL8.5,77.8688524590164,77.8688524590164,5,3,0.0027577580003708135
monk3-train,complete,DL8.5,86.0655737704918,86.0655737704918,13,7,0.02851655799895525
monk3-train,complete,DL8.5,93.44262295081968,93.44262295081968,27,14,0.2224741720019665
monk3-train,complete,DL8.5,100.0,100.0,45,23,0.730160920000344
monk3-train,complete,DL8.5,100.0,100.0,45,23,1.010559459002252
monk3-train,complete,GOSDT,50.81967213114754,50.81967213114754,1,1,0.06953267800054164
monk3-train,complete,GOSDT,50.81967213114754,50.81967213114754,1,1,0.05499003899967647
monk3-train,complete,GOSDT,77.8688524590164,77.8688524590164,5,3,0.14255992899779812
monk3-train,complete,GOSDT,77.8688524590164,77.8688524590164,5,3,0.19492999000067357
monk3-train,complete,GOSDT,77.8688524590164,77.8688524590164,5,3,0.06958474799830583
monk3-train,complete,GOSDT,77.8688524590164,77.8688524590164,5,3,0.17753997500039986
monk3-train,complete,GOSDT,77.8688524590164,77.8688524590164,5,3,0.13261088099898188
monk3-train,complete,GOSDT,77.8688524590164,77.8688524590164,5,3,0.2027123309999297
monk3-train,complete,GOSDT,77.8688524590164,77.8688524590164,5,3,0.27366087800328387
monk3-train,complete,GOSDT,87.70491803278688,87.70491803278688,11,6,0.14981182499832357
monk3-train,complete,GOSDT,87.70491803278688,87.70491803278688,11,6,0.2152214229972742
monk3-train,complete,GOSDT,93.44262295081968,93.44262295081968,17,9,0.285303433000081
monk3-train,complete,GOSDT,93.44262295081968,93.44262295081968,17,9,0.2870805519996793
monk3-train,complete,GOSDT,97.54098360655738,97.54098360655738,27,14,0.4150687459987239
monk3-train,complete,GOSDT,97.54098360655738,97.54098360655738,27,14,0.411381687001267
monk3-train,complete,GOSDT,97.54098360655738,97.54098360655738,27,14,0.4103340299989213
monk3-train,complete,GOSDT,97.54098360655738,97.54098360655738,27,14,0.4202764580004441
monk3-train,complete,GOSDT,100.0,100.0,39,20,0.41352144299889915
monk3-train,complete,GOSDT,100.0,100.0,39,20,0.3995750659996702
monk3-train,complete,GOSDT,100.0,100.0,39,20,0.40685607599880314
monk3-train,complete,GOSDT,100.0,100.0,39,20,0.43180966100044316
tic-tac-toe,complete,CART,69.93736951983298,69.93736951983298,3,2,0.004787026999110822
tic-tac-toe,complete,CART,70.56367432150313,70.56367432150313,7,4,0.010799379997479264
tic-tac-toe,complete,CART,75.36534446764091,75.36534446764091,15,8,0.003632201001892099
tic-tac-toe,complete,CART,84.34237995824635,84.34237995824635,27,14,0.005556919000810012
tic-tac-toe,complete,CART,91.54488517745303,91.54488517745303,43,22,0.00252468799953931
tic-tac-toe,complete,CART,95.09394572025052,95.09394572025052,67,34,0.0026507710026635323
tic-tac-toe,complete,BinOCT,69.93736951983298,69.93736951983298,3,2,0.9806827489992429
tic-tac-toe,complete,BinOCT,70.56367432150313,70.56367432150313,7,4,31.583472485999664
tic-tac-toe,complete,DL8.5,69.93736951983298,69.93736951983298,3,2,0.0029916439998487476
tic-tac-toe,complete,DL8.5,69.93736951983298,69.93736951983298,3,2,0.007691717997658998
tic-tac-toe,complete,DL8.5,70.56367432150313,70.56367432150313,5,3,0.015417178998177405
tic-tac-toe,complete,DL8.5,77.45302713987473,77.45302713987473,13,7,0.3949522180009808
tic-tac-toe,complete,DL8.5,85.69937369519833,85.69937369519833,29,15,4.997540858999855
tic-tac-toe,complete,DL8.5,93.42379958246346,93.42379958246346,49,25,47.18175700500069
tic-tac-toe,complete,DL8.5,98.74739039665971,98.74739039665971,85,43,869.0505617099989
tic-tac-toe,complete,GOSDT,65.34446764091858,65.34446764091858,1,1,0.38897584700316656
tic-tac-toe,complete,GOSDT,65.34446764091858,65.34446764091858,1,1,0.22792442299760296
tic-tac-toe,complete,GOSDT,65.34446764091858,65.34446764091858,1,1,0.4164633500004129
tic-tac-toe,complete,GOSDT,65.34446764091858,65.34446764091858,1,1,0.22321538600226631
tic-tac-toe,complete,GOSDT,65.34446764091858,65.34446764091858,1,1,0.4220136090007145
tic-tac-toe,complete,GOSDT,65.34446764091858,65.34446764091858,1,1,0.32111428800271824
tic-tac-toe,complete,GOSDT,65.34446764091858,65.34446764091858,1,1,0.5318226759991376
tic-tac-toe,complete,GOSDT,65.34446764091858,65.34446764091858,1,1,1.0024424959992757
tic-tac-toe,complete,GOSDT,69.93736951983298,69.93736951983298,3,2,1.6382334110021475
tic-tac-toe,complete,GOSDT,69.93736951983298,69.93736951983298,3,2,3.1445296139972925
tic-tac-toe,complete,GOSDT,80.1670146137787,80.1670146137787,11,6,10.743960998002876
tic-tac-toe,complete,GOSDT,83.92484342379957,83.92484342379957,17,9,26.80756037700121
