dataset,optimization,sample_size,training_accuracy(%),leaves,maximum_regularization,duration(s),source
adult,CART,10,0.9,3,0.16666666666666666,0.0020743069999866748,[ $car \eq crossover$ [ $destination \eq Home$ [ $class$ [ $1$ ] ] [ $class$ [ $0$ ] ] ] [ $class$ [ $0$ ] ] ]
adult,BinOCT,10,1.0,4,0.125,0.6133533070000112,[ $passanger \eq Friend(s)$ [ $coupon \eq Bar$ [ $class$ [ $1$ ] ] [ $class$ [ $0$ ] ] ] [ $CoffeeHouse \eq less1$ [ $class$ [ $0$ ] ] [ $class$ [ $1$ ] ] ] ]
adult,DL8.5,10,1.0,4,0.125,0.023304247999988092,[ $coupon \eq Coffee House$ [ $time \eq 10AM$ [ $class$ [ $0$ ] ] [ $class$ [ $1$ ] ] ] [ $Childrennumber \eq 0$ [ $class$ [ $1$ ] ] [ $class$ [ $0$ ] ] ] ]
adult,OSDT,10,0.8,2,0.25,0.10617117999998982,[ $car \eq crossover$ [ $class$ [ $1$ ] ] [ $class$ [ $0$ ] ] ]
adult,GOSDT,10,0.8,2,0.25,0.05430767300003936,[ $coupon \eq Bar$ [ $class$ [ $0$ ] ] [ $class$ [ $1$ ] ] ]
adult,CART,20,0.85,3,0.16666666666666666,0.007459882999967249,[ $occupation \eq Computer & Mathematical$ [ $coupon \eq Restaurant(<20)$ [ $class$ [ $0$ ] ] [ $class$ [ $1$ ] ] ] [ $class$ [ $1$ ] ] ]
adult,BinOCT,20,0.95,4,0.125,5.068000486000017,[ $occupation \eq Office & Administrative Support$ [ $car \eq crossover$ [ $class$ [ $1$ ] ] [ $class$ [ $0$ ] ] ] [ $coupon \eq Coffee House$ [ $class$ [ $1$ ] ] [ $class$ [ $0$ ] ] ] ]
adult,DL8.5,20,0.95,4,0.125,0.020269477999988794,[ $coupon \eq Coffee House$ [ $occupation \eq Office & Administrative Support$ [ $class$ [ $0$ ] ] [ $class$ [ $1$ ] ] ] [ $occupation \eq Legal$ [ $class$ [ $0$ ] ] [ $class$ [ $1$ ] ] ] ]
adult,OSDT,20,0.75,1,0,0.022922579000010046,[ $class$ [ $1$ ] ]
adult,GOSDT,20,0.75,1,0,0.05290961499997593,[ $class$ [ $1$ ] ]
adult,CART,30,0.8666666666666667,4,0.125,0.0091504319999558,[ $CoffeeHouse \eq less1$ [ $time \eq 2PM$ [ $class$ [ $0$ ] ] [ $class$ [ $1$ ] ] ] [ $destination \eq Home$ [ $class$ [ $1$ ] ] [ $class$ [ $0$ ] ] ] ]
adult,BinOCT,30,0.8666666666666667,4,0.125,4.1448537300000226,[ $CoffeeHouse \eq less1$ [ $time \eq 2PM$ [ $class$ [ $0$ ] ] [ $class$ [ $1$ ] ] ] [ $map \eq CBA1$ [ $class$ [ $1$ ] ] [ $class$ [ $0$ ] ] ] ]
adult,DL8.5,30,0.8666666666666667,4,0.125,0.008978215000013279,[ $CoffeeHouse \eq less1$ [ $map \eq CBA1$ [ $class$ [ $0$ ] ] [ $class$ [ $1$ ] ] ] [ $time \eq 2PM$ [ $class$ [ $1$ ] ] [ $class$ [ $0$ ] ] ] ]
adult,OSDT,30,0.4666666666666667,3,0.16666666666666666,0.8076831660000039,[ $coupon \eq Carry out & Take away$ [ $class$ [ $1$ ] ] [ $coupon \eq Coffee House$ [ $class$ [ $1$ ] ] [ $class$ [ $0$ ] ] ] ]
adult,GOSDT,30,0.8333333333333334,3,0.16666666666666666,2.249600667999971,[ $time \eq 2PM$ [ $class$ [ $1$ ] ] [ $CoffeeHouse \eq less1$ [ $class$ [ $1$ ] ] [ $class$ [ $0$ ] ] ] ]
adult,CART,40,0.75,4,0.125,0.008525890999976582,[ $coupon \eq Bar$ [ $temperature \eq 55$ [ $class$ [ $0$ ] ] [ $class$ [ $1$ ] ] ] [ $time \eq 10AM$ [ $class$ [ $0$ ] ] [ $class$ [ $1$ ] ] ] ]
adult,BinOCT,40,0.8,4,0.125,15.189747108000006,[ $temperature \eq 55$ [ $occupation \eq Computer & Mathematical$ [ $class$ [ $0$ ] ] [ $class$ [ $1$ ] ] ] [ $coupon \eq Bar$ [ $class$ [ $1$ ] ] [ $class$ [ $0$ ] ] ] ]
adult,DL8.5,40,0.8,4,0.125,0.0450055669999756,[ $temperature \eq 55$ [ $coupon \eq Bar$ [ $class$ [ $0$ ] ] [ $class$ [ $1$ ] ] ] [ $occupation \eq Computer & Mathematical$ [ $class$ [ $1$ ] ] [ $class$ [ $0$ ] ] ] ]
adult,OSDT,40,0.55,1,0,0.8189231289999839,[ $class$ [ $1$ ] ]
adult,GOSDT,40,0.55,1,0,7.774906534000024,[ $class$ [ $1$ ] ]
adult,CART,50,0.82,4,0.125,0.006815114999994876,[ $CoffeeHouse \eq less1$ [ $map \eq NAC1$ [ $class$ [ $0$ ] ] [ $class$ [ $1$ ] ] ] [ $destination \eq Home$ [ $class$ [ $1$ ] ] [ $class$ [ $0$ ] ] ] ]
adult,BinOCT,50,0.82,4,0.125,8.911956519,[ $toCoupon_GEQ15min \eq 0$ [ $CoffeeHouse \eq less1$ [ $class$ [ $0$ ] ] [ $class$ [ $1$ ] ] ] [ $destination \eq Home$ [ $class$ [ $1$ ] ] [ $class$ [ $0$ ] ] ] ]
adult,DL8.5,50,0.82,4,0.125,0.020897678999972413,[ $CoffeeHouse \eq less1$ [ $destination \eq Home$ [ $class$ [ $0$ ] ] [ $class$ [ $1$ ] ] ] [ $map \eq NAC1$ [ $class$ [ $1$ ] ] [ $class$ [ $0$ ] ] ] ]
adult,OSDT,50,0.52,2,0.25,0.8052626730000156,[ $coupon \eq Carry out & Take away$ [ $class$ [ $1$ ] ] [ $class$ [ $0$ ] ] ]
adult,GOSDT,50,0.68,2,0.25,7.429758543999981,[ $CoffeeHouse \eq less1$ [ $class$ [ $1$ ] ] [ $class$ [ $0$ ] ] ]
adult,CART,60,0.7833333333333333,4,0.125,0.007480021999981545,[ $occupation \eq Computer & Mathematical$ [ $time \eq 10AM$ [ $class$ [ $0$ ] ] [ $class$ [ $0$ ] ] ] [ $coupon \eq Bar$ [ $class$ [ $1$ ] ] [ $class$ [ $0$ ] ] ] ]
adult,BinOCT,60,0.8166666666666667,4,0.125,12.258426547999989,[ $coupon \eq Bar$ [ $occupation \eq Computer & Mathematical$ [ $class$ [ $0$ ] ] [ $class$ [ $1$ ] ] ] [ $car \eq do not drive$ [ $class$ [ $0$ ] ] [ $class$ [ $1$ ] ] ] ]
adult,DL8.5,60,0.8166666666666667,4,0.125,0.0365794549999805,[ $coupon \eq Bar$ [ $occupation \eq Office & Administrative Support$ [ $class$ [ $1$ ] ] [ $class$ [ $0$ ] ] ] [ $occupation \eq Computer & Mathematical$ [ $class$ [ $1$ ] ] [ $class$ [ $0$ ] ] ] ]
adult,OSDT,60,0.5166666666666667,2,0.25,0.7743634340000085,[ $coupon \eq Carry out & Take away$ [ $class$ [ $1$ ] ] [ $class$ [ $0$ ] ] ]
adult,GOSDT,60,0.7,2,0.25,4.780557949000013,[ $occupation \eq Computer & Mathematical$ [ $class$ [ $1$ ] ] [ $class$ [ $0$ ] ] ]
adult,CART,70,0.6571428571428571,4,0.125,0.0019885149999936402,[ $occupation \eq Computer & Mathematical$ [ $passanger \eq Kid(s)$ [ $class$ [ $0$ ] ] [ $class$ [ $0$ ] ] ] [ $destination \eq Home$ [ $class$ [ $1$ ] ] [ $class$ [ $0$ ] ] ] ]
adult,BinOCT,70,0.7428571428571429,4,0.125,24.222801187000016,[ $coupon \eq Coffee House$ [ $CoffeeHouse \eq less1$ [ $class$ [ $0$ ] ] [ $class$ [ $1$ ] ] ] [ $Restaurant20To50 \eq less1$ [ $class$ [ $0$ ] ] [ $class$ [ $1$ ] ] ] ]
adult,DL8.5,70,0.7428571428571429,4,0.125,0.023377706000019316,[ $coupon \eq Coffee House$ [ $Restaurant20To50 \eq less1$ [ $class$ [ $1$ ] ] [ $class$ [ $0$ ] ] ] [ $occupation \eq Legal$ [ $class$ [ $0$ ] ] [ $class$ [ $1$ ] ] ] ]
adult,OSDT,70,0.5571428571428572,1,0,0.5459627590000196,[ $class$ [ $1$ ] ]
adult,GOSDT,70,0.5571428571428572,1,0,6.311818109000001,[ $class$ [ $1$ ] ]
adult,CART,80,0.7125,4,0.125,0.002578867000011087,[ $coupon \eq Bar$ [ $occupation \eq Computer & Mathematical$ [ $class$ [ $0$ ] ] [ $class$ [ $1$ ] ] ] [ $passanger \eq Friend(s)$ [ $class$ [ $0$ ] ] [ $class$ [ $1$ ] ] ] ]
adult,BinOCT,80,0.75,4,0.125,25.150720263999972,[ $passanger \eq Alone$ [ $occupation \eq Legal$ [ $class$ [ $1$ ] ] [ $class$ [ $0$ ] ] ] [ $coupon \eq Bar$ [ $class$ [ $1$ ] ] [ $class$ [ $0$ ] ] ] ]
adult,DL8.5,80,0.75,4,0.125,0.013271260999999868,[ $passanger \eq Alone$ [ $coupon \eq Bar$ [ $class$ [ $0$ ] ] [ $class$ [ $1$ ] ] ] [ $occupation \eq Legal$ [ $class$ [ $0$ ] ] [ $class$ [ $1$ ] ] ] ]
adult,OSDT,80,0.575,1,0,0.42886362699999836,[ $class$ [ $1$ ] ]
adult,GOSDT,80,0.575,1,0,5.3774649549999936,[ $class$ [ $1$ ] ]
adult,CART,90,0.7111111111111111,4,0.125,0.006234977000019626,[ $occupation \eq Computer & Mathematical$ [ $map \eq BAC2$ [ $class$ [ $0$ ] ] [ $class$ [ $0$ ] ] ] [ $coupon \eq Bar$ [ $class$ [ $1$ ] ] [ $class$ [ $0$ ] ] ] ]
adult,BinOCT,90,0.7444444444444445,4,0.125,43.716350955999985,[ $occupation \eq Computer & Mathematical$ [ $time \eq 2PM$ [ $class$ [ $0$ ] ] [ $class$ [ $1$ ] ] ] [ $coupon \eq Bar$ [ $class$ [ $1$ ] ] [ $class$ [ $0$ ] ] ] ]
adult,DL8.5,90,0.7444444444444445,4,0.125,0.012075583000012102,[ $occupation \eq Computer & Mathematical$ [ $coupon \eq Bar$ [ $class$ [ $0$ ] ] [ $class$ [ $1$ ] ] ] [ $time \eq 2PM$ [ $class$ [ $1$ ] ] [ $class$ [ $0$ ] ] ] ]
adult,OSDT,90,0.5444444444444444,1,0,1.2762217850000184,[ $class$ [ $1$ ] ]
adult,GOSDT,90,0.5444444444444444,1,0,11.570461297999998,[ $class$ [ $1$ ] ]
adult,CART,100,0.68,4,0.125,0.0037158559999852514,[ $occupation \eq Computer & Mathematical$ [ $passanger \eq Kid(s)$ [ $class$ [ $0$ ] ] [ $class$ [ $0$ ] ] ] [ $coupon \eq Bar$ [ $class$ [ $1$ ] ] [ $class$ [ $0$ ] ] ] ]
adult,BinOCT,100,0.73,4,0.125,43.71368069699997,[ $occupation \eq Office & Administrative Support$ [ $coupon \eq Bar$ [ $class$ [ $1$ ] ] [ $class$ [ $0$ ] ] ] [ $coupon \eq Coffee House$ [ $class$ [ $1$ ] ] [ $class$ [ $0$ ] ] ] ]
adult,DL8.5,100,0.73,4,0.125,0.018658057000038752,[ $occupation \eq Office & Administrative Support$ [ $coupon \eq Coffee House$ [ $class$ [ $0$ ] ] [ $class$ [ $1$ ] ] ] [ $coupon \eq Bar$ [ $class$ [ $0$ ] ] [ $class$ [ $1$ ] ] ] ]
adult,OSDT,100,0.57,1,0,2.093418419000045,[ $class$ [ $1$ ] ]
adult,GOSDT,100,0.57,1,0,6.768948703999968,[ $class$ [ $1$ ] ]
