fold_index,samples,features,binary_features,time,depth,leaves,nodes,training,test,tex
NA,135,123,5,0.0024305637925863266,2,2,3,72.5925925925926,73.33333333333333,[ $sepal_length \ge 4.65 \eq 1$ [ $class$ [ $1$ ] ] [ $class$ [ $0$ ] ] ]
NA,135,123,6,0.0023154527880251408,2,2,3,74.07407407407408,73.33333333333333,[ $sepal_length \ge 4.75 \eq 0$ [ $class$ [ $0$ ] ] [ $class$ [ $1$ ] ] ]
NA,135,123,7,0.0024401196278631687,2,2,3,77.77777777777779,73.33333333333333,[ $sepal_length \ge 4.85 \eq 1$ [ $class$ [ $1$ ] ] [ $class$ [ $0$ ] ] ]
NA,135,123,8,0.0023223520256578922,3,3,5,78.51851851851852,80.0,[ $sepal_length \ge 4.95 \eq 1$ [ $sepal_length \ge 4.85 \eq 0$ [ $class$ [ $1$ ] ] [ $class$ [ $1$ ] ] ] [ $class$ [ $0$ ] ] ]
NA,135,123,9,0.0024241572245955467,4,4,7,82.96296296296296,80.0,[ $sepal_length \ge 5.05 \eq 0$ [ $class$ [ $0$ ] ] [ $sepal_length \ge 4.85 \eq 0$ [ $sepal_length \ge 4.95 \eq 0$ [ $class$ [ $1$ ] ] [ $class$ [ $1$ ] ] ] [ $class$ [ $1$ ] ] ] ]
NA,135,123,10,0.004146136809140444,5,5,9,86.66666666666667,93.33333333333333,[ $sepal_length \ge 5.15 \eq 1$ [ $sepal_length \ge 4.85 \eq 0$ [ $sepal_length \ge 4.95 \eq 0$ [ $sepal_length \ge 5.05 \eq 0$ [ $class$ [ $1$ ] ] [ $class$ [ $1$ ] ] ] [ $class$ [ $1$ ] ] ] [ $class$ [ $1$ ] ] ] [ $class$ [ $0$ ] ] ]
NA,135,123,11,0.00238351384177804,6,6,11,88.14814814814815,93.33333333333333,[ $sepal_length \ge 5.25 \eq 1$ [ $sepal_length \ge 4.85 \eq 0$ [ $sepal_length \ge 4.95 \eq 0$ [ $sepal_length \ge 5.15 \eq 0$ [ $class$ [ $1$ ] ] [ $sepal_length \ge 5.05 \eq 0$ [ $class$ [ $1$ ] ] [ $class$ [ $1$ ] ] ] ] [ $class$ [ $1$ ] ] ] [ $class$ [ $1$ ] ] ] [ $class$ [ $0$ ] ] ]
NA,135,123,12,0.00242668017745018,6,6,11,88.88888888888889,93.33333333333333,[ $sepal_length \ge 5.35 \eq 1$ [ $sepal_length \ge 4.85 \eq 1$ [ $class$ [ $1$ ] ] [ $sepal_length \ge 4.95 \eq 1$ [ $class$ [ $1$ ] ] [ $sepal_length \ge 5.25 \eq 1$ [ $sepal_length \ge 5.15 \eq 0$ [ $class$ [ $1$ ] ] [ $class$ [ $1$ ] ] ] [ $class$ [ $1$ ] ] ] ] ] [ $class$ [ $0$ ] ] ]
NA,135,123,13,0.002502086106687784,6,7,13,91.85185185185185,93.33333333333333,[ $sepal_length \ge 5.45 \eq 0$ [ $class$ [ $0$ ] ] [ $sepal_length \ge 4.85 \eq 0$ [ $sepal_length \ge 4.95 \eq 1$ [ $class$ [ $1$ ] ] [ $sepal_length \ge 5.25 \eq 1$ [ $sepal_length \ge 5.15 \eq 0$ [ $class$ [ $1$ ] ] [ $class$ [ $1$ ] ] ] [ $sepal_length \ge 5.35 \eq 1$ [ $class$ [ $1$ ] ] [ $class$ [ $1$ ] ] ] ] ] [ $class$ [ $1$ ] ] ] ]
NA,135,123,14,0.0024801096878945827,6,8,15,91.85185185185185,93.33333333333333,[ $sepal_length \ge 5.45 \eq 0$ [ $sepal_length \ge 5.55 \eq 0$ [ $class$ [ $0$ ] ] [ $class$ [ $0$ ] ] ] [ $sepal_length \ge 4.85 \eq 1$ [ $class$ [ $1$ ] ] [ $sepal_length \ge 4.95 \eq 0$ [ $sepal_length \ge 5.25 \eq 0$ [ $sepal_length \ge 5.35 \eq 1$ [ $class$ [ $1$ ] ] [ $class$ [ $1$ ] ] ] [ $sepal_length \ge 5.15 \eq 0$ [ $class$ [ $1$ ] ] [ $class$ [ $1$ ] ] ] ] [ $class$ [ $1$ ] ] ] ] ]
NA,135,123,15,0.002580869011580944,6,9,17,91.85185185185185,93.33333333333333,[ $sepal_length \ge 5.45 \eq 0$ [ $sepal_length \ge 5.55 \eq 1$ [ $class$ [ $0$ ] ] [ $sepal_length \ge 5.65 \eq 0$ [ $class$ [ $0$ ] ] [ $class$ [ $0$ ] ] ] ] [ $sepal_length \ge 4.85 \eq 1$ [ $class$ [ $1$ ] ] [ $sepal_length \ge 4.95 \eq 0$ [ $sepal_length \ge 5.25 \eq 1$ [ $sepal_length \ge 5.15 \eq 1$ [ $class$ [ $1$ ] ] [ $class$ [ $1$ ] ] ] [ $sepal_length \ge 5.35 \eq 1$ [ $class$ [ $1$ ] ] [ $class$ [ $1$ ] ] ] ] [ $class$ [ $1$ ] ] ] ] ]
NA,135,123,16,0.002590926829725504,6,10,19,91.85185185185185,93.33333333333333,[ $sepal_length \ge 5.45 \eq 0$ [ $sepal_length \ge 5.75 \eq 1$ [ $sepal_length \ge 5.65 \eq 1$ [ $sepal_length \ge 5.55 \eq 1$ [ $class$ [ $0$ ] ] [ $class$ [ $0$ ] ] ] [ $class$ [ $0$ ] ] ] [ $class$ [ $0$ ] ] ] [ $sepal_length \ge 4.85 \eq 1$ [ $class$ [ $1$ ] ] [ $sepal_length \ge 4.95 \eq 1$ [ $class$ [ $1$ ] ] [ $sepal_length \ge 5.25 \eq 1$ [ $sepal_length \ge 5.15 \eq 0$ [ $class$ [ $1$ ] ] [ $class$ [ $1$ ] ] ] [ $sepal_length \ge 5.35 \eq 0$ [ $class$ [ $1$ ] ] [ $class$ [ $1$ ] ] ] ] ] ] ]
NA,135,123,17,0.0025237202644348145,6,11,21,91.85185185185185,93.33333333333333,[ $sepal_length \ge 5.45 \eq 1$ [ $sepal_length \ge 4.85 \eq 0$ [ $sepal_length \ge 4.95 \eq 1$ [ $class$ [ $1$ ] ] [ $sepal_length \ge 5.25 \eq 1$ [ $sepal_length \ge 5.15 \eq 1$ [ $class$ [ $1$ ] ] [ $class$ [ $1$ ] ] ] [ $sepal_length \ge 5.35 \eq 1$ [ $class$ [ $1$ ] ] [ $class$ [ $1$ ] ] ] ] ] [ $class$ [ $1$ ] ] ] [ $sepal_length \ge 5.85 \eq 1$ [ $sepal_length \ge 5.65 \eq 0$ [ $sepal_length \ge 5.75 \eq 1$ [ $class$ [ $0$ ] ] [ $class$ [ $0$ ] ] ] [ $sepal_length \ge 5.55 \eq 1$ [ $class$ [ $0$ ] ] [ $class$ [ $0$ ] ] ] ] [ $class$ [ $0$ ] ] ] ]
NA,135,123,18,0.0025546629913151264,6,11,21,91.85185185185185,93.33333333333333,[ $sepal_length \ge 5.45 \eq 0$ [ $sepal_length \ge 5.85 \eq 1$ [ $sepal_length \ge 5.65 \eq 0$ [ $sepal_length \ge 5.75 \eq 0$ [ $class$ [ $0$ ] ] [ $class$ [ $0$ ] ] ] [ $sepal_length \ge 5.55 \eq 1$ [ $class$ [ $0$ ] ] [ $class$ [ $0$ ] ] ] ] [ $class$ [ $0$ ] ] ] [ $sepal_length \ge 4.85 \eq 0$ [ $sepal_length \ge 4.95 \eq 1$ [ $class$ [ $1$ ] ] [ $sepal_length \ge 5.25 \eq 0$ [ $sepal_length \ge 5.35 \eq 0$ [ $class$ [ $1$ ] ] [ $class$ [ $1$ ] ] ] [ $sepal_length \ge 5.15 \eq 0$ [ $class$ [ $1$ ] ] [ $class$ [ $1$ ] ] ] ] ] [ $class$ [ $1$ ] ] ] ]
NA,135,123,19,0.002534706611186266,6,11,21,91.85185185185185,93.33333333333333,[ $sepal_length \ge 5.45 \eq 0$ [ $sepal_length \ge 5.85 \eq 1$ [ $sepal_length \ge 5.65 \eq 0$ [ $sepal_length \ge 5.75 \eq 0$ [ $class$ [ $0$ ] ] [ $class$ [ $0$ ] ] ] [ $sepal_length \ge 5.55 \eq 1$ [ $class$ [ $0$ ] ] [ $class$ [ $0$ ] ] ] ] [ $class$ [ $0$ ] ] ] [ $sepal_length \ge 4.85 \eq 1$ [ $class$ [ $1$ ] ] [ $sepal_length \ge 4.95 \eq 1$ [ $class$ [ $1$ ] ] [ $sepal_length \ge 5.25 \eq 0$ [ $sepal_length \ge 5.35 \eq 1$ [ $class$ [ $1$ ] ] [ $class$ [ $1$ ] ] ] [ $sepal_length \ge 5.15 \eq 1$ [ $class$ [ $1$ ] ] [ $class$ [ $1$ ] ] ] ] ] ] ]
NA,135,123,20,0.0026574269868433475,6,11,21,91.85185185185185,93.33333333333333,[ $sepal_length \ge 5.45 \eq 1$ [ $sepal_length \ge 4.85 \eq 1$ [ $class$ [ $1$ ] ] [ $sepal_length \ge 4.95 \eq 1$ [ $class$ [ $1$ ] ] [ $sepal_length \ge 5.25 \eq 1$ [ $sepal_length \ge 5.15 \eq 0$ [ $class$ [ $1$ ] ] [ $class$ [ $1$ ] ] ] [ $sepal_length \ge 5.35 \eq 0$ [ $class$ [ $1$ ] ] [ $class$ [ $1$ ] ] ] ] ] ] [ $sepal_length \ge 5.85 \eq 0$ [ $class$ [ $0$ ] ] [ $sepal_length \ge 5.65 \eq 0$ [ $sepal_length \ge 5.75 \eq 1$ [ $class$ [ $0$ ] ] [ $class$ [ $0$ ] ] ] [ $sepal_length \ge 5.55 \eq 1$ [ $class$ [ $0$ ] ] [ $class$ [ $0$ ] ] ] ] ] ]
NA,135,123,22,0.0027087200433015823,6,11,21,91.85185185185185,93.33333333333333,[ $sepal_length \ge 5.45 \eq 1$ [ $sepal_length \ge 4.85 \eq 0$ [ $sepal_length \ge 4.95 \eq 1$ [ $class$ [ $1$ ] ] [ $sepal_length \ge 5.25 \eq 1$ [ $sepal_length \ge 5.15 \eq 1$ [ $class$ [ $1$ ] ] [ $class$ [ $1$ ] ] ] [ $sepal_length \ge 5.35 \eq 0$ [ $class$ [ $1$ ] ] [ $class$ [ $1$ ] ] ] ] ] [ $class$ [ $1$ ] ] ] [ $sepal_length \ge 5.85 \eq 1$ [ $sepal_length \ge 5.65 \eq 1$ [ $sepal_length \ge 5.55 \eq 1$ [ $class$ [ $0$ ] ] [ $class$ [ $0$ ] ] ] [ $sepal_length \ge 5.75 \eq 1$ [ $class$ [ $0$ ] ] [ $class$ [ $0$ ] ] ] ] [ $class$ [ $0$ ] ] ] ]
NA,135,123,24,0.0026864628307521343,6,11,21,91.85185185185185,93.33333333333333,[ $sepal_length \ge 5.45 \eq 1$ [ $sepal_length \ge 4.85 \eq 0$ [ $sepal_length \ge 4.95 \eq 1$ [ $class$ [ $1$ ] ] [ $sepal_length \ge 5.25 \eq 1$ [ $sepal_length \ge 5.15 \eq 1$ [ $class$ [ $1$ ] ] [ $class$ [ $1$ ] ] ] [ $sepal_length \ge 5.35 \eq 1$ [ $class$ [ $1$ ] ] [ $class$ [ $1$ ] ] ] ] ] [ $class$ [ $1$ ] ] ] [ $sepal_length \ge 5.85 \eq 0$ [ $class$ [ $0$ ] ] [ $sepal_length \ge 5.65 \eq 0$ [ $sepal_length \ge 5.75 \eq 1$ [ $class$ [ $0$ ] ] [ $class$ [ $0$ ] ] ] [ $sepal_length \ge 5.55 \eq 1$ [ $class$ [ $0$ ] ] [ $class$ [ $0$ ] ] ] ] ] ]
NA,135,123,26,0.002688235603272915,6,11,21,91.85185185185185,93.33333333333333,[ $sepal_length \ge 5.45 \eq 1$ [ $sepal_length \ge 4.85 \eq 1$ [ $class$ [ $1$ ] ] [ $sepal_length \ge 4.95 \eq 0$ [ $sepal_length \ge 5.25 \eq 0$ [ $sepal_length \ge 5.35 \eq 0$ [ $class$ [ $1$ ] ] [ $class$ [ $1$ ] ] ] [ $sepal_length \ge 5.15 \eq 1$ [ $class$ [ $1$ ] ] [ $class$ [ $1$ ] ] ] ] [ $class$ [ $1$ ] ] ] ] [ $sepal_length \ge 5.85 \eq 1$ [ $sepal_length \ge 5.65 \eq 1$ [ $sepal_length \ge 5.55 \eq 0$ [ $class$ [ $0$ ] ] [ $class$ [ $0$ ] ] ] [ $sepal_length \ge 5.75 \eq 0$ [ $class$ [ $0$ ] ] [ $class$ [ $0$ ] ] ] ] [ $class$ [ $0$ ] ] ] ]
NA,135,123,28,0.0026239813305437565,6,11,21,91.85185185185185,93.33333333333333,[ $sepal_length \ge 5.45 \eq 0$ [ $sepal_length \ge 5.85 \eq 0$ [ $class$ [ $0$ ] ] [ $sepal_length \ge 5.65 \eq 1$ [ $sepal_length \ge 5.55 \eq 1$ [ $class$ [ $0$ ] ] [ $class$ [ $0$ ] ] ] [ $sepal_length \ge 5.75 \eq 0$ [ $class$ [ $0$ ] ] [ $class$ [ $0$ ] ] ] ] ] [ $sepal_length \ge 4.85 \eq 1$ [ $class$ [ $1$ ] ] [ $sepal_length \ge 4.95 \eq 1$ [ $class$ [ $1$ ] ] [ $sepal_length \ge 5.25 \eq 1$ [ $sepal_length \ge 5.15 \eq 1$ [ $class$ [ $1$ ] ] [ $class$ [ $1$ ] ] ] [ $sepal_length \ge 5.35 \eq 1$ [ $class$ [ $1$ ] ] [ $class$ [ $1$ ] ] ] ] ] ] ]
NA,135,123,30,0.0026920372620224953,6,11,21,91.85185185185185,93.33333333333333,[ $sepal_length \ge 5.45 \eq 0$ [ $sepal_length \ge 5.85 \eq 0$ [ $class$ [ $0$ ] ] [ $sepal_length \ge 5.65 \eq 1$ [ $sepal_length \ge 5.55 \eq 1$ [ $class$ [ $0$ ] ] [ $class$ [ $0$ ] ] ] [ $sepal_length \ge 5.75 \eq 0$ [ $class$ [ $0$ ] ] [ $class$ [ $0$ ] ] ] ] ] [ $sepal_length \ge 4.85 \eq 1$ [ $class$ [ $1$ ] ] [ $sepal_length \ge 4.95 \eq 0$ [ $sepal_length \ge 5.25 \eq 0$ [ $sepal_length \ge 5.35 \eq 0$ [ $class$ [ $1$ ] ] [ $class$ [ $1$ ] ] ] [ $sepal_length \ge 5.15 \eq 1$ [ $class$ [ $1$ ] ] [ $class$ [ $1$ ] ] ] ] [ $class$ [ $1$ ] ] ] ] ]
NA,135,123,32,0.0026175701059401035,6,11,21,91.85185185185185,93.33333333333333,[ $sepal_length \ge 5.45 \eq 1$ [ $sepal_length \ge 4.85 \eq 0$ [ $sepal_length \ge 4.95 \eq 1$ [ $class$ [ $1$ ] ] [ $sepal_length \ge 5.25 \eq 1$ [ $sepal_length \ge 5.15 \eq 0$ [ $class$ [ $1$ ] ] [ $class$ [ $1$ ] ] ] [ $sepal_length \ge 5.35 \eq 1$ [ $class$ [ $1$ ] ] [ $class$ [ $1$ ] ] ] ] ] [ $class$ [ $1$ ] ] ] [ $sepal_length \ge 5.85 \eq 0$ [ $class$ [ $0$ ] ] [ $sepal_length \ge 5.65 \eq 0$ [ $sepal_length \ge 5.75 \eq 0$ [ $class$ [ $0$ ] ] [ $class$ [ $0$ ] ] ] [ $sepal_length \ge 5.55 \eq 0$ [ $class$ [ $0$ ] ] [ $class$ [ $0$ ] ] ] ] ] ]
NA,135,123,34,0.0026147053577005863,6,11,21,91.85185185185185,93.33333333333333,[ $sepal_length \ge 5.45 \eq 0$ [ $sepal_length \ge 5.85 \eq 0$ [ $class$ [ $0$ ] ] [ $sepal_length \ge 5.65 \eq 0$ [ $sepal_length \ge 5.75 \eq 0$ [ $class$ [ $0$ ] ] [ $class$ [ $0$ ] ] ] [ $sepal_length \ge 5.55 \eq 0$ [ $class$ [ $0$ ] ] [ $class$ [ $0$ ] ] ] ] ] [ $sepal_length \ge 4.85 \eq 0$ [ $sepal_length \ge 4.95 \eq 1$ [ $class$ [ $1$ ] ] [ $sepal_length \ge 5.25 \eq 1$ [ $sepal_length \ge 5.15 \eq 1$ [ $class$ [ $1$ ] ] [ $class$ [ $1$ ] ] ] [ $sepal_length \ge 5.35 \eq 1$ [ $class$ [ $1$ ] ] [ $class$ [ $1$ ] ] ] ] ] [ $class$ [ $1$ ] ] ] ]
NA,135,123,36,0.002670849207788706,6,11,21,91.85185185185185,93.33333333333333,[ $sepal_length \ge 5.45 \eq 1$ [ $sepal_length \ge 4.85 \eq 1$ [ $class$ [ $1$ ] ] [ $sepal_length \ge 4.95 \eq 0$ [ $sepal_length \ge 5.25 \eq 0$ [ $sepal_length \ge 5.35 \eq 0$ [ $class$ [ $1$ ] ] [ $class$ [ $1$ ] ] ] [ $sepal_length \ge 5.15 \eq 0$ [ $class$ [ $1$ ] ] [ $class$ [ $1$ ] ] ] ] [ $class$ [ $1$ ] ] ] ] [ $sepal_length \ge 5.85 \eq 1$ [ $sepal_length \ge 5.65 \eq 0$ [ $sepal_length \ge 5.75 \eq 1$ [ $class$ [ $0$ ] ] [ $class$ [ $0$ ] ] ] [ $sepal_length \ge 5.55 \eq 1$ [ $class$ [ $0$ ] ] [ $class$ [ $0$ ] ] ] ] [ $class$ [ $0$ ] ] ] ]
NA,135,123,38,0.002773488871753216,6,10,19,92.5925925925926,93.33333333333333,[ $sepal_length \ge 5.45 \eq 1$ [ $sepal_width \ge 2.25 \eq 1$ [ $class$ [ $0$ ] ] [ $sepal_length \ge 4.85 \eq 0$ [ $sepal_length \ge 4.95 \eq 0$ [ $sepal_length \ge 5.15 \eq 0$ [ $class$ [ $1$ ] ] [ $class$ [ $1$ ] ] ] [ $class$ [ $1$ ] ] ] [ $class$ [ $1$ ] ] ] ] [ $sepal_length \ge 5.85 \eq 0$ [ $class$ [ $0$ ] ] [ $sepal_length \ge 5.65 \eq 0$ [ $sepal_length \ge 5.75 \eq 0$ [ $class$ [ $0$ ] ] [ $class$ [ $0$ ] ] ] [ $sepal_length \ge 5.55 \eq 0$ [ $class$ [ $0$ ] ] [ $class$ [ $0$ ] ] ] ] ] ]
NA,135,123,40,0.0027998629957437515,6,15,29,94.07407407407408,93.33333333333333,[ $sepal_length \ge 5.45 \eq 1$ [ $sepal_width \ge 2.45 \eq 1$ [ $sepal_length \ge 4.85 \eq 0$ [ $class$ [ $0$ ] ] [ $class$ [ $1$ ] ] ] [ $sepal_length \ge 5.05 \eq 1$ [ $sepal_length \ge 4.85 \eq 0$ [ $sepal_length \ge 4.95 \eq 1$ [ $class$ [ $1$ ] ] [ $class$ [ $1$ ] ] ] [ $class$ [ $1$ ] ] ] [ $sepal_length \ge 5.25 \eq 0$ [ $sepal_length \ge 5.35 \eq 0$ [ $class$ [ $1$ ] ] [ $class$ [ $1$ ] ] ] [ $sepal_length \ge 5.15 \eq 1$ [ $class$ [ $1$ ] ] [ $class$ [ $1$ ] ] ] ] ] ] [ $sepal_length \ge 5.85 \eq 0$ [ $class$ [ $0$ ] ] [ $sepal_length \ge 5.65 \eq 1$ [ $sepal_length \ge 5.55 \eq 1$ [ $sepal_width \ge 2.45 \eq 1$ [ $class$ [ $0$ ] ] [ $class$ [ $0$ ] ] ] [ $class$ [ $0$ ] ] ] [ $sepal_length \ge 5.75 \eq 0$ [ $class$ [ $0$ ] ] [ $class$ [ $0$ ] ] ] ] ] ]
NA,135,123,42,0.002818422857671976,6,11,21,96.29629629629629,100.0,[ $sepal_length \ge 5.45 \eq 0$ [ $sepal_length \ge 5.85 \eq 0$ [ $class$ [ $0$ ] ] [ $sepal_width \ge 2.6500000000000004 \eq 0$ [ $sepal_length \ge 5.55 \eq 0$ [ $sepal_length \ge 5.65 \eq 1$ [ $class$ [ $0$ ] ] [ $class$ [ $0$ ] ] ] [ $class$ [ $1$ ] ] ] [ $class$ [ $0$ ] ] ] ] [ $sepal_width \ge 2.55 \eq 1$ [ $sepal_length \ge 4.65 \eq 1$ [ $class$ [ $1$ ] ] [ $class$ [ $0$ ] ] ] [ $sepal_length \ge 5.15 \eq 0$ [ $sepal_length \ge 5.25 \eq 1$ [ $class$ [ $1$ ] ] [ $sepal_length \ge 5.35 \eq 0$ [ $class$ [ $1$ ] ] [ $class$ [ $1$ ] ] ] ] [ $class$ [ $1$ ] ] ] ] ]
NA,135,123,44,0.0027509070932865143,6,9,17,97.77777777777777,100.0,[ $sepal_length \ge 5.45 \eq 1$ [ $sepal_width \ge 2.75 \eq 0$ [ $sepal_length \ge 5.35 \eq 0$ [ $class$ [ $1$ ] ] [ $class$ [ $1$ ] ] ] [ $sepal_length \ge 4.75 \eq 0$ [ $class$ [ $0$ ] ] [ $class$ [ $1$ ] ] ] ] [ $sepal_length \ge 5.85 \eq 0$ [ $class$ [ $0$ ] ] [ $sepal_width \ge 2.8499999999999996 \eq 0$ [ $sepal_length \ge 5.55 \eq 0$ [ $sepal_length \ge 5.65 \eq 1$ [ $class$ [ $0$ ] ] [ $class$ [ $1$ ] ] ] [ $class$ [ $1$ ] ] ] [ $class$ [ $0$ ] ] ] ] ]
NA,135,123,46,0.002722230739891529,5,8,15,100.0,100.0,[ $sepal_length \ge 5.45 \eq 1$ [ $sepal_width \ge 2.8499999999999996 \eq 1$ [ $sepal_length \ge 4.75 \eq 1$ [ $class$ [ $1$ ] ] [ $class$ [ $0$ ] ] ] [ $sepal_length \ge 5.35 \eq 0$ [ $sepal_width \ge 3.05 \eq 1$ [ $class$ [ $0$ ] ] [ $class$ [ $1$ ] ] ] [ $class$ [ $1$ ] ] ] ] [ $sepal_length \ge 5.85 \eq 0$ [ $class$ [ $0$ ] ] [ $sepal_width \ge 3.05 \eq 0$ [ $class$ [ $1$ ] ] [ $class$ [ $0$ ] ] ] ] ]
NA,135,123,48,0.0026774201542139053,5,8,15,100.0,100.0,[ $sepal_length \ge 5.45 \eq 0$ [ $sepal_width \ge 3.25 \eq 1$ [ $class$ [ $0$ ] ] [ $sepal_length \ge 5.95 \eq 1$ [ $class$ [ $1$ ] ] [ $class$ [ $0$ ] ] ] ] [ $sepal_width \ge 2.8499999999999996 \eq 1$ [ $sepal_length \ge 4.55 \eq 0$ [ $class$ [ $0$ ] ] [ $class$ [ $1$ ] ] ] [ $sepal_length \ge 5.35 \eq 0$ [ $sepal_width \ge 3.05 \eq 1$ [ $class$ [ $0$ ] ] [ $class$ [ $1$ ] ] ] [ $class$ [ $1$ ] ] ] ] ]
NA,135,123,50,0.002838016953319311,5,8,15,100.0,100.0,[ $sepal_length \ge 5.45 \eq 1$ [ $sepal_width \ge 2.75 \eq 1$ [ $sepal_length \ge 4.55 \eq 1$ [ $class$ [ $1$ ] ] [ $class$ [ $0$ ] ] ] [ $sepal_length \ge 5.35 \eq 1$ [ $class$ [ $1$ ] ] [ $sepal_width \ge 3.05 \eq 1$ [ $class$ [ $0$ ] ] [ $class$ [ $1$ ] ] ] ] ] [ $sepal_width \ge 3.45 \eq 0$ [ $sepal_length \ge 6.25 \eq 1$ [ $class$ [ $1$ ] ] [ $class$ [ $0$ ] ] ] [ $class$ [ $0$ ] ] ] ]
NA,135,123,52,0.002746494021266699,5,8,15,100.0,93.33333333333333,[ $sepal_length \ge 5.45 \eq 0$ [ $sepal_width \ge 3.6500000000000004 \eq 1$ [ $class$ [ $0$ ] ] [ $sepal_length \ge 6.15 \eq 0$ [ $class$ [ $0$ ] ] [ $class$ [ $1$ ] ] ] ] [ $sepal_width \ge 2.8499999999999996 \eq 1$ [ $sepal_length \ge 4.85 \eq 1$ [ $class$ [ $1$ ] ] [ $class$ [ $0$ ] ] ] [ $sepal_length \ge 5.35 \eq 0$ [ $sepal_width \ge 3.3499999999999996 \eq 0$ [ $class$ [ $1$ ] ] [ $class$ [ $0$ ] ] ] [ $class$ [ $1$ ] ] ] ] ]
NA,135,123,54,0.002822582144290209,5,8,15,100.0,93.33333333333333,[ $sepal_length \ge 5.45 \eq 1$ [ $sepal_width \ge 2.75 \eq 1$ [ $sepal_length \ge 4.55 \eq 0$ [ $class$ [ $0$ ] ] [ $class$ [ $1$ ] ] ] [ $sepal_length \ge 5.35 \eq 1$ [ $class$ [ $1$ ] ] [ $sepal_width \ge 3.3499999999999996 \eq 1$ [ $class$ [ $0$ ] ] [ $class$ [ $1$ ] ] ] ] ] [ $sepal_width \ge 3.75 \eq 1$ [ $class$ [ $0$ ] ] [ $sepal_length \ge 7.25 \eq 0$ [ $class$ [ $0$ ] ] [ $class$ [ $1$ ] ] ] ] ]
NA,135,123,56,0.0028458768501877785,5,8,15,100.0,93.33333333333333,[ $sepal_length \ge 5.45 \eq 0$ [ $sepal_width \ge 3.6500000000000004 \eq 1$ [ $class$ [ $0$ ] ] [ $sepal_length \ge 6.65 \eq 1$ [ $class$ [ $1$ ] ] [ $class$ [ $0$ ] ] ] ] [ $sepal_width \ge 2.75 \eq 1$ [ $sepal_length \ge 4.65 \eq 1$ [ $class$ [ $1$ ] ] [ $class$ [ $0$ ] ] ] [ $sepal_length \ge 5.35 \eq 0$ [ $sepal_width \ge 3.25 \eq 0$ [ $class$ [ $1$ ] ] [ $class$ [ $0$ ] ] ] [ $class$ [ $1$ ] ] ] ] ]
NA,135,123,58,0.0027071060612797737,5,8,15,100.0,93.33333333333333,[ $sepal_length \ge 5.45 \eq 0$ [ $sepal_width \ge 3.6500000000000004 \eq 0$ [ $sepal_length \ge 7.05 \eq 1$ [ $class$ [ $1$ ] ] [ $class$ [ $0$ ] ] ] [ $class$ [ $0$ ] ] ] [ $sepal_width \ge 2.8499999999999996 \eq 0$ [ $sepal_length \ge 5.35 \eq 0$ [ $sepal_width \ge 3.05 \eq 0$ [ $class$ [ $1$ ] ] [ $class$ [ $0$ ] ] ] [ $class$ [ $1$ ] ] ] [ $sepal_length \ge 4.75 \eq 0$ [ $class$ [ $0$ ] ] [ $class$ [ $1$ ] ] ] ] ]
NA,135,123,60,0.002737223170697689,5,8,15,100.0,93.33333333333333,[ $sepal_length \ge 5.45 \eq 1$ [ $sepal_width \ge 2.75 \eq 0$ [ $sepal_length \ge 5.35 \eq 0$ [ $sepal_width \ge 3.1500000000000004 \eq 0$ [ $class$ [ $1$ ] ] [ $class$ [ $0$ ] ] ] [ $class$ [ $1$ ] ] ] [ $sepal_length \ge 4.65 \eq 1$ [ $class$ [ $1$ ] ] [ $class$ [ $0$ ] ] ] ] [ $sepal_width \ge 3.6500000000000004 \eq 0$ [ $sepal_length \ge 7.65 \eq 1$ [ $class$ [ $1$ ] ] [ $class$ [ $0$ ] ] ] [ $class$ [ $0$ ] ] ] ]
NA,135,123,65,0.0028086649253964424,5,8,15,100.0,93.33333333333333,[ $sepal_length \ge 5.45 \eq 1$ [ $sepal_width \ge 2.8499999999999996 \eq 1$ [ $sepal_length \ge 4.55 \eq 1$ [ $class$ [ $1$ ] ] [ $class$ [ $0$ ] ] ] [ $sepal_length \ge 5.35 \eq 0$ [ $sepal_width \ge 3.25 \eq 1$ [ $class$ [ $0$ ] ] [ $class$ [ $1$ ] ] ] [ $class$ [ $1$ ] ] ] ] [ $sepal_width \ge 3.75 \eq 1$ [ $class$ [ $0$ ] ] [ $sepal_length \ge 7.5 \eq 1$ [ $class$ [ $1$ ] ] [ $class$ [ $0$ ] ] ] ] ]
NA,135,123,70,0.0026732003316283226,2,2,3,100.0,100.0,[ $petal_length \ge 2.45 \eq 1$ [ $class$ [ $1$ ] ] [ $class$ [ $0$ ] ] ]
NA,135,123,75,0.0026027867570519447,2,2,3,100.0,100.0,[ $petal_length \ge 2.45 \eq 1$ [ $class$ [ $1$ ] ] [ $class$ [ $0$ ] ] ]
NA,135,123,80,0.0027631130069494247,2,2,3,100.0,100.0,[ $petal_length \ge 2.45 \eq 0$ [ $class$ [ $0$ ] ] [ $class$ [ $1$ ] ] ]
NA,135,123,85,0.002624501008540392,2,2,3,100.0,100.0,[ $petal_length \ge 2.45 \eq 0$ [ $class$ [ $0$ ] ] [ $class$ [ $1$ ] ] ]
NA,135,123,90,0.002617855090647936,2,2,3,100.0,100.0,[ $petal_length \ge 2.45 \eq 0$ [ $class$ [ $0$ ] ] [ $class$ [ $1$ ] ] ]
NA,135,123,95,0.0026235277764499187,2,2,3,100.0,100.0,[ $petal_length \ge 2.45 \eq 1$ [ $class$ [ $1$ ] ] [ $class$ [ $0$ ] ] ]
NA,135,123,100,0.0027768798172473907,2,2,3,100.0,100.0,[ $petal_length \ge 2.45 \eq 1$ [ $class$ [ $1$ ] ] [ $class$ [ $0$ ] ] ]
NA,135,123,105,0.0027403798885643482,2,2,3,100.0,100.0,[ $petal_length \ge 2.45 \eq 0$ [ $class$ [ $0$ ] ] [ $class$ [ $1$ ] ] ]
NA,135,123,110,0.002784926909953356,2,2,3,100.0,100.0,[ $petal_width \ge 0.8 \eq 1$ [ $class$ [ $1$ ] ] [ $class$ [ $0$ ] ] ]
NA,135,123,120,0.0027822162955999374,2,2,3,100.0,100.0,[ $petal_width \ge 0.8 \eq 1$ [ $class$ [ $1$ ] ] [ $class$ [ $0$ ] ] ]
NA,135,123,123,0.002710457891225815,2,2,3,100.0,100.0,[ $petal_width \ge 0.8 \eq 0$ [ $class$ [ $0$ ] ] [ $class$ [ $1$ ] ] ]
