fold_index,samples,features,binary_features,time,depth,leaves,nodes,training,test,tex
0,8367,17,34,0.004938437137752771,2,2,3,69.55898171387595,69.74187380497132,[ $ExternalRiskEstimate<0.65  \eq  1$ [ $class$ [ $1$ ] ] [ $class$ [ $0$ ] ] ]
1,8367,17,34,0.004707504995167255,2,2,3,69.60678857416039,68.69024856596559,[ $ExternalRiskEstimate<0.49  \eq  1$ [ $class$ [ $1$ ] ] [ $class$ [ $0$ ] ] ]
2,8367,17,34,0.004580570850521326,2,2,3,69.7143540098004,69.12045889101339,[ $ExternalRiskEstimate<0.65  \eq  1$ [ $class$ [ $1$ ] ] [ $class$ [ $0$ ] ] ]
3,8367,17,34,0.004497847985476255,2,2,3,69.89362973586711,68.40344168260039,[ $ExternalRiskEstimate<0.65  \eq  1$ [ $class$ [ $1$ ] ] [ $class$ [ $0$ ] ] ]
4,8368,17,34,0.0047965883277356625,2,2,3,69.39531548757171,69.53610712577714,[ $ExternalRiskEstimate<0.49  \eq  1$ [ $class$ [ $1$ ] ] [ $class$ [ $0$ ] ] ]
0,8367,17,34,0.01229733182117343,3,4,7,71.8656627226007,64.1491395793499,[ $Inquiry<0.75  \eq  1$ [ $ExternalRiskEstimate<0.80  \eq  1$ [ $class$ [ $1$ ] ] [ $class$ [ $0$ ] ] ] [ $ExternalRiskEstimate<0.49  \eq  1$ [ $class$ [ $1$ ] ] [ $class$ [ $0$ ] ] ] ]
1,8367,17,34,0.011508995201438665,3,4,7,71.14855981833394,71.08030592734225,[ $Inquiry<0.75  \eq  1$ [ $ExternalRiskEstimate<0.65  \eq  1$ [ $class$ [ $1$ ] ] [ $class$ [ $0$ ] ] ] [ $ExternalRiskEstimate<0.49  \eq  1$ [ $class$ [ $1$ ] ] [ $class$ [ $0$ ] ] ] ]
2,8367,17,34,0.01172158494591713,3,4,7,70.81391179634278,72.4187380497132,[ $Inquiry<0.75  \eq  1$ [ $ExternalRiskEstimate<0.65  \eq  1$ [ $class$ [ $1$ ] ] [ $class$ [ $0$ ] ] ] [ $ExternalRiskEstimate<0.49  \eq  1$ [ $class$ [ $1$ ] ] [ $class$ [ $0$ ] ] ] ]
3,8367,17,34,0.011907987762242556,3,4,7,71.29198039918728,70.50669216061185,[ $Inquiry<0.75  \eq  1$ [ $ExternalRiskEstimate<0.65  \eq  1$ [ $class$ [ $1$ ] ] [ $class$ [ $0$ ] ] ] [ $ExternalRiskEstimate<0.49  \eq  1$ [ $class$ [ $1$ ] ] [ $class$ [ $0$ ] ] ] ]
4,8368,17,34,0.01119167311117053,3,4,7,71.1281070745698,71.16212338593975,[ $Inquiry<0.75  \eq  1$ [ $ExternalRiskEstimate<0.65  \eq  1$ [ $class$ [ $1$ ] ] [ $class$ [ $0$ ] ] ] [ $ExternalRiskEstimate<0.49  \eq  1$ [ $class$ [ $1$ ] ] [ $class$ [ $0$ ] ] ] ]
0,8367,17,34,0.1129810530692339,4,8,15,72.79789649814748,64.19694072657744,[ $Inquiry<0.75  \eq  1$ [ $TradeOpenTime<0.6  \eq  1$ [ $ExternalRiskEstimate<0.80  \eq  1$ [ $class$ [ $1$ ] ] [ $class$ [ $0$ ] ] ] [ $ExternalRiskEstimate<0.65  \eq  1$ [ $class$ [ $1$ ] ] [ $class$ [ $0$ ] ] ] ] [ $TradeFrequency<0.45  \eq  1$ [ $ExternalRiskEstimate<0.65  \eq  1$ [ $class$ [ $1$ ] ] [ $class$ [ $0$ ] ] ] [ $ExternalRiskEstimate<0.49  \eq  1$ [ $class$ [ $1$ ] ] [ $class$ [ $0$ ] ] ] ] ]
1,8367,17,34,0.11116050835698843,4,8,15,71.92542129795626,70.74569789674953,[ $Inquiry<0.75  \eq  1$ [ $NumSatisfactoryTrades<0.5  \eq  1$ [ $ExternalRiskEstimate<0.80  \eq  1$ [ $class$ [ $1$ ] ] [ $class$ [ $0$ ] ] ] [ $ExternalRiskEstimate<0.65  \eq  1$ [ $class$ [ $1$ ] ] [ $class$ [ $0$ ] ] ] ] [ $TradeFrequency<0.45  \eq  1$ [ $ExternalRiskEstimate<0.65  \eq  1$ [ $class$ [ $1$ ] ] [ $class$ [ $0$ ] ] ] [ $ExternalRiskEstimate<0.49  \eq  1$ [ $class$ [ $1$ ] ] [ $class$ [ $0$ ] ] ] ] ]
2,8367,17,34,0.11225183587521315,4,8,15,71.42344926496952,72.80114722753346,[ $Inquiry<0.75  \eq  1$ [ $TradeWBalance<0.33  \eq  1$ [ $ExternalRiskEstimate<0.80  \eq  1$ [ $class$ [ $1$ ] ] [ $class$ [ $0$ ] ] ] [ $ExternalRiskEstimate<0.65  \eq  1$ [ $class$ [ $1$ ] ] [ $class$ [ $0$ ] ] ] ] [ $TradeFrequency<0.45  \eq  1$ [ $ExternalRiskEstimate<0.65  \eq  1$ [ $class$ [ $1$ ] ] [ $class$ [ $0$ ] ] ] [ $ExternalRiskEstimate<0.49  \eq  1$ [ $class$ [ $1$ ] ] [ $class$ [ $0$ ] ] ] ] ]
3,8367,17,34,0.11221355991438031,4,8,15,71.82980757738736,71.17590822179733,[ $Inquiry<0.75  \eq  1$ [ $TradeWBalance<0.33  \eq  1$ [ $ExternalRiskEstimate<0.80  \eq  1$ [ $class$ [ $1$ ] ] [ $class$ [ $0$ ] ] ] [ $ExternalRiskEstimate<0.65  \eq  1$ [ $class$ [ $1$ ] ] [ $class$ [ $0$ ] ] ] ] [ $TradeFrequency<0.45  \eq  1$ [ $ExternalRiskEstimate<0.65  \eq  1$ [ $class$ [ $1$ ] ] [ $class$ [ $0$ ] ] ] [ $ExternalRiskEstimate<0.49  \eq  1$ [ $class$ [ $1$ ] ] [ $class$ [ $0$ ] ] ] ] ]
4,8368,17,34,0.1111319218762219,4,8,15,71.66586998087953,71.87948350071736,[ $Inquiry<0.75  \eq  1$ [ $TradeWBalance<0.33  \eq  1$ [ $Delinquency<0.75  \eq  1$ [ $class$ [ $1$ ] ] [ $class$ [ $0$ ] ] ] [ $ExternalRiskEstimate<0.65  \eq  1$ [ $class$ [ $1$ ] ] [ $class$ [ $0$ ] ] ] ] [ $TradeFrequency<0.45  \eq  1$ [ $ExternalRiskEstimate<0.65  \eq  1$ [ $class$ [ $1$ ] ] [ $class$ [ $0$ ] ] ] [ $ExternalRiskEstimate<0.49  \eq  1$ [ $class$ [ $1$ ] ] [ $class$ [ $0$ ] ] ] ] ]
0,8367,17,34,0.9888547803275287,5,15,29,73.50304768734314,64.62715105162525,[ $Inquiry<0.75  \eq  1$ [ $TradeOpenTime<0.6  \eq  1$ [ $Utilization<0.6  \eq  1$ [ $ExternalRiskEstimate<0.80  \eq  1$ [ $class$ [ $1$ ] ] [ $class$ [ $0$ ] ] ] [ $ExternalRiskEstimate<0.65  \eq  1$ [ $class$ [ $1$ ] ] [ $class$ [ $0$ ] ] ] ] [ $TradeWBalance<0.33  \eq  1$ [ $ExternalRiskEstimate<0.80  \eq  1$ [ $class$ [ $1$ ] ] [ $class$ [ $0$ ] ] ] [ $ExternalRiskEstimate<0.65  \eq  1$ [ $class$ [ $1$ ] ] [ $class$ [ $0$ ] ] ] ] ] [ $ExternalRiskEstimate<0.49  \eq  1$ [ $RevolvingBalance<0.6  \eq  1$ [ $TradeOpenTime<0.85  \eq  1$ [ $class$ [ $1$ ] ] [ $class$ [ $0$ ] ] ] [ $TradeFrequency<0.6  \eq  1$ [ $class$ [ $1$ ] ] [ $class$ [ $0$ ] ] ] ] [ $ExternalRiskEstimate<0.65  \eq  1$ [ $TradeFrequency<0.45  \eq  1$ [ $class$ [ $1$ ] ] [ $class$ [ $0$ ] ] ] [ $class$ [ $0$ ] ] ] ] ]
1,8367,17,34,0.9614118388853967,5,15,29,72.61862077208079,70.69789674952199,[ $Inquiry<0.75  \eq  1$ [ $Installment<0.5  \eq  1$ [ $RevolvingBalance<0.6  \eq  1$ [ $Delinquency<0.75  \eq  1$ [ $class$ [ $1$ ] ] [ $class$ [ $0$ ] ] ] [ $ExternalRiskEstimate<0.65  \eq  1$ [ $class$ [ $1$ ] ] [ $class$ [ $0$ ] ] ] ] [ $TradeFrequency<0.45  \eq  1$ [ $ExternalRiskEstimate<0.80  \eq  1$ [ $class$ [ $1$ ] ] [ $class$ [ $0$ ] ] ] [ $ExternalRiskEstimate<0.65  \eq  1$ [ $class$ [ $1$ ] ] [ $class$ [ $0$ ] ] ] ] ] [ $ExternalRiskEstimate<0.49  \eq  1$ [ $Utilization<0.6  \eq  1$ [ $TradeOpenTime<0.85  \eq  1$ [ $class$ [ $1$ ] ] [ $class$ [ $0$ ] ] ] [ $TradeFrequency<0.6  \eq  1$ [ $class$ [ $1$ ] ] [ $class$ [ $0$ ] ] ] ] [ $ExternalRiskEstimate<0.65  \eq  1$ [ $TradeFrequency<0.45  \eq  1$ [ $class$ [ $1$ ] ] [ $class$ [ $0$ ] ] ] [ $class$ [ $0$ ] ] ] ] ]
2,8367,17,34,0.9537210641428828,5,14,27,72.0568901637385,71.70172084130019,[ $ExternalRiskEstimate<0.65  \eq  1$ [ $ExternalRiskEstimate<0.49  \eq  1$ [ $TradeOpenTime<0.85  \eq  1$ [ $Utilization<0.6  \eq  1$ [ $class$ [ $1$ ] ] [ $class$ [ $0$ ] ] ] [ $Inquiry<0.75  \eq  1$ [ $class$ [ $1$ ] ] [ $class$ [ $0$ ] ] ] ] [ $Delinquency<0.55  \eq  1$ [ $NumSatisfactoryTrades<0.5  \eq  1$ [ $class$ [ $1$ ] ] [ $class$ [ $0$ ] ] ] [ $Inquiry<0.75  \eq  1$ [ $class$ [ $1$ ] ] [ $class$ [ $0$ ] ] ] ] ] [ $TradeFrequency<0.45  \eq  1$ [ $Inquiry<0.75  \eq  1$ [ $ExternalRiskEstimate<0.80  \eq  1$ [ $class$ [ $1$ ] ] [ $class$ [ $0$ ] ] ] [ $class$ [ $0$ ] ] ] [ $Inquiry<0.75  \eq  1$ [ $TradeWBalance<0.33  \eq  1$ [ $class$ [ $1$ ] ] [ $class$ [ $0$ ] ] ] [ $class$ [ $0$ ] ] ] ] ]
3,8367,17,34,0.9396898513659835,5,15,29,72.51105533644078,70.26768642447419,[ $Inquiry<0.75  \eq  1$ [ $NumSatisfactoryTrades<0.5  \eq  1$ [ $Utilization<0.6  \eq  1$ [ $ExternalRiskEstimate<0.80  \eq  1$ [ $class$ [ $1$ ] ] [ $class$ [ $0$ ] ] ] [ $ExternalRiskEstimate<0.65  \eq  1$ [ $class$ [ $1$ ] ] [ $class$ [ $0$ ] ] ] ] [ $RevolvingBalance<0.6  \eq  1$ [ $ExternalRiskEstimate<0.65  \eq  1$ [ $class$ [ $1$ ] ] [ $class$ [ $0$ ] ] ] [ $ExternalRiskEstimate<0.49  \eq  1$ [ $class$ [ $1$ ] ] [ $class$ [ $0$ ] ] ] ] ] [ $TradeOpenTime<0.6  \eq  1$ [ $RevolvingBalance<0.6  \eq  1$ [ $Delinquency<0.75  \eq  1$ [ $class$ [ $1$ ] ] [ $class$ [ $0$ ] ] ] [ $ExternalRiskEstimate<0.49  \eq  1$ [ $class$ [ $1$ ] ] [ $class$ [ $0$ ] ] ] ] [ $ExternalRiskEstimate<0.49  \eq  1$ [ $TradeOpenTime<0.85  \eq  1$ [ $class$ [ $1$ ] ] [ $class$ [ $0$ ] ] ] [ $class$ [ $0$ ] ] ] ] ]
4,8368,17,34,0.944452655967325,5,15,29,72.29923518164436,71.64036346245815,[ $Inquiry<0.75  \eq  1$ [ $TradeFrequency<0.6  \eq  1$ [ $Installment<0.5  \eq  1$ [ $ExternalRiskEstimate<0.80  \eq  1$ [ $class$ [ $1$ ] ] [ $class$ [ $0$ ] ] ] [ $ExternalRiskEstimate<0.65  \eq  1$ [ $class$ [ $1$ ] ] [ $class$ [ $0$ ] ] ] ] [ $RevolvingBalance<0.6  \eq  1$ [ $Delinquency<0.75  \eq  1$ [ $class$ [ $1$ ] ] [ $class$ [ $0$ ] ] ] [ $ExternalRiskEstimate<0.49  \eq  1$ [ $class$ [ $1$ ] ] [ $class$ [ $0$ ] ] ] ] ] [ $ExternalRiskEstimate<0.49  \eq  1$ [ $RevolvingBalance<0.6  \eq  1$ [ $TradeOpenTime<0.85  \eq  1$ [ $class$ [ $1$ ] ] [ $class$ [ $0$ ] ] ] [ $TradeFrequency<0.6  \eq  1$ [ $class$ [ $1$ ] ] [ $class$ [ $0$ ] ] ] ] [ $ExternalRiskEstimate<0.65  \eq  1$ [ $TradeFrequency<0.45  \eq  1$ [ $class$ [ $1$ ] ] [ $class$ [ $0$ ] ] ] [ $class$ [ $0$ ] ] ] ] ]
0,8367,17,34,5.729490184690803,6,30,59,74.14844030118321,64.38814531548758,[ $Inquiry<0.75  \eq  1$ [ $RevolvingBalance<0.6  \eq  1$ [ $TradeWBalance<0.33  \eq  1$ [ $ExternalRiskEstimate<0.80  \eq  1$ [ $ExternalRiskEstimate<0.49  \eq  1$ [ $class$ [ $1$ ] ] [ $class$ [ $1$ ] ] ] [ $Delinquency<0.75  \eq  1$ [ $class$ [ $1$ ] ] [ $class$ [ $0$ ] ] ] ] [ $TradeOpenTime<0.6  \eq  1$ [ $Delinquency<0.75  \eq  1$ [ $class$ [ $1$ ] ] [ $class$ [ $0$ ] ] ] [ $ExternalRiskEstimate<0.65  \eq  1$ [ $class$ [ $1$ ] ] [ $class$ [ $0$ ] ] ] ] ] [ $NumSatisfactoryTrades<0.5  \eq  1$ [ $Utilization<0.6  \eq  1$ [ $ExternalRiskEstimate<0.80  \eq  1$ [ $class$ [ $1$ ] ] [ $class$ [ $0$ ] ] ] [ $ExternalRiskEstimate<0.65  \eq  1$ [ $class$ [ $1$ ] ] [ $class$ [ $0$ ] ] ] ] [ $ExternalRiskEstimate<0.65  \eq  1$ [ $Delinquency<0.75  \eq  1$ [ $class$ [ $1$ ] ] [ $class$ [ $0$ ] ] ] [ $TradeWBalance<0.33  \eq  1$ [ $class$ [ $1$ ] ] [ $class$ [ $0$ ] ] ] ] ] ] [ $TradeOpenTime<0.6  \eq  1$ [ $TradeFrequency<0.6  \eq  1$ [ $RevolvingBalance<0.4  \eq  1$ [ $Delinquency<0.75  \eq  1$ [ $class$ [ $1$ ] ] [ $class$ [ $0$ ] ] ] [ $ExternalRiskEstimate<0.65  \eq  1$ [ $class$ [ $1$ ] ] [ $class$ [ $0$ ] ] ] ] [ $RevolvingBalance<0.4  \eq  1$ [ $ExternalRiskEstimate<0.65  \eq  1$ [ $class$ [ $1$ ] ] [ $class$ [ $0$ ] ] ] [ $TradeWBalance<0.33  \eq  1$ [ $class$ [ $1$ ] ] [ $class$ [ $0$ ] ] ] ] ] [ $ExternalRiskEstimate<0.49  \eq  1$ [ $TradeOpenTime<0.85  \eq  1$ [ $RevolvingBalance<0.6  \eq  1$ [ $class$ [ $1$ ] ] [ $class$ [ $0$ ] ] ] [ $class$ [ $0$ ] ] ] [ $ExternalRiskEstimate<0.65  \eq  1$ [ $TradeFrequency<0.45  \eq  1$ [ $class$ [ $1$ ] ] [ $class$ [ $0$ ] ] ] [ $class$ [ $0$ ] ] ] ] ] ]
1,8367,17,34,5.490494342986494,6,29,57,73.31182024620533,70.60229445506691,[ $NumSatisfactoryTrades<0.5  \eq  1$ [ $Inquiry<0.75  \eq  1$ [ $TradeFrequency<0.6  \eq  1$ [ $TradeWBalance<0.33  \eq  1$ [ $Delinquency<0.75  \eq  1$ [ $class$ [ $1$ ] ] [ $class$ [ $0$ ] ] ] [ $ExternalRiskEstimate<0.80  \eq  1$ [ $class$ [ $1$ ] ] [ $class$ [ $0$ ] ] ] ] [ $TradeWBalance<0.33  \eq  1$ [ $class$ [ $1$ ] ] [ $ExternalRiskEstimate<0.65  \eq  1$ [ $class$ [ $1$ ] ] [ $class$ [ $0$ ] ] ] ] ] [ $RevolvingBalance<0.4  \eq  1$ [ $ExternalRiskEstimate<0.80  \eq  1$ [ $Delinquency<0.75  \eq  1$ [ $class$ [ $1$ ] ] [ $class$ [ $0$ ] ] ] [ $TradeWBalance<0.33  \eq  1$ [ $class$ [ $1$ ] ] [ $class$ [ $0$ ] ] ] ] [ $TradeFrequency<0.45  \eq  1$ [ $ExternalRiskEstimate<0.65  \eq  1$ [ $class$ [ $1$ ] ] [ $class$ [ $0$ ] ] ] [ $ExternalRiskEstimate<0.49  \eq  1$ [ $class$ [ $1$ ] ] [ $class$ [ $0$ ] ] ] ] ] ] [ $Installment<0.5  \eq  1$ [ $Inquiry<0.75  \eq  1$ [ $RevolvingBalance<0.6  \eq  1$ [ $Delinquency<0.75  \eq  1$ [ $class$ [ $1$ ] ] [ $class$ [ $0$ ] ] ] [ $ExternalRiskEstimate<0.65  \eq  1$ [ $class$ [ $1$ ] ] [ $class$ [ $0$ ] ] ] ] [ $ExternalRiskEstimate<0.49  \eq  1$ [ $TradeOpenTime<0.85  \eq  1$ [ $class$ [ $1$ ] ] [ $class$ [ $0$ ] ] ] [ $class$ [ $0$ ] ] ] ] [ $TradeFrequency<0.6  \eq  1$ [ $TradeWBalance<0.33  \eq  1$ [ $Delinquency<0.75  \eq  1$ [ $class$ [ $1$ ] ] [ $class$ [ $0$ ] ] ] [ $ExternalRiskEstimate<0.49  \eq  1$ [ $class$ [ $1$ ] ] [ $class$ [ $0$ ] ] ] ] [ $ExternalRiskEstimate<0.65  \eq  1$ [ $Inquiry<0.75  \eq  1$ [ $class$ [ $1$ ] ] [ $class$ [ $0$ ] ] ] [ $class$ [ $0$ ] ] ] ] ] ]
2,8367,17,34,5.563806208781898,6,31,61,72.91741364885861,72.08413001912047,[ $Inquiry<0.75  \eq  1$ [ $TradeOpenTime<0.6  \eq  1$ [ $NumSatisfactoryTrades<0.5  \eq  1$ [ $Utilization<0.6  \eq  1$ [ $ExternalRiskEstimate<0.80  \eq  1$ [ $class$ [ $1$ ] ] [ $class$ [ $0$ ] ] ] [ $Delinquency<0.55  \eq  1$ [ $class$ [ $1$ ] ] [ $class$ [ $0$ ] ] ] ] [ $RevolvingBalance<0.4  \eq  1$ [ $Utilization<0.6  \eq  1$ [ $class$ [ $1$ ] ] [ $class$ [ $0$ ] ] ] [ $ExternalRiskEstimate<0.65  \eq  1$ [ $class$ [ $1$ ] ] [ $class$ [ $0$ ] ] ] ] ] [ $RevolvingBalance<0.6  \eq  1$ [ $TradeWBalance<0.33  \eq  1$ [ $ExternalRiskEstimate<0.80  \eq  1$ [ $class$ [ $1$ ] ] [ $class$ [ $0$ ] ] ] [ $ExternalRiskEstimate<0.65  \eq  1$ [ $class$ [ $1$ ] ] [ $class$ [ $0$ ] ] ] ] [ $TradeFrequency<0.45  \eq  1$ [ $ExternalRiskEstimate<0.80  \eq  1$ [ $class$ [ $1$ ] ] [ $class$ [ $0$ ] ] ] [ $ExternalRiskEstimate<0.49  \eq  1$ [ $class$ [ $1$ ] ] [ $class$ [ $0$ ] ] ] ] ] ] [ $NumSatisfactoryTrades<0.5  \eq  1$ [ $Delinquency<0.55  \eq  1$ [ $RevolvingBalance<0.6  \eq  1$ [ $ExternalRiskEstimate<0.65  \eq  1$ [ $class$ [ $1$ ] ] [ $class$ [ $0$ ] ] ] [ $ExternalRiskEstimate<0.49  \eq  1$ [ $class$ [ $1$ ] ] [ $class$ [ $0$ ] ] ] ] [ $RevolvingBalance<0.4  \eq  1$ [ $Delinquency<0.75  \eq  1$ [ $class$ [ $1$ ] ] [ $class$ [ $0$ ] ] ] [ $ExternalRiskEstimate<0.49  \eq  1$ [ $class$ [ $1$ ] ] [ $class$ [ $0$ ] ] ] ] ] [ $TradeOpenTime<0.6  \eq  1$ [ $TradeWBalance<0.33  \eq  1$ [ $Delinquency<0.75  \eq  1$ [ $class$ [ $1$ ] ] [ $class$ [ $0$ ] ] ] [ $ExternalRiskEstimate<0.49  \eq  1$ [ $class$ [ $1$ ] ] [ $class$ [ $0$ ] ] ] ] [ $ExternalRiskEstimate<0.49  \eq  1$ [ $TradeFrequency<0.6  \eq  1$ [ $class$ [ $1$ ] ] [ $class$ [ $0$ ] ] ] [ $class$ [ $0$ ] ] ] ] ] ]
3,8367,17,34,5.5377188781276345,6,30,59,73.20425481056532,70.74569789674953,[ $Inquiry<0.75  \eq  1$ [ $RevolvingBalance<0.6  \eq  1$ [ $TradeWBalance<0.33  \eq  1$ [ $ExternalRiskEstimate<0.80  \eq  1$ [ $ExternalRiskEstimate<0.49  \eq  1$ [ $class$ [ $1$ ] ] [ $class$ [ $1$ ] ] ] [ $Installment<0.5  \eq  1$ [ $class$ [ $0$ ] ] [ $class$ [ $1$ ] ] ] ] [ $Installment<0.5  \eq  1$ [ $Delinquency<0.75  \eq  1$ [ $class$ [ $1$ ] ] [ $class$ [ $0$ ] ] ] [ $ExternalRiskEstimate<0.65  \eq  1$ [ $class$ [ $1$ ] ] [ $class$ [ $0$ ] ] ] ] ] [ $NumSatisfactoryTrades<0.5  \eq  1$ [ $Utilization<0.6  \eq  1$ [ $ExternalRiskEstimate<0.80  \eq  1$ [ $class$ [ $1$ ] ] [ $class$ [ $0$ ] ] ] [ $ExternalRiskEstimate<0.65  \eq  1$ [ $class$ [ $1$ ] ] [ $class$ [ $0$ ] ] ] ] [ $ExternalRiskEstimate<0.49  \eq  1$ [ $class$ [ $1$ ] ] [ $TradeWBalance<0.33  \eq  1$ [ $class$ [ $1$ ] ] [ $class$ [ $0$ ] ] ] ] ] ] [ $TradeOpenTime<0.6  \eq  1$ [ $TradeFrequency<0.6  \eq  1$ [ $RevolvingBalance<0.6  \eq  1$ [ $Delinquency<0.75  \eq  1$ [ $class$ [ $1$ ] ] [ $class$ [ $0$ ] ] ] [ $ExternalRiskEstimate<0.49  \eq  1$ [ $class$ [ $1$ ] ] [ $class$ [ $0$ ] ] ] ] [ $RevolvingBalance<0.4  \eq  1$ [ $Delinquency<0.75  \eq  1$ [ $class$ [ $1$ ] ] [ $class$ [ $0$ ] ] ] [ $TradeWBalance<0.33  \eq  1$ [ $class$ [ $1$ ] ] [ $class$ [ $0$ ] ] ] ] ] [ $ExternalRiskEstimate<0.49  \eq  1$ [ $Utilization<0.6  \eq  1$ [ $TradeOpenTime<0.85  \eq  1$ [ $class$ [ $1$ ] ] [ $class$ [ $0$ ] ] ] [ $TradeFrequency<0.6  \eq  1$ [ $class$ [ $1$ ] ] [ $class$ [ $0$ ] ] ] ] [ $ExternalRiskEstimate<0.65  \eq  1$ [ $TradeWBalance<0.33  \eq  1$ [ $class$ [ $1$ ] ] [ $class$ [ $0$ ] ] ] [ $class$ [ $0$ ] ] ] ] ] ]
4,8368,17,34,5.50620224699378,6,30,59,73.00430210325047,71.49689143950263,[ $NumSatisfactoryTrades<0.5  \eq  1$ [ $Inquiry<0.75  \eq  1$ [ $Utilization<0.6  \eq  1$ [ $TradeFrequency<0.45  \eq  1$ [ $Delinquency<0.75  \eq  1$ [ $class$ [ $1$ ] ] [ $class$ [ $0$ ] ] ] [ $ExternalRiskEstimate<0.80  \eq  1$ [ $class$ [ $1$ ] ] [ $class$ [ $0$ ] ] ] ] [ $ExternalRiskEstimate<0.65  \eq  1$ [ $Delinquency<0.55  \eq  1$ [ $class$ [ $1$ ] ] [ $class$ [ $0$ ] ] ] [ $TradeWBalance<0.33  \eq  1$ [ $class$ [ $1$ ] ] [ $class$ [ $0$ ] ] ] ] ] [ $TradeFrequency<0.45  \eq  1$ [ $Utilization<0.6  \eq  1$ [ $ExternalRiskEstimate<0.65  \eq  1$ [ $class$ [ $1$ ] ] [ $class$ [ $0$ ] ] ] [ $RevolvingBalance<0.4  \eq  1$ [ $class$ [ $1$ ] ] [ $class$ [ $0$ ] ] ] ] [ $RevolvingBalance<0.4  \eq  1$ [ $Delinquency<0.75  \eq  1$ [ $class$ [ $1$ ] ] [ $class$ [ $0$ ] ] ] [ $ExternalRiskEstimate<0.49  \eq  1$ [ $class$ [ $1$ ] ] [ $class$ [ $0$ ] ] ] ] ] ] [ $Delinquency<0.55  \eq  1$ [ $Inquiry<0.75  \eq  1$ [ $RevolvingBalance<0.6  \eq  1$ [ $ExternalRiskEstimate<0.65  \eq  1$ [ $class$ [ $1$ ] ] [ $class$ [ $0$ ] ] ] [ $ExternalRiskEstimate<0.49  \eq  1$ [ $class$ [ $1$ ] ] [ $class$ [ $0$ ] ] ] ] [ $ExternalRiskEstimate<0.49  \eq  1$ [ $TradeOpenTime<0.85  \eq  1$ [ $class$ [ $1$ ] ] [ $class$ [ $0$ ] ] ] [ $class$ [ $0$ ] ] ] ] [ $Delinquency<0.75  \eq  1$ [ $Inquiry<0.75  \eq  1$ [ $RevolvingBalance<0.6  \eq  1$ [ $class$ [ $1$ ] ] [ $class$ [ $0$ ] ] ] [ $TradeWBalance<0.33  \eq  1$ [ $class$ [ $1$ ] ] [ $class$ [ $0$ ] ] ] ] [ $ExternalRiskEstimate<0.49  \eq  1$ [ $Inquiry<0.75  \eq  1$ [ $class$ [ $1$ ] ] [ $class$ [ $0$ ] ] ] [ $class$ [ $0$ ] ] ] ] ] ]
0,8367,17,34,24.16312363697216,7,61,121,74.94920521094777,63.67112810707457,[ $NumSatisfactoryTrades<0.5  \eq  1$ [ $Inquiry<0.75  \eq  1$ [ $RevolvingBalance<0.6  \eq  1$ [ $ExternalRiskEstimate<0.65  \eq  1$ [ $Delinquency<0.75  \eq  1$ [ $ExternalRiskEstimate<0.49  \eq  1$ [ $class$ [ $1$ ] ] [ $class$ [ $1$ ] ] ] [ $Installment<0.5  \eq  1$ [ $class$ [ $0$ ] ] [ $class$ [ $1$ ] ] ] ] [ $Utilization<0.6  \eq  1$ [ $Installment<0.5  \eq  1$ [ $class$ [ $1$ ] ] [ $class$ [ $0$ ] ] ] [ $Delinquency<0.55  \eq  1$ [ $class$ [ $1$ ] ] [ $class$ [ $0$ ] ] ] ] ] [ $Utilization<0.6  \eq  1$ [ $TradeWBalance<0.33  \eq  1$ [ $ExternalRiskEstimate<0.65  \eq  1$ [ $class$ [ $1$ ] ] [ $class$ [ $0$ ] ] ] [ $ExternalRiskEstimate<0.80  \eq  1$ [ $class$ [ $1$ ] ] [ $class$ [ $0$ ] ] ] ] [ $ExternalRiskEstimate<0.65  \eq  1$ [ $ExternalRiskEstimate<0.49  \eq  1$ [ $class$ [ $0$ ] ] [ $class$ [ $1$ ] ] ] [ $TradeWBalance<0.33  \eq  1$ [ $class$ [ $1$ ] ] [ $class$ [ $0$ ] ] ] ] ] ] [ $TradeFrequency<0.45  \eq  1$ [ $Delinquency<0.55  \eq  1$ [ $Installment<0.5  \eq  1$ [ $ExternalRiskEstimate<0.80  \eq  1$ [ $class$ [ $1$ ] ] [ $class$ [ $0$ ] ] ] [ $Utilization<0.6  \eq  1$ [ $class$ [ $1$ ] ] [ $class$ [ $0$ ] ] ] ] [ $ExternalRiskEstimate<0.65  \eq  1$ [ $RevolvingBalance<0.6  \eq  1$ [ $class$ [ $1$ ] ] [ $class$ [ $0$ ] ] ] [ $RevolvingBalance<0.4  \eq  1$ [ $class$ [ $1$ ] ] [ $class$ [ $0$ ] ] ] ] ] [ $TradeFrequency<0.6  \eq  1$ [ $RevolvingBalance<0.4  \eq  1$ [ $Delinquency<0.75  \eq  1$ [ $class$ [ $1$ ] ] [ $class$ [ $0$ ] ] ] [ $ExternalRiskEstimate<0.49  \eq  1$ [ $class$ [ $1$ ] ] [ $class$ [ $0$ ] ] ] ] [ $Utilization<0.6  \eq  1$ [ $ExternalRiskEstimate<0.49  \eq  1$ [ $class$ [ $1$ ] ] [ $class$ [ $0$ ] ] ] [ $ExternalRiskEstimate<0.65  \eq  1$ [ $class$ [ $1$ ] ] [ $class$ [ $0$ ] ] ] ] ] ] ] [ $TradeFrequency<0.6  \eq  1$ [ $TradeOpenTime<0.6  \eq  1$ [ $Installment<0.5  \eq  1$ [ $RevolvingBalance<0.4  \eq  1$ [ $Delinquency<0.75  \eq  1$ [ $class$ [ $1$ ] ] [ $class$ [ $0$ ] ] ] [ $ExternalRiskEstimate<0.65  \eq  1$ [ $class$ [ $1$ ] ] [ $class$ [ $0$ ] ] ] ] [ $ExternalRiskEstimate<0.65  \eq  1$ [ $ExternalRiskEstimate<0.49  \eq  1$ [ $class$ [ $1$ ] ] [ $class$ [ $0$ ] ] ] [ $Delinquency<0.55  \eq  1$ [ $class$ [ $1$ ] ] [ $class$ [ $0$ ] ] ] ] ] [ $Inquiry<0.75  \eq  1$ [ $TradeWBalance<0.33  \eq  1$ [ $ExternalRiskEstimate<0.80  \eq  1$ [ $class$ [ $1$ ] ] [ $class$ [ $0$ ] ] ] [ $ExternalRiskEstimate<0.49  \eq  1$ [ $class$ [ $1$ ] ] [ $class$ [ $0$ ] ] ] ] [ $ExternalRiskEstimate<0.49  \eq  1$ [ $RevolvingBalance<0.6  \eq  1$ [ $class$ [ $1$ ] ] [ $class$ [ $0$ ] ] ] [ $class$ [ $0$ ] ] ] ] ] [ $Inquiry<0.75  \eq  1$ [ $TradeOpenTime<0.85  \eq  1$ [ $RevolvingBalance<0.6  \eq  1$ [ $Delinquency<0.75  \eq  1$ [ $class$ [ $1$ ] ] [ $class$ [ $0$ ] ] ] [ $ExternalRiskEstimate<0.49  \eq  1$ [ $class$ [ $1$ ] ] [ $class$ [ $0$ ] ] ] ] [ $Utilization<0.6  \eq  1$ [ $ExternalRiskEstimate<0.65  \eq  1$ [ $class$ [ $1$ ] ] [ $class$ [ $0$ ] ] ] [ $RevolvingBalance<0.4  \eq  1$ [ $class$ [ $1$ ] ] [ $class$ [ $0$ ] ] ] ] ] [ $RevolvingBalance<0.6  \eq  1$ [ $ExternalRiskEstimate<0.49  \eq  1$ [ $Installment<0.5  \eq  1$ [ $class$ [ $1$ ] ] [ $class$ [ $0$ ] ] ] [ $class$ [ $0$ ] ] ] [ $TradeOpenTime<0.6  \eq  1$ [ $TradeWBalance<0.33  \eq  1$ [ $class$ [ $1$ ] ] [ $class$ [ $0$ ] ] ] [ $class$ [ $0$ ] ] ] ] ] ] ]
1,8367,17,34,23.23961687972769,7,60,119,74.06477829568543,70.36328871892925,[ $Inquiry<0.75  \eq  1$ [ $RevolvingBalance<0.6  \eq  1$ [ $TradeWBalance<0.33  \eq  1$ [ $TradeOpenTime<0.6  \eq  1$ [ $Installment<0.5  \eq  1$ [ $Delinquency<0.75  \eq  1$ [ $class$ [ $1$ ] ] [ $class$ [ $0$ ] ] ] [ $class$ [ $1$ ] ] ] [ $ExternalRiskEstimate<0.80  \eq  1$ [ $class$ [ $1$ ] ] [ $Delinquency<0.75  \eq  1$ [ $class$ [ $1$ ] ] [ $class$ [ $0$ ] ] ] ] ] [ $TradeFrequency<0.6  \eq  1$ [ $Installment<0.5  \eq  1$ [ $ExternalRiskEstimate<0.80  \eq  1$ [ $class$ [ $1$ ] ] [ $class$ [ $0$ ] ] ] [ $ExternalRiskEstimate<0.65  \eq  1$ [ $class$ [ $1$ ] ] [ $class$ [ $0$ ] ] ] ] [ $NumSatisfactoryTrades<0.5  \eq  1$ [ $ExternalRiskEstimate<0.65  \eq  1$ [ $class$ [ $1$ ] ] [ $class$ [ $0$ ] ] ] [ $Delinquency<0.75  \eq  1$ [ $class$ [ $1$ ] ] [ $class$ [ $0$ ] ] ] ] ] ] [ $NumSatisfactoryTrades<0.5  \eq  1$ [ $TradeFrequency<0.45  \eq  1$ [ $ExternalRiskEstimate<0.49  \eq  1$ [ $Utilization<0.6  \eq  1$ [ $class$ [ $1$ ] ] [ $class$ [ $0$ ] ] ] [ $ExternalRiskEstimate<0.80  \eq  1$ [ $class$ [ $1$ ] ] [ $class$ [ $0$ ] ] ] ] [ $ExternalRiskEstimate<0.80  \eq  1$ [ $Utilization<0.6  \eq  1$ [ $class$ [ $1$ ] ] [ $class$ [ $0$ ] ] ] [ $TradeWBalance<0.33  \eq  1$ [ $class$ [ $1$ ] ] [ $class$ [ $0$ ] ] ] ] ] [ $Installment<0.5  \eq  1$ [ $TradeWBalance<0.33  \eq  1$ [ $Delinquency<0.75  \eq  1$ [ $class$ [ $1$ ] ] [ $class$ [ $0$ ] ] ] [ $ExternalRiskEstimate<0.65  \eq  1$ [ $class$ [ $1$ ] ] [ $class$ [ $0$ ] ] ] ] [ $TradeFrequency<0.6  \eq  1$ [ $ExternalRiskEstimate<0.49  \eq  1$ [ $class$ [ $1$ ] ] [ $class$ [ $0$ ] ] ] [ $ExternalRiskEstimate<0.65  \eq  1$ [ $class$ [ $1$ ] ] [ $class$ [ $0$ ] ] ] ] ] ] ] [ $Installment<0.5  \eq  1$ [ $NumSatisfactoryTrades<0.5  \eq  1$ [ $TradeFrequency<0.45  \eq  1$ [ $Utilization<0.6  \eq  1$ [ $ExternalRiskEstimate<0.65  \eq  1$ [ $class$ [ $1$ ] ] [ $class$ [ $0$ ] ] ] [ $RevolvingBalance<0.6  \eq  1$ [ $class$ [ $1$ ] ] [ $class$ [ $0$ ] ] ] ] [ $RevolvingBalance<0.4  \eq  1$ [ $Delinquency<0.75  \eq  1$ [ $class$ [ $1$ ] ] [ $class$ [ $0$ ] ] ] [ $ExternalRiskEstimate<0.49  \eq  1$ [ $class$ [ $1$ ] ] [ $class$ [ $0$ ] ] ] ] ] [ $Delinquency<0.55  \eq  1$ [ $ExternalRiskEstimate<0.49  \eq  1$ [ $TradeOpenTime<0.85  \eq  1$ [ $class$ [ $1$ ] ] [ $class$ [ $0$ ] ] ] [ $TradeOpenTime<0.6  \eq  1$ [ $class$ [ $1$ ] ] [ $class$ [ $0$ ] ] ] ] [ $Delinquency<0.75  \eq  1$ [ $TradeWBalance<0.33  \eq  1$ [ $class$ [ $1$ ] ] [ $class$ [ $0$ ] ] ] [ $class$ [ $0$ ] ] ] ] ] [ $ExternalRiskEstimate<0.49  \eq  1$ [ $TradeFrequency<0.6  \eq  1$ [ $Utilization<0.6  \eq  1$ [ $Delinquency<0.75  \eq  1$ [ $class$ [ $1$ ] ] [ $class$ [ $0$ ] ] ] [ $RevolvingBalance<0.4  \eq  1$ [ $class$ [ $1$ ] ] [ $class$ [ $0$ ] ] ] ] [ $TradeOpenTime<0.6  \eq  1$ [ $RevolvingBalance<0.6  \eq  1$ [ $class$ [ $1$ ] ] [ $class$ [ $0$ ] ] ] [ $NumSatisfactoryTrades<0.5  \eq  1$ [ $class$ [ $1$ ] ] [ $class$ [ $0$ ] ] ] ] ] [ $ExternalRiskEstimate<0.65  \eq  1$ [ $RevolvingBalance<0.4  \eq  1$ [ $TradeFrequency<0.45  \eq  1$ [ $class$ [ $1$ ] ] [ $class$ [ $0$ ] ] ] [ $TradeWBalance<0.33  \eq  1$ [ $class$ [ $1$ ] ] [ $class$ [ $0$ ] ] ] ] [ $TradeOpenTime<0.6  \eq  1$ [ $TradeWBalance<0.33  \eq  1$ [ $class$ [ $1$ ] ] [ $class$ [ $0$ ] ] ] [ $class$ [ $0$ ] ] ] ] ] ] ]
2,8367,17,34,24.083144462201744,7,61,121,73.67037169833871,71.27151051625239,[ $Inquiry<0.75  \eq  1$ [ $RevolvingBalance<0.4  \eq  1$ [ $TradeWBalance<0.33  \eq  1$ [ $Utilization<0.6  \eq  1$ [ $TradeOpenTime<0.85  \eq  1$ [ $ExternalRiskEstimate<0.80  \eq  1$ [ $class$ [ $1$ ] ] [ $class$ [ $0$ ] ] ] [ $ExternalRiskEstimate<0.49  \eq  1$ [ $class$ [ $1$ ] ] [ $class$ [ $0$ ] ] ] ] [ $TradeOpenTime<0.6  \eq  1$ [ $Installment<0.5  \eq  1$ [ $class$ [ $0$ ] ] [ $class$ [ $1$ ] ] ] [ $TradeOpenTime<0.85  \eq  1$ [ $class$ [ $1$ ] ] [ $class$ [ $0$ ] ] ] ] ] [ $TradeOpenTime<0.6  \eq  1$ [ $Utilization<0.6  \eq  1$ [ $ExternalRiskEstimate<0.80  \eq  1$ [ $class$ [ $1$ ] ] [ $class$ [ $0$ ] ] ] [ $ExternalRiskEstimate<0.49  \eq  1$ [ $class$ [ $1$ ] ] [ $class$ [ $0$ ] ] ] ] [ $Installment<0.5  \eq  1$ [ $Delinquency<0.75  \eq  1$ [ $class$ [ $1$ ] ] [ $class$ [ $0$ ] ] ] [ $ExternalRiskEstimate<0.65  \eq  1$ [ $class$ [ $1$ ] ] [ $class$ [ $0$ ] ] ] ] ] ] [ $NumSatisfactoryTrades<0.5  \eq  1$ [ $TradeOpenTime<0.6  \eq  1$ [ $Utilization<0.6  \eq  1$ [ $ExternalRiskEstimate<0.80  \eq  1$ [ $class$ [ $1$ ] ] [ $class$ [ $0$ ] ] ] [ $Delinquency<0.55  \eq  1$ [ $class$ [ $1$ ] ] [ $class$ [ $0$ ] ] ] ] [ $TradeWBalance<0.33  \eq  1$ [ $Utilization<0.6  \eq  1$ [ $class$ [ $1$ ] ] [ $class$ [ $0$ ] ] ] [ $ExternalRiskEstimate<0.65  \eq  1$ [ $class$ [ $1$ ] ] [ $class$ [ $0$ ] ] ] ] ] [ $Delinquency<0.55  \eq  1$ [ $Utilization<0.6  \eq  1$ [ $ExternalRiskEstimate<0.65  \eq  1$ [ $class$ [ $1$ ] ] [ $class$ [ $0$ ] ] ] [ $TradeFrequency<0.45  \eq  1$ [ $class$ [ $1$ ] ] [ $class$ [ $0$ ] ] ] ] [ $RevolvingBalance<0.6  \eq  1$ [ $Delinquency<0.75  \eq  1$ [ $class$ [ $1$ ] ] [ $class$ [ $0$ ] ] ] [ $ExternalRiskEstimate<0.65  \eq  1$ [ $class$ [ $1$ ] ] [ $class$ [ $0$ ] ] ] ] ] ] ] [ $Delinquency<0.55  \eq  1$ [ $TradeOpenTime<0.6  \eq  1$ [ $ExternalRiskEstimate<0.65  \eq  1$ [ $RevolvingBalance<0.6  \eq  1$ [ $Utilization<0.6  \eq  1$ [ $class$ [ $1$ ] ] [ $class$ [ $0$ ] ] ] [ $Installment<0.5  \eq  1$ [ $class$ [ $1$ ] ] [ $class$ [ $0$ ] ] ] ] [ $RevolvingBalance<0.6  \eq  1$ [ $TradeFrequency<0.6  \eq  1$ [ $class$ [ $1$ ] ] [ $class$ [ $0$ ] ] ] [ $Utilization<0.6  \eq  1$ [ $class$ [ $1$ ] ] [ $class$ [ $0$ ] ] ] ] ] [ $NumSatisfactoryTrades<0.5  \eq  1$ [ $RevolvingBalance<0.6  \eq  1$ [ $ExternalRiskEstimate<0.65  \eq  1$ [ $class$ [ $1$ ] ] [ $class$ [ $0$ ] ] ] [ $ExternalRiskEstimate<0.49  \eq  1$ [ $class$ [ $1$ ] ] [ $class$ [ $0$ ] ] ] ] [ $ExternalRiskEstimate<0.49  \eq  1$ [ $TradeFrequency<0.6  \eq  1$ [ $class$ [ $1$ ] ] [ $class$ [ $0$ ] ] ] [ $class$ [ $0$ ] ] ] ] ] [ $Delinquency<0.75  \eq  1$ [ $NumSatisfactoryTrades<0.5  \eq  1$ [ $RevolvingBalance<0.4  \eq  1$ [ $ExternalRiskEstimate<0.80  \eq  1$ [ $class$ [ $1$ ] ] [ $class$ [ $0$ ] ] ] [ $ExternalRiskEstimate<0.49  \eq  1$ [ $class$ [ $1$ ] ] [ $class$ [ $0$ ] ] ] ] [ $Installment<0.5  \eq  1$ [ $TradeWBalance<0.33  \eq  1$ [ $class$ [ $1$ ] ] [ $class$ [ $0$ ] ] ] [ $ExternalRiskEstimate<0.49  \eq  1$ [ $class$ [ $1$ ] ] [ $class$ [ $0$ ] ] ] ] ] [ $TradeFrequency<0.45  \eq  1$ [ $RevolvingBalance<0.4  \eq  1$ [ $TradeWBalance<0.33  \eq  1$ [ $class$ [ $0$ ] ] [ $class$ [ $1$ ] ] ] [ $class$ [ $0$ ] ] ] [ $ExternalRiskEstimate<0.65  \eq  1$ [ $Installment<0.7  \eq  1$ [ $class$ [ $0$ ] ] [ $class$ [ $1$ ] ] ] [ $class$ [ $0$ ] ] ] ] ] ] ]
3,8367,17,34,24.25787441106513,7,56,111,73.98111629018764,69.83747609942638,[ $TradeOpenTime<0.6  \eq  1$ [ $TradeFrequency<0.6  \eq  1$ [ $Inquiry<0.75  \eq  1$ [ $Delinquency<0.55  \eq  1$ [ $TradeFrequency<0.45  \eq  1$ [ $ExternalRiskEstimate<0.80  \eq  1$ [ $class$ [ $1$ ] ] [ $class$ [ $0$ ] ] ] [ $ExternalRiskEstimate<0.65  \eq  1$ [ $class$ [ $1$ ] ] [ $class$ [ $0$ ] ] ] ] [ $Delinquency<0.75  \eq  1$ [ $ExternalRiskEstimate<0.80  \eq  1$ [ $class$ [ $1$ ] ] [ $class$ [ $0$ ] ] ] [ $RevolvingBalance<0.4  \eq  1$ [ $class$ [ $1$ ] ] [ $class$ [ $0$ ] ] ] ] ] [ $Utilization<0.6  \eq  1$ [ $RevolvingBalance<0.6  \eq  1$ [ $Delinquency<0.75  \eq  1$ [ $class$ [ $1$ ] ] [ $class$ [ $0$ ] ] ] [ $ExternalRiskEstimate<0.49  \eq  1$ [ $class$ [ $1$ ] ] [ $class$ [ $0$ ] ] ] ] [ $TradeWBalance<0.33  \eq  1$ [ $TradeFrequency<0.45  \eq  1$ [ $class$ [ $1$ ] ] [ $class$ [ $0$ ] ] ] [ $RevolvingBalance<0.4  \eq  1$ [ $class$ [ $1$ ] ] [ $class$ [ $0$ ] ] ] ] ] ] [ $NumSatisfactoryTrades<0.5  \eq  1$ [ $Delinquency<0.55  \eq  1$ [ $ExternalRiskEstimate<0.49  \eq  1$ [ $Inquiry<0.75  \eq  1$ [ $class$ [ $1$ ] ] [ $class$ [ $0$ ] ] ] [ $ExternalRiskEstimate<0.65  \eq  1$ [ $class$ [ $1$ ] ] [ $class$ [ $0$ ] ] ] ] [ $RevolvingBalance<0.4  \eq  1$ [ $ExternalRiskEstimate<0.80  \eq  1$ [ $class$ [ $1$ ] ] [ $class$ [ $0$ ] ] ] [ $TradeWBalance<0.33  \eq  1$ [ $class$ [ $1$ ] ] [ $class$ [ $0$ ] ] ] ] ] [ $Inquiry<0.75  \eq  1$ [ $RevolvingBalance<0.6  \eq  1$ [ $Delinquency<0.75  \eq  1$ [ $class$ [ $1$ ] ] [ $class$ [ $0$ ] ] ] [ $ExternalRiskEstimate<0.65  \eq  1$ [ $class$ [ $1$ ] ] [ $class$ [ $0$ ] ] ] ] [ $RevolvingBalance<0.6  \eq  1$ [ $ExternalRiskEstimate<0.49  \eq  1$ [ $class$ [ $1$ ] ] [ $class$ [ $0$ ] ] ] [ $TradeWBalance<0.33  \eq  1$ [ $class$ [ $1$ ] ] [ $class$ [ $0$ ] ] ] ] ] ] ] [ $Inquiry<0.75  \eq  1$ [ $RevolvingBalance<0.6  \eq  1$ [ $ExternalRiskEstimate<0.65  \eq  1$ [ $class$ [ $1$ ] ] [ $RevolvingBalance<0.4  \eq  1$ [ $NumSatisfactoryTrades<0.5  \eq  1$ [ $class$ [ $1$ ] ] [ $class$ [ $0$ ] ] ] [ $class$ [ $0$ ] ] ] ] [ $NumSatisfactoryTrades<0.5  \eq  1$ [ $Utilization<0.6  \eq  1$ [ $ExternalRiskEstimate<0.80  \eq  1$ [ $class$ [ $1$ ] ] [ $class$ [ $0$ ] ] ] [ $ExternalRiskEstimate<0.65  \eq  1$ [ $class$ [ $1$ ] ] [ $class$ [ $0$ ] ] ] ] [ $ExternalRiskEstimate<0.49  \eq  1$ [ $class$ [ $1$ ] ] [ $TradeWBalance<0.33  \eq  1$ [ $class$ [ $1$ ] ] [ $class$ [ $0$ ] ] ] ] ] ] [ $ExternalRiskEstimate<0.49  \eq  1$ [ $RevolvingBalance<0.4  \eq  1$ [ $Utilization<0.6  \eq  1$ [ $TradeOpenTime<0.85  \eq  1$ [ $class$ [ $1$ ] ] [ $class$ [ $0$ ] ] ] [ $TradeFrequency<0.6  \eq  1$ [ $class$ [ $1$ ] ] [ $class$ [ $0$ ] ] ] ] [ $TradeOpenTime<0.85  \eq  1$ [ $Utilization<0.6  \eq  1$ [ $class$ [ $1$ ] ] [ $class$ [ $0$ ] ] ] [ $TradeWBalance<0.33  \eq  1$ [ $class$ [ $1$ ] ] [ $class$ [ $0$ ] ] ] ] ] [ $ExternalRiskEstimate<0.65  \eq  1$ [ $Delinquency<0.75  \eq  1$ [ $TradeWBalance<0.33  \eq  1$ [ $class$ [ $1$ ] ] [ $class$ [ $0$ ] ] ] [ $Installment<0.7  \eq  1$ [ $class$ [ $0$ ] ] [ $class$ [ $1$ ] ] ] ] [ $class$ [ $0$ ] ] ] ] ] ]
4,8368,17,34,23.599905350245535,7,58,115,73.8527724665392,71.59253945480631,[ $NumSatisfactoryTrades<0.5  \eq  1$ [ $Inquiry<0.75  \eq  1$ [ $Utilization<0.6  \eq  1$ [ $TradeWBalance<0.33  \eq  1$ [ $TradeFrequency<0.6  \eq  1$ [ $Delinquency<0.75  \eq  1$ [ $class$ [ $1$ ] ] [ $class$ [ $0$ ] ] ] [ $class$ [ $1$ ] ] ] [ $TradeFrequency<0.6  \eq  1$ [ $ExternalRiskEstimate<0.80  \eq  1$ [ $class$ [ $1$ ] ] [ $class$ [ $0$ ] ] ] [ $ExternalRiskEstimate<0.65  \eq  1$ [ $class$ [ $1$ ] ] [ $class$ [ $0$ ] ] ] ] ] [ $Delinquency<0.55  \eq  1$ [ $TradeOpenTime<0.6  \eq  1$ [ $RevolvingBalance<0.4  \eq  1$ [ $class$ [ $0$ ] ] [ $class$ [ $1$ ] ] ] [ $RevolvingBalance<0.6  \eq  1$ [ $class$ [ $1$ ] ] [ $class$ [ $0$ ] ] ] ] [ $TradeFrequency<0.45  \eq  1$ [ $class$ [ $0$ ] ] [ $TradeWBalance<0.33  \eq  1$ [ $class$ [ $1$ ] ] [ $class$ [ $0$ ] ] ] ] ] ] [ $TradeFrequency<0.45  \eq  1$ [ $ExternalRiskEstimate<0.65  \eq  1$ [ $Installment<0.5  \eq  1$ [ $RevolvingBalance<0.6  \eq  1$ [ $class$ [ $1$ ] ] [ $class$ [ $0$ ] ] ] [ $Delinquency<0.75  \eq  1$ [ $class$ [ $1$ ] ] [ $class$ [ $0$ ] ] ] ] [ $TradeWBalance<0.33  \eq  1$ [ $Utilization<0.6  \eq  1$ [ $class$ [ $0$ ] ] [ $class$ [ $1$ ] ] ] [ $RevolvingBalance<0.4  \eq  1$ [ $class$ [ $1$ ] ] [ $class$ [ $0$ ] ] ] ] ] [ $RevolvingBalance<0.4  \eq  1$ [ $TradeOpenTime<0.85  \eq  1$ [ $Delinquency<0.75  \eq  1$ [ $class$ [ $1$ ] ] [ $class$ [ $0$ ] ] ] [ $class$ [ $0$ ] ] ] [ $TradeWBalance<0.33  \eq  1$ [ $ExternalRiskEstimate<0.65  \eq  1$ [ $class$ [ $1$ ] ] [ $class$ [ $0$ ] ] ] [ $ExternalRiskEstimate<0.49  \eq  1$ [ $class$ [ $1$ ] ] [ $class$ [ $0$ ] ] ] ] ] ] ] [ $Inquiry<0.75  \eq  1$ [ $RevolvingBalance<0.4  \eq  1$ [ $TradeWBalance<0.33  \eq  1$ [ $ExternalRiskEstimate<0.65  \eq  1$ [ $class$ [ $1$ ] ] [ $Installment<0.5  \eq  1$ [ $class$ [ $0$ ] ] [ $class$ [ $1$ ] ] ] ] [ $Delinquency<0.75  \eq  1$ [ $ExternalRiskEstimate<0.80  \eq  1$ [ $class$ [ $1$ ] ] [ $class$ [ $0$ ] ] ] [ $ExternalRiskEstimate<0.49  \eq  1$ [ $class$ [ $1$ ] ] [ $class$ [ $0$ ] ] ] ] ] [ $RevolvingBalance<0.6  \eq  1$ [ $Delinquency<0.55  \eq  1$ [ $ExternalRiskEstimate<0.65  \eq  1$ [ $class$ [ $1$ ] ] [ $class$ [ $0$ ] ] ] [ $Delinquency<0.75  \eq  1$ [ $class$ [ $1$ ] ] [ $class$ [ $0$ ] ] ] ] [ $TradeFrequency<0.45  \eq  1$ [ $Delinquency<0.75  \eq  1$ [ $class$ [ $1$ ] ] [ $class$ [ $0$ ] ] ] [ $ExternalRiskEstimate<0.49  \eq  1$ [ $class$ [ $1$ ] ] [ $class$ [ $0$ ] ] ] ] ] ] [ $ExternalRiskEstimate<0.49  \eq  1$ [ $TradeFrequency<0.6  \eq  1$ [ $Delinquency<0.55  \eq  1$ [ $TradeOpenTime<0.85  \eq  1$ [ $class$ [ $1$ ] ] [ $class$ [ $0$ ] ] ] [ $RevolvingBalance<0.4  \eq  1$ [ $class$ [ $1$ ] ] [ $class$ [ $0$ ] ] ] ] [ $RevolvingBalance<0.6  \eq  1$ [ $TradeOpenTime<0.6  \eq  1$ [ $class$ [ $1$ ] ] [ $class$ [ $0$ ] ] ] [ $Delinquency<0.55  \eq  1$ [ $class$ [ $0$ ] ] [ $class$ [ $1$ ] ] ] ] ] [ $Delinquency<0.55  \eq  1$ [ $TradeOpenTime<0.6  \eq  1$ [ $Utilization<0.6  \eq  1$ [ $class$ [ $1$ ] ] [ $class$ [ $0$ ] ] ] [ $class$ [ $0$ ] ] ] [ $Delinquency<0.75  \eq  1$ [ $TradeWBalance<0.33  \eq  1$ [ $class$ [ $1$ ] ] [ $class$ [ $0$ ] ] ] [ $class$ [ $0$ ] ] ] ] ] ] ]
0,8367,17,34,77.07627024268731,8,112,223,75.98900442213457,64.5793499043977,[ $NumSatisfactoryTrades<0.5  \eq  1$ [ $RevolvingBalance<0.4  \eq  1$ [ $TradeWBalance<0.33  \eq  1$ [ $ExternalRiskEstimate<0.65  \eq  1$ [ $TradeOpenTime<0.85  \eq  1$ [ $Installment<0.5  \eq  1$ [ $Delinquency<0.75  \eq  1$ [ $class$ [ $1$ ] ] [ $class$ [ $0$ ] ] ] [ $class$ [ $1$ ] ] ] [ $class$ [ $0$ ] ] ] [ $Delinquency<0.75  \eq  1$ [ $Installment<0.5  \eq  1$ [ $TradeOpenTime<0.85  \eq  1$ [ $class$ [ $1$ ] ] [ $class$ [ $0$ ] ] ] [ $ExternalRiskEstimate<0.80  \eq  1$ [ $class$ [ $0$ ] ] [ $class$ [ $1$ ] ] ] ] [ $ExternalRiskEstimate<0.80  \eq  1$ [ $Inquiry<0.75  \eq  1$ [ $class$ [ $1$ ] ] [ $class$ [ $0$ ] ] ] [ $TradeFrequency<0.6  \eq  1$ [ $class$ [ $0$ ] ] [ $class$ [ $1$ ] ] ] ] ] ] [ $TradeFrequency<0.6  \eq  1$ [ $Delinquency<0.75  \eq  1$ [ $TradeOpenTime<0.85  \eq  1$ [ $ExternalRiskEstimate<0.80  \eq  1$ [ $class$ [ $1$ ] ] [ $class$ [ $0$ ] ] ] [ $Installment<0.5  \eq  1$ [ $class$ [ $1$ ] ] [ $class$ [ $0$ ] ] ] ] [ $TradeOpenTime<0.6  \eq  1$ [ $Installment<0.5  \eq  1$ [ $class$ [ $1$ ] ] [ $class$ [ $0$ ] ] ] [ $TradeFrequency<0.45  \eq  1$ [ $class$ [ $1$ ] ] [ $class$ [ $0$ ] ] ] ] ] [ $TradeOpenTime<0.6  \eq  1$ [ $ExternalRiskEstimate<0.65  \eq  1$ [ $Delinquency<0.75  \eq  1$ [ $class$ [ $1$ ] ] [ $class$ [ $0$ ] ] ] [ $class$ [ $0$ ] ] ] [ $ExternalRiskEstimate<0.49  \eq  1$ [ $class$ [ $1$ ] ] [ $Inquiry<0.75  \eq  1$ [ $class$ [ $1$ ] ] [ $class$ [ $0$ ] ] ] ] ] ] ] [ $Inquiry<0.75  \eq  1$ [ $ExternalRiskEstimate<0.65  \eq  1$ [ $ExternalRiskEstimate<0.49  \eq  1$ [ $TradeOpenTime<0.6  \eq  1$ [ $Utilization<0.6  \eq  1$ [ $class$ [ $1$ ] ] [ $class$ [ $0$ ] ] ] [ $Delinquency<0.55  \eq  1$ [ $class$ [ $1$ ] ] [ $class$ [ $0$ ] ] ] ] [ $Delinquency<0.55  \eq  1$ [ $class$ [ $1$ ] ] [ $TradeWBalance<0.33  \eq  1$ [ $class$ [ $0$ ] ] [ $class$ [ $1$ ] ] ] ] ] [ $RevolvingBalance<0.6  \eq  1$ [ $Utilization<0.6  \eq  1$ [ $TradeOpenTime<0.6  \eq  1$ [ $class$ [ $1$ ] ] [ $class$ [ $0$ ] ] ] [ $Delinquency<0.55  \eq  1$ [ $class$ [ $1$ ] ] [ $class$ [ $0$ ] ] ] ] [ $ExternalRiskEstimate<0.80  \eq  1$ [ $Utilization<0.6  \eq  1$ [ $class$ [ $1$ ] ] [ $class$ [ $0$ ] ] ] [ $TradeWBalance<0.33  \eq  1$ [ $class$ [ $1$ ] ] [ $class$ [ $0$ ] ] ] ] ] ] [ $TradeFrequency<0.45  \eq  1$ [ $Delinquency<0.55  \eq  1$ [ $Installment<0.5  \eq  1$ [ $ExternalRiskEstimate<0.80  \eq  1$ [ $class$ [ $1$ ] ] [ $class$ [ $0$ ] ] ] [ $Utilization<0.6  \eq  1$ [ $class$ [ $1$ ] ] [ $class$ [ $0$ ] ] ] ] [ $ExternalRiskEstimate<0.65  \eq  1$ [ $RevolvingBalance<0.6  \eq  1$ [ $class$ [ $1$ ] ] [ $class$ [ $0$ ] ] ] [ $class$ [ $0$ ] ] ] ] [ $ExternalRiskEstimate<0.49  \eq  1$ [ $Installment<0.5  \eq  1$ [ $Delinquency<0.55  \eq  1$ [ $class$ [ $1$ ] ] [ $class$ [ $0$ ] ] ] [ $Utilization<0.6  \eq  1$ [ $class$ [ $1$ ] ] [ $class$ [ $0$ ] ] ] ] [ $TradeOpenTime<0.6  \eq  1$ [ $TradeWBalance<0.33  \eq  1$ [ $class$ [ $1$ ] ] [ $class$ [ $0$ ] ] ] [ $class$ [ $0$ ] ] ] ] ] ] ] [ $Delinquency<0.55  \eq  1$ [ $Installment<0.5  \eq  1$ [ $Inquiry<0.75  \eq  1$ [ $Utilization<0.6  \eq  1$ [ $ExternalRiskEstimate<0.49  \eq  1$ [ $class$ [ $1$ ] ] [ $TradeFrequency<0.6  \eq  1$ [ $class$ [ $1$ ] ] [ $class$ [ $0$ ] ] ] ] [ $TradeOpenTime<0.6  \eq  1$ [ $TradeWBalance<0.33  \eq  1$ [ $class$ [ $0$ ] ] [ $class$ [ $1$ ] ] ] [ $RevolvingBalance<0.4  \eq  1$ [ $class$ [ $1$ ] ] [ $class$ [ $0$ ] ] ] ] ] [ $ExternalRiskEstimate<0.49  \eq  1$ [ $RevolvingBalance<0.6  \eq  1$ [ $TradeOpenTime<0.85  \eq  1$ [ $class$ [ $1$ ] ] [ $class$ [ $0$ ] ] ] [ $TradeFrequency<0.6  \eq  1$ [ $class$ [ $1$ ] ] [ $class$ [ $0$ ] ] ] ] [ $Utilization<0.6  \eq  1$ [ $TradeOpenTime<0.6  \eq  1$ [ $class$ [ $1$ ] ] [ $class$ [ $0$ ] ] ] [ $class$ [ $0$ ] ] ] ] ] [ $Inquiry<0.75  \eq  1$ [ $Utilization<0.6  \eq  1$ [ $ExternalRiskEstimate<0.49  \eq  1$ [ $class$ [ $1$ ] ] [ $RevolvingBalance<0.6  \eq  1$ [ $class$ [ $1$ ] ] [ $class$ [ $0$ ] ] ] ] [ $TradeOpenTime<0.85  \eq  1$ [ $ExternalRiskEstimate<0.80  \eq  1$ [ $class$ [ $1$ ] ] [ $class$ [ $0$ ] ] ] [ $Installment<0.7  \eq  1$ [ $class$ [ $1$ ] ] [ $class$ [ $0$ ] ] ] ] ] [ $TradeFrequency<0.6  \eq  1$ [ $ExternalRiskEstimate<0.49  \eq  1$ [ $RevolvingBalance<0.6  \eq  1$ [ $class$ [ $1$ ] ] [ $class$ [ $0$ ] ] ] [ $RevolvingBalance<0.4  \eq  1$ [ $class$ [ $1$ ] ] [ $class$ [ $0$ ] ] ] ] [ $TradeOpenTime<0.6  \eq  1$ [ $RevolvingBalance<0.4  \eq  1$ [ $class$ [ $1$ ] ] [ $class$ [ $0$ ] ] ] [ $class$ [ $0$ ] ] ] ] ] ] [ $Delinquency<0.75  \eq  1$ [ $Inquiry<0.75  \eq  1$ [ $ExternalRiskEstimate<0.65  \eq  1$ [ $TradeOpenTime<0.85  \eq  1$ [ $class$ [ $1$ ] ] [ $class$ [ $0$ ] ] ] [ $RevolvingBalance<0.6  \eq  1$ [ $Installment<0.5  \eq  1$ [ $class$ [ $1$ ] ] [ $class$ [ $0$ ] ] ] [ $TradeFrequency<0.45  \eq  1$ [ $class$ [ $1$ ] ] [ $class$ [ $0$ ] ] ] ] ] [ $TradeFrequency<0.6  \eq  1$ [ $TradeWBalance<0.33  \eq  1$ [ $RevolvingBalance<0.4  \eq  1$ [ $class$ [ $1$ ] ] [ $class$ [ $0$ ] ] ] [ $ExternalRiskEstimate<0.49  \eq  1$ [ $class$ [ $1$ ] ] [ $class$ [ $0$ ] ] ] ] [ $Utilization<0.6  \eq  1$ [ $TradeWBalance<0.33  \eq  1$ [ $class$ [ $1$ ] ] [ $class$ [ $0$ ] ] ] [ $ExternalRiskEstimate<0.65  \eq  1$ [ $class$ [ $1$ ] ] [ $class$ [ $0$ ] ] ] ] ] ] [ $TradeOpenTime<0.6  \eq  1$ [ $TradeFrequency<0.6  \eq  1$ [ $RevolvingBalance<0.4  \eq  1$ [ $Inquiry<0.75  \eq  1$ [ $class$ [ $1$ ] ] [ $class$ [ $0$ ] ] ] [ $ExternalRiskEstimate<0.65  \eq  1$ [ $class$ [ $1$ ] ] [ $class$ [ $0$ ] ] ] ] [ $TradeWBalance<0.33  \eq  1$ [ $Installment<0.5  \eq  1$ [ $class$ [ $0$ ] ] [ $class$ [ $1$ ] ] ] [ $ExternalRiskEstimate<0.49  \eq  1$ [ $class$ [ $1$ ] ] [ $class$ [ $0$ ] ] ] ] ] [ $Inquiry<0.75  \eq  1$ [ $TradeWBalance<0.33  \eq  1$ [ $RevolvingBalance<0.4  \eq  1$ [ $class$ [ $1$ ] ] [ $class$ [ $0$ ] ] ] [ $ExternalRiskEstimate<0.49  \eq  1$ [ $class$ [ $1$ ] ] [ $class$ [ $0$ ] ] ] ] [ $ExternalRiskEstimate<0.65  \eq  1$ [ $Installment<0.7  \eq  1$ [ $class$ [ $0$ ] ] [ $class$ [ $1$ ] ] ] [ $class$ [ $0$ ] ] ] ] ] ] ] ]
1,8367,17,34,74.26389310276136,8,117,233,75.0567706465878,69.31166347992351,[ $Inquiry<0.75  \eq  1$ [ $RevolvingBalance<0.4  \eq  1$ [ $ExternalRiskEstimate<0.80  \eq  1$ [ $Utilization<0.6  \eq  1$ [ $TradeWBalance<0.33  \eq  1$ [ $ExternalRiskEstimate<0.65  \eq  1$ [ $Delinquency<0.75  \eq  1$ [ $class$ [ $1$ ] ] [ $class$ [ $0$ ] ] ] [ $TradeOpenTime<0.85  \eq  1$ [ $class$ [ $1$ ] ] [ $class$ [ $0$ ] ] ] ] [ $TradeFrequency<0.6  \eq  1$ [ $class$ [ $1$ ] ] [ $Delinquency<0.75  \eq  1$ [ $class$ [ $1$ ] ] [ $class$ [ $0$ ] ] ] ] ] [ $TradeFrequency<0.6  \eq  1$ [ $TradeWBalance<0.33  \eq  1$ [ $TradeOpenTime<0.6  \eq  1$ [ $class$ [ $0$ ] ] [ $class$ [ $1$ ] ] ] [ $ExternalRiskEstimate<0.49  \eq  1$ [ $class$ [ $1$ ] ] [ $class$ [ $0$ ] ] ] ] [ $TradeOpenTime<0.6  \eq  1$ [ $TradeWBalance<0.33  \eq  1$ [ $class$ [ $1$ ] ] [ $class$ [ $0$ ] ] ] [ $Delinquency<0.75  \eq  1$ [ $class$ [ $1$ ] ] [ $class$ [ $0$ ] ] ] ] ] ] [ $Installment<0.5  \eq  1$ [ $NumSatisfactoryTrades<0.5  \eq  1$ [ $TradeOpenTime<0.6  \eq  1$ [ $class$ [ $0$ ] ] [ $Delinquency<0.75  \eq  1$ [ $class$ [ $1$ ] ] [ $class$ [ $0$ ] ] ] ] [ $TradeFrequency<0.6  \eq  1$ [ $class$ [ $0$ ] ] [ $Delinquency<0.75  \eq  1$ [ $class$ [ $1$ ] ] [ $class$ [ $0$ ] ] ] ] ] [ $TradeOpenTime<0.6  \eq  1$ [ $Utilization<0.6  \eq  1$ [ $NumSatisfactoryTrades<0.5  \eq  1$ [ $class$ [ $0$ ] ] [ $class$ [ $1$ ] ] ] [ $TradeWBalance<0.33  \eq  1$ [ $class$ [ $1$ ] ] [ $class$ [ $0$ ] ] ] ] [ $TradeFrequency<0.6  \eq  1$ [ $Utilization<0.6  \eq  1$ [ $class$ [ $0$ ] ] [ $class$ [ $1$ ] ] ] [ $TradeOpenTime<0.85  \eq  1$ [ $class$ [ $1$ ] ] [ $class$ [ $0$ ] ] ] ] ] ] ] [ $Delinquency<0.55  \eq  1$ [ $Installment<0.5  \eq  1$ [ $TradeFrequency<0.6  \eq  1$ [ $Utilization<0.6  \eq  1$ [ $ExternalRiskEstimate<0.80  \eq  1$ [ $class$ [ $1$ ] ] [ $class$ [ $0$ ] ] ] [ $RevolvingBalance<0.6  \eq  1$ [ $class$ [ $1$ ] ] [ $class$ [ $0$ ] ] ] ] [ $Utilization<0.6  \eq  1$ [ $ExternalRiskEstimate<0.65  \eq  1$ [ $class$ [ $1$ ] ] [ $class$ [ $0$ ] ] ] [ $TradeOpenTime<0.85  \eq  1$ [ $class$ [ $1$ ] ] [ $class$ [ $0$ ] ] ] ] ] [ $Utilization<0.6  \eq  1$ [ $NumSatisfactoryTrades<0.5  \eq  1$ [ $class$ [ $1$ ] ] [ $ExternalRiskEstimate<0.49  \eq  1$ [ $class$ [ $1$ ] ] [ $class$ [ $0$ ] ] ] ] [ $TradeFrequency<0.6  \eq  1$ [ $ExternalRiskEstimate<0.80  \eq  1$ [ $class$ [ $1$ ] ] [ $class$ [ $0$ ] ] ] [ $ExternalRiskEstimate<0.49  \eq  1$ [ $class$ [ $1$ ] ] [ $class$ [ $0$ ] ] ] ] ] ] [ $NumSatisfactoryTrades<0.5  \eq  1$ [ $TradeFrequency<0.45  \eq  1$ [ $TradeWBalance<0.33  \eq  1$ [ $RevolvingBalance<0.6  \eq  1$ [ $class$ [ $1$ ] ] [ $class$ [ $0$ ] ] ] [ $ExternalRiskEstimate<0.80  \eq  1$ [ $class$ [ $1$ ] ] [ $class$ [ $0$ ] ] ] ] [ $ExternalRiskEstimate<0.65  \eq  1$ [ $Installment<0.5  \eq  1$ [ $class$ [ $0$ ] ] [ $class$ [ $1$ ] ] ] [ $TradeWBalance<0.33  \eq  1$ [ $class$ [ $1$ ] ] [ $class$ [ $0$ ] ] ] ] ] [ $TradeOpenTime<0.6  \eq  1$ [ $TradeWBalance<0.33  \eq  1$ [ $Utilization<0.6  \eq  1$ [ $class$ [ $1$ ] ] [ $class$ [ $0$ ] ] ] [ $ExternalRiskEstimate<0.65  \eq  1$ [ $class$ [ $1$ ] ] [ $class$ [ $0$ ] ] ] ] [ $RevolvingBalance<0.6  \eq  1$ [ $Delinquency<0.75  \eq  1$ [ $class$ [ $1$ ] ] [ $class$ [ $0$ ] ] ] [ $ExternalRiskEstimate<0.49  \eq  1$ [ $class$ [ $1$ ] ] [ $class$ [ $0$ ] ] ] ] ] ] ] ] [ $TradeOpenTime<0.6  \eq  1$ [ $RevolvingBalance<0.6  \eq  1$ [ $ExternalRiskEstimate<0.49  \eq  1$ [ $RevolvingBalance<0.4  \eq  1$ [ $Utilization<0.6  \eq  1$ [ $Delinquency<0.75  \eq  1$ [ $class$ [ $1$ ] ] [ $class$ [ $0$ ] ] ] [ $TradeWBalance<0.33  \eq  1$ [ $class$ [ $0$ ] ] [ $class$ [ $1$ ] ] ] ] [ $TradeWBalance<0.33  \eq  1$ [ $Installment<0.5  \eq  1$ [ $class$ [ $1$ ] ] [ $class$ [ $0$ ] ] ] [ $Delinquency<0.75  \eq  1$ [ $class$ [ $1$ ] ] [ $class$ [ $0$ ] ] ] ] ] [ $RevolvingBalance<0.4  \eq  1$ [ $TradeWBalance<0.33  \eq  1$ [ $Delinquency<0.75  \eq  1$ [ $class$ [ $1$ ] ] [ $class$ [ $0$ ] ] ] [ $NumSatisfactoryTrades<0.5  \eq  1$ [ $class$ [ $1$ ] ] [ $class$ [ $0$ ] ] ] ] [ $ExternalRiskEstimate<0.65  \eq  1$ [ $TradeFrequency<0.6  \eq  1$ [ $class$ [ $1$ ] ] [ $class$ [ $0$ ] ] ] [ $Delinquency<0.55  \eq  1$ [ $class$ [ $1$ ] ] [ $class$ [ $0$ ] ] ] ] ] ] [ $TradeFrequency<0.6  \eq  1$ [ $Delinquency<0.75  \eq  1$ [ $Utilization<0.6  \eq  1$ [ $ExternalRiskEstimate<0.49  \eq  1$ [ $class$ [ $1$ ] ] [ $class$ [ $0$ ] ] ] [ $TradeWBalance<0.33  \eq  1$ [ $class$ [ $1$ ] ] [ $class$ [ $0$ ] ] ] ] [ $ExternalRiskEstimate<0.65  \eq  1$ [ $Installment<0.5  \eq  1$ [ $class$ [ $0$ ] ] [ $class$ [ $1$ ] ] ] [ $class$ [ $0$ ] ] ] ] [ $NumSatisfactoryTrades<0.5  \eq  1$ [ $Installment<0.5  \eq  1$ [ $Delinquency<0.55  \eq  1$ [ $class$ [ $1$ ] ] [ $class$ [ $0$ ] ] ] [ $ExternalRiskEstimate<0.80  \eq  1$ [ $class$ [ $1$ ] ] [ $class$ [ $0$ ] ] ] ] [ $TradeWBalance<0.33  \eq  1$ [ $class$ [ $1$ ] ] [ $class$ [ $0$ ] ] ] ] ] ] [ $Delinquency<0.55  \eq  1$ [ $ExternalRiskEstimate<0.49  \eq  1$ [ $Installment<0.5  \eq  1$ [ $NumSatisfactoryTrades<0.5  \eq  1$ [ $RevolvingBalance<0.6  \eq  1$ [ $class$ [ $1$ ] ] [ $class$ [ $0$ ] ] ] [ $TradeOpenTime<0.85  \eq  1$ [ $class$ [ $1$ ] ] [ $class$ [ $0$ ] ] ] ] [ $TradeFrequency<0.6  \eq  1$ [ $TradeOpenTime<0.85  \eq  1$ [ $class$ [ $1$ ] ] [ $class$ [ $0$ ] ] ] [ $NumSatisfactoryTrades<0.5  \eq  1$ [ $class$ [ $1$ ] ] [ $class$ [ $0$ ] ] ] ] ] [ $TradeFrequency<0.45  \eq  1$ [ $Installment<0.5  \eq  1$ [ $ExternalRiskEstimate<0.80  \eq  1$ [ $class$ [ $1$ ] ] [ $class$ [ $0$ ] ] ] [ $RevolvingBalance<0.6  \eq  1$ [ $class$ [ $1$ ] ] [ $class$ [ $0$ ] ] ] ] [ $NumSatisfactoryTrades<0.5  \eq  1$ [ $RevolvingBalance<0.4  \eq  1$ [ $class$ [ $1$ ] ] [ $class$ [ $0$ ] ] ] [ $class$ [ $0$ ] ] ] ] ] [ $TradeWBalance<0.33  \eq  1$ [ $Delinquency<0.75  \eq  1$ [ $ExternalRiskEstimate<0.65  \eq  1$ [ $TradeOpenTime<0.85  \eq  1$ [ $class$ [ $1$ ] ] [ $class$ [ $0$ ] ] ] [ $class$ [ $0$ ] ] ] [ $ExternalRiskEstimate<0.49  \eq  1$ [ $TradeFrequency<0.6  \eq  1$ [ $class$ [ $1$ ] ] [ $class$ [ $0$ ] ] ] [ $class$ [ $0$ ] ] ] ] [ $ExternalRiskEstimate<0.49  \eq  1$ [ $NumSatisfactoryTrades<0.5  \eq  1$ [ $RevolvingBalance<0.6  \eq  1$ [ $class$ [ $1$ ] ] [ $class$ [ $0$ ] ] ] [ $TradeOpenTime<0.85  \eq  1$ [ $class$ [ $0$ ] ] [ $class$ [ $1$ ] ] ] ] [ $TradeFrequency<0.45  \eq  1$ [ $RevolvingBalance<0.4  \eq  1$ [ $class$ [ $1$ ] ] [ $class$ [ $0$ ] ] ] [ $class$ [ $0$ ] ] ] ] ] ] ] ]
2,8367,17,34,75.96599087165669,8,114,227,74.68626747938329,71.70172084130019,[ $NumSatisfactoryTrades<0.5  \eq  1$ [ $Inquiry<0.75  \eq  1$ [ $RevolvingBalance<0.6  \eq  1$ [ $TradeWBalance<0.33  \eq  1$ [ $ExternalRiskEstimate<0.80  \eq  1$ [ $ExternalRiskEstimate<0.65  \eq  1$ [ $Delinquency<0.75  \eq  1$ [ $class$ [ $1$ ] ] [ $class$ [ $0$ ] ] ] [ $class$ [ $1$ ] ] ] [ $Delinquency<0.75  \eq  1$ [ $Utilization<0.6  \eq  1$ [ $class$ [ $1$ ] ] [ $class$ [ $0$ ] ] ] [ $class$ [ $0$ ] ] ] ] [ $TradeOpenTime<0.6  \eq  1$ [ $TradeFrequency<0.45  \eq  1$ [ $ExternalRiskEstimate<0.80  \eq  1$ [ $class$ [ $1$ ] ] [ $class$ [ $0$ ] ] ] [ $Utilization<0.6  \eq  1$ [ $class$ [ $1$ ] ] [ $class$ [ $0$ ] ] ] ] [ $RevolvingBalance<0.4  \eq  1$ [ $Delinquency<0.75  \eq  1$ [ $class$ [ $1$ ] ] [ $class$ [ $0$ ] ] ] [ $ExternalRiskEstimate<0.65  \eq  1$ [ $class$ [ $1$ ] ] [ $class$ [ $0$ ] ] ] ] ] ] [ $TradeOpenTime<0.6  \eq  1$ [ $TradeFrequency<0.45  \eq  1$ [ $Installment<0.5  \eq  1$ [ $ExternalRiskEstimate<0.80  \eq  1$ [ $class$ [ $1$ ] ] [ $class$ [ $0$ ] ] ] [ $Delinquency<0.55  \eq  1$ [ $class$ [ $1$ ] ] [ $class$ [ $0$ ] ] ] ] [ $ExternalRiskEstimate<0.80  \eq  1$ [ $TradeFrequency<0.6  \eq  1$ [ $class$ [ $1$ ] ] [ $class$ [ $0$ ] ] ] [ $TradeWBalance<0.33  \eq  1$ [ $class$ [ $1$ ] ] [ $class$ [ $0$ ] ] ] ] ] [ $Installment<0.5  \eq  1$ [ $Delinquency<0.55  \eq  1$ [ $Utilization<0.6  \eq  1$ [ $class$ [ $1$ ] ] [ $class$ [ $0$ ] ] ] [ $class$ [ $0$ ] ] ] [ $TradeOpenTime<0.85  \eq  1$ [ $ExternalRiskEstimate<0.80  \eq  1$ [ $class$ [ $1$ ] ] [ $class$ [ $0$ ] ] ] [ $Delinquency<0.55  \eq  1$ [ $class$ [ $1$ ] ] [ $class$ [ $0$ ] ] ] ] ] ] ] [ $Delinquency<0.55  \eq  1$ [ $ExternalRiskEstimate<0.65  \eq  1$ [ $TradeFrequency<0.45  \eq  1$ [ $TradeWBalance<0.33  \eq  1$ [ $RevolvingBalance<0.6  \eq  1$ [ $class$ [ $1$ ] ] [ $class$ [ $0$ ] ] ] [ $Utilization<0.6  \eq  1$ [ $class$ [ $1$ ] ] [ $class$ [ $0$ ] ] ] ] [ $RevolvingBalance<0.6  \eq  1$ [ $Utilization<0.6  \eq  1$ [ $class$ [ $1$ ] ] [ $class$ [ $0$ ] ] ] [ $ExternalRiskEstimate<0.49  \eq  1$ [ $class$ [ $1$ ] ] [ $class$ [ $0$ ] ] ] ] ] [ $TradeOpenTime<0.6  \eq  1$ [ $RevolvingBalance<0.6  \eq  1$ [ $TradeFrequency<0.6  \eq  1$ [ $class$ [ $1$ ] ] [ $class$ [ $0$ ] ] ] [ $Utilization<0.6  \eq  1$ [ $class$ [ $1$ ] ] [ $class$ [ $0$ ] ] ] ] [ $Installment<0.5  \eq  1$ [ $class$ [ $0$ ] ] [ $RevolvingBalance<0.4  \eq  1$ [ $class$ [ $1$ ] ] [ $class$ [ $0$ ] ] ] ] ] ] [ $TradeFrequency<0.45  \eq  1$ [ $TradeWBalance<0.33  \eq  1$ [ $ExternalRiskEstimate<0.49  \eq  1$ [ $Delinquency<0.75  \eq  1$ [ $class$ [ $1$ ] ] [ $class$ [ $0$ ] ] ] [ $class$ [ $0$ ] ] ] [ $ExternalRiskEstimate<0.80  \eq  1$ [ $RevolvingBalance<0.6  \eq  1$ [ $class$ [ $1$ ] ] [ $class$ [ $0$ ] ] ] [ $class$ [ $0$ ] ] ] ] [ $ExternalRiskEstimate<0.80  \eq  1$ [ $RevolvingBalance<0.4  \eq  1$ [ $Delinquency<0.75  \eq  1$ [ $class$ [ $1$ ] ] [ $class$ [ $0$ ] ] ] [ $ExternalRiskEstimate<0.49  \eq  1$ [ $class$ [ $1$ ] ] [ $class$ [ $0$ ] ] ] ] [ $RevolvingBalance<0.4  \eq  1$ [ $TradeWBalance<0.33  \eq  1$ [ $class$ [ $1$ ] ] [ $class$ [ $0$ ] ] ] [ $class$ [ $0$ ] ] ] ] ] ] ] [ $Delinquency<0.55  \eq  1$ [ $ExternalRiskEstimate<0.49  \eq  1$ [ $RevolvingBalance<0.6  \eq  1$ [ $Utilization<0.6  \eq  1$ [ $Inquiry<0.75  \eq  1$ [ $class$ [ $1$ ] ] [ $TradeOpenTime<0.85  \eq  1$ [ $class$ [ $1$ ] ] [ $class$ [ $0$ ] ] ] ] [ $TradeOpenTime<0.6  \eq  1$ [ $TradeFrequency<0.6  \eq  1$ [ $class$ [ $0$ ] ] [ $class$ [ $1$ ] ] ] [ $TradeFrequency<0.6  \eq  1$ [ $class$ [ $1$ ] ] [ $class$ [ $0$ ] ] ] ] ] [ $TradeFrequency<0.6  \eq  1$ [ $Installment<0.5  \eq  1$ [ $TradeOpenTime<0.85  \eq  1$ [ $class$ [ $1$ ] ] [ $class$ [ $0$ ] ] ] [ $Inquiry<0.75  \eq  1$ [ $class$ [ $1$ ] ] [ $class$ [ $0$ ] ] ] ] [ $Inquiry<0.75  \eq  1$ [ $Installment<0.7  \eq  1$ [ $class$ [ $1$ ] ] [ $class$ [ $0$ ] ] ] [ $TradeWBalance<0.33  \eq  1$ [ $class$ [ $1$ ] ] [ $class$ [ $0$ ] ] ] ] ] ] [ $Installment<0.5  \eq  1$ [ $RevolvingBalance<0.4  \eq  1$ [ $TradeFrequency<0.45  \eq  1$ [ $class$ [ $0$ ] ] [ $TradeFrequency<0.6  \eq  1$ [ $class$ [ $1$ ] ] [ $class$ [ $0$ ] ] ] ] [ $ExternalRiskEstimate<0.65  \eq  1$ [ $TradeOpenTime<0.6  \eq  1$ [ $class$ [ $1$ ] ] [ $class$ [ $0$ ] ] ] [ $class$ [ $0$ ] ] ] ] [ $TradeFrequency<0.6  \eq  1$ [ $Inquiry<0.75  \eq  1$ [ $Utilization<0.6  \eq  1$ [ $class$ [ $0$ ] ] [ $class$ [ $1$ ] ] ] [ $RevolvingBalance<0.4  \eq  1$ [ $class$ [ $1$ ] ] [ $class$ [ $0$ ] ] ] ] [ $ExternalRiskEstimate<0.65  \eq  1$ [ $Inquiry<0.75  \eq  1$ [ $class$ [ $1$ ] ] [ $class$ [ $0$ ] ] ] [ $class$ [ $0$ ] ] ] ] ] ] [ $Inquiry<0.75  \eq  1$ [ $RevolvingBalance<0.4  \eq  1$ [ $TradeOpenTime<0.6  \eq  1$ [ $ExternalRiskEstimate<0.80  \eq  1$ [ $Utilization<0.6  \eq  1$ [ $class$ [ $1$ ] ] [ $class$ [ $0$ ] ] ] [ $Installment<0.5  \eq  1$ [ $class$ [ $0$ ] ] [ $class$ [ $1$ ] ] ] ] [ $TradeWBalance<0.33  \eq  1$ [ $TradeFrequency<0.45  \eq  1$ [ $class$ [ $0$ ] ] [ $class$ [ $1$ ] ] ] [ $ExternalRiskEstimate<0.49  \eq  1$ [ $class$ [ $1$ ] ] [ $class$ [ $0$ ] ] ] ] ] [ $ExternalRiskEstimate<0.65  \eq  1$ [ $Delinquency<0.75  \eq  1$ [ $TradeOpenTime<0.85  \eq  1$ [ $class$ [ $1$ ] ] [ $class$ [ $0$ ] ] ] [ $ExternalRiskEstimate<0.49  \eq  1$ [ $class$ [ $1$ ] ] [ $class$ [ $0$ ] ] ] ] [ $Delinquency<0.75  \eq  1$ [ $RevolvingBalance<0.6  \eq  1$ [ $class$ [ $1$ ] ] [ $class$ [ $0$ ] ] ] [ $Installment<0.7  \eq  1$ [ $class$ [ $0$ ] ] [ $class$ [ $1$ ] ] ] ] ] ] [ $ExternalRiskEstimate<0.49  \eq  1$ [ $Installment<0.5  \eq  1$ [ $TradeWBalance<0.33  \eq  1$ [ $TradeFrequency<0.6  \eq  1$ [ $class$ [ $1$ ] ] [ $class$ [ $0$ ] ] ] [ $TradeFrequency<0.45  \eq  1$ [ $class$ [ $1$ ] ] [ $class$ [ $0$ ] ] ] ] [ $TradeFrequency<0.45  \eq  1$ [ $class$ [ $0$ ] ] [ $Utilization<0.6  \eq  1$ [ $class$ [ $1$ ] ] [ $class$ [ $0$ ] ] ] ] ] [ $Utilization<0.6  \eq  1$ [ $TradeWBalance<0.33  \eq  1$ [ $Delinquency<0.75  \eq  1$ [ $class$ [ $1$ ] ] [ $class$ [ $0$ ] ] ] [ $class$ [ $0$ ] ] ] [ $ExternalRiskEstimate<0.65  \eq  1$ [ $Installment<0.5  \eq  1$ [ $class$ [ $1$ ] ] [ $class$ [ $0$ ] ] ] [ $class$ [ $0$ ] ] ] ] ] ] ] ]
3,8367,17,34,75.54201206797734,8,118,235,74.96115692601887,70.45889101338432,[ $NumSatisfactoryTrades<0.5  \eq  1$ [ $TradeOpenTime<0.6  \eq  1$ [ $ExternalRiskEstimate<0.65  \eq  1$ [ $TradeFrequency<0.45  \eq  1$ [ $ExternalRiskEstimate<0.49  \eq  1$ [ $RevolvingBalance<0.4  \eq  1$ [ $class$ [ $1$ ] ] [ $Utilization<0.6  \eq  1$ [ $class$ [ $1$ ] ] [ $class$ [ $0$ ] ] ] ] [ $Inquiry<0.75  \eq  1$ [ $Delinquency<0.75  \eq  1$ [ $class$ [ $1$ ] ] [ $class$ [ $0$ ] ] ] [ $RevolvingBalance<0.6  \eq  1$ [ $class$ [ $1$ ] ] [ $class$ [ $0$ ] ] ] ] ] [ $TradeFrequency<0.6  \eq  1$ [ $Utilization<0.6  \eq  1$ [ $Delinquency<0.75  \eq  1$ [ $class$ [ $1$ ] ] [ $class$ [ $0$ ] ] ] [ $Inquiry<0.75  \eq  1$ [ $class$ [ $1$ ] ] [ $class$ [ $0$ ] ] ] ] [ $RevolvingBalance<0.4  \eq  1$ [ $Delinquency<0.75  \eq  1$ [ $class$ [ $1$ ] ] [ $class$ [ $0$ ] ] ] [ $Delinquency<0.55  \eq  1$ [ $class$ [ $1$ ] ] [ $class$ [ $0$ ] ] ] ] ] ] [ $Inquiry<0.75  \eq  1$ [ $Utilization<0.6  \eq  1$ [ $TradeWBalance<0.33  \eq  1$ [ $RevolvingBalance<0.6  \eq  1$ [ $class$ [ $1$ ] ] [ $class$ [ $0$ ] ] ] [ $TradeFrequency<0.6  \eq  1$ [ $class$ [ $1$ ] ] [ $class$ [ $0$ ] ] ] ] [ $ExternalRiskEstimate<0.80  \eq  1$ [ $TradeFrequency<0.45  \eq  1$ [ $class$ [ $1$ ] ] [ $class$ [ $0$ ] ] ] [ $RevolvingBalance<0.6  \eq  1$ [ $class$ [ $1$ ] ] [ $class$ [ $0$ ] ] ] ] ] [ $Delinquency<0.55  \eq  1$ [ $RevolvingBalance<0.4  \eq  1$ [ $class$ [ $0$ ] ] [ $TradeWBalance<0.33  \eq  1$ [ $class$ [ $1$ ] ] [ $class$ [ $0$ ] ] ] ] [ $Delinquency<0.75  \eq  1$ [ $RevolvingBalance<0.4  \eq  1$ [ $class$ [ $1$ ] ] [ $class$ [ $0$ ] ] ] [ $class$ [ $0$ ] ] ] ] ] ] [ $Inquiry<0.75  \eq  1$ [ $RevolvingBalance<0.6  \eq  1$ [ $TradeWBalance<0.33  \eq  1$ [ $ExternalRiskEstimate<0.80  \eq  1$ [ $class$ [ $1$ ] ] [ $Installment<0.5  \eq  1$ [ $class$ [ $0$ ] ] [ $class$ [ $1$ ] ] ] ] [ $ExternalRiskEstimate<0.65  \eq  1$ [ $class$ [ $1$ ] ] [ $RevolvingBalance<0.4  \eq  1$ [ $class$ [ $1$ ] ] [ $class$ [ $0$ ] ] ] ] ] [ $Installment<0.5  \eq  1$ [ $Utilization<0.6  \eq  1$ [ $ExternalRiskEstimate<0.80  \eq  1$ [ $class$ [ $1$ ] ] [ $class$ [ $0$ ] ] ] [ $TradeWBalance<0.33  \eq  1$ [ $class$ [ $1$ ] ] [ $class$ [ $0$ ] ] ] ] [ $Delinquency<0.55  \eq  1$ [ $ExternalRiskEstimate<0.65  \eq  1$ [ $class$ [ $1$ ] ] [ $class$ [ $0$ ] ] ] [ $ExternalRiskEstimate<0.80  \eq  1$ [ $class$ [ $1$ ] ] [ $class$ [ $0$ ] ] ] ] ] ] [ $TradeFrequency<0.45  \eq  1$ [ $Delinquency<0.55  \eq  1$ [ $TradeWBalance<0.33  \eq  1$ [ $ExternalRiskEstimate<0.65  \eq  1$ [ $class$ [ $1$ ] ] [ $class$ [ $0$ ] ] ] [ $ExternalRiskEstimate<0.80  \eq  1$ [ $class$ [ $1$ ] ] [ $class$ [ $0$ ] ] ] ] [ $Utilization<0.6  \eq  1$ [ $ExternalRiskEstimate<0.49  \eq  1$ [ $class$ [ $1$ ] ] [ $class$ [ $0$ ] ] ] [ $RevolvingBalance<0.4  \eq  1$ [ $class$ [ $1$ ] ] [ $class$ [ $0$ ] ] ] ] ] [ $TradeWBalance<0.33  \eq  1$ [ $TradeOpenTime<0.85  \eq  1$ [ $RevolvingBalance<0.6  \eq  1$ [ $class$ [ $1$ ] ] [ $class$ [ $0$ ] ] ] [ $class$ [ $0$ ] ] ] [ $Utilization<0.6  \eq  1$ [ $ExternalRiskEstimate<0.49  \eq  1$ [ $class$ [ $1$ ] ] [ $class$ [ $0$ ] ] ] [ $RevolvingBalance<0.4  \eq  1$ [ $class$ [ $1$ ] ] [ $class$ [ $0$ ] ] ] ] ] ] ] ] [ $Delinquency<0.55  \eq  1$ [ $Inquiry<0.75  \eq  1$ [ $Utilization<0.6  \eq  1$ [ $RevolvingBalance<0.4  \eq  1$ [ $ExternalRiskEstimate<0.49  \eq  1$ [ $class$ [ $1$ ] ] [ $TradeFrequency<0.45  \eq  1$ [ $class$ [ $0$ ] ] [ $class$ [ $1$ ] ] ] ] [ $RevolvingBalance<0.6  \eq  1$ [ $ExternalRiskEstimate<0.65  \eq  1$ [ $class$ [ $1$ ] ] [ $class$ [ $0$ ] ] ] [ $ExternalRiskEstimate<0.49  \eq  1$ [ $class$ [ $1$ ] ] [ $class$ [ $0$ ] ] ] ] ] [ $TradeOpenTime<0.85  \eq  1$ [ $TradeWBalance<0.33  \eq  1$ [ $TradeOpenTime<0.6  \eq  1$ [ $class$ [ $0$ ] ] [ $class$ [ $1$ ] ] ] [ $ExternalRiskEstimate<0.80  \eq  1$ [ $class$ [ $1$ ] ] [ $class$ [ $0$ ] ] ] ] [ $Installment<0.5  \eq  1$ [ $TradeWBalance<0.33  \eq  1$ [ $class$ [ $1$ ] ] [ $class$ [ $0$ ] ] ] [ $Installment<0.7  \eq  1$ [ $class$ [ $1$ ] ] [ $class$ [ $0$ ] ] ] ] ] ] [ $ExternalRiskEstimate<0.49  \eq  1$ [ $RevolvingBalance<0.4  \eq  1$ [ $Utilization<0.6  \eq  1$ [ $TradeOpenTime<0.85  \eq  1$ [ $class$ [ $1$ ] ] [ $class$ [ $0$ ] ] ] [ $TradeFrequency<0.6  \eq  1$ [ $class$ [ $1$ ] ] [ $class$ [ $0$ ] ] ] ] [ $TradeWBalance<0.33  \eq  1$ [ $Installment<0.5  \eq  1$ [ $class$ [ $1$ ] ] [ $class$ [ $0$ ] ] ] [ $TradeFrequency<0.6  \eq  1$ [ $class$ [ $1$ ] ] [ $class$ [ $0$ ] ] ] ] ] [ $TradeOpenTime<0.6  \eq  1$ [ $Installment<0.5  \eq  1$ [ $Utilization<0.6  \eq  1$ [ $class$ [ $1$ ] ] [ $class$ [ $0$ ] ] ] [ $ExternalRiskEstimate<0.80  \eq  1$ [ $class$ [ $0$ ] ] [ $class$ [ $1$ ] ] ] ] [ $Installment<0.5  \eq  1$ [ $class$ [ $0$ ] ] [ $TradeWBalance<0.33  \eq  1$ [ $class$ [ $1$ ] ] [ $class$ [ $0$ ] ] ] ] ] ] ] [ $Delinquency<0.75  \eq  1$ [ $Inquiry<0.75  \eq  1$ [ $TradeFrequency<0.6  \eq  1$ [ $Utilization<0.6  \eq  1$ [ $ExternalRiskEstimate<0.80  \eq  1$ [ $class$ [ $1$ ] ] [ $class$ [ $0$ ] ] ] [ $ExternalRiskEstimate<0.65  \eq  1$ [ $class$ [ $1$ ] ] [ $class$ [ $0$ ] ] ] ] [ $ExternalRiskEstimate<0.80  \eq  1$ [ $RevolvingBalance<0.6  \eq  1$ [ $class$ [ $1$ ] ] [ $class$ [ $0$ ] ] ] [ $TradeWBalance<0.33  \eq  1$ [ $class$ [ $1$ ] ] [ $class$ [ $0$ ] ] ] ] ] [ $ExternalRiskEstimate<0.49  \eq  1$ [ $RevolvingBalance<0.4  \eq  1$ [ $TradeFrequency<0.6  \eq  1$ [ $class$ [ $1$ ] ] [ $class$ [ $0$ ] ] ] [ $TradeFrequency<0.45  \eq  1$ [ $class$ [ $0$ ] ] [ $class$ [ $1$ ] ] ] ] [ $RevolvingBalance<0.6  \eq  1$ [ $TradeWBalance<0.33  \eq  1$ [ $class$ [ $1$ ] ] [ $class$ [ $0$ ] ] ] [ $class$ [ $0$ ] ] ] ] ] [ $TradeOpenTime<0.6  \eq  1$ [ $TradeFrequency<0.6  \eq  1$ [ $RevolvingBalance<0.4  \eq  1$ [ $Inquiry<0.75  \eq  1$ [ $class$ [ $1$ ] ] [ $class$ [ $0$ ] ] ] [ $ExternalRiskEstimate<0.65  \eq  1$ [ $class$ [ $1$ ] ] [ $class$ [ $0$ ] ] ] ] [ $TradeWBalance<0.33  \eq  1$ [ $Installment<0.5  \eq  1$ [ $class$ [ $0$ ] ] [ $class$ [ $1$ ] ] ] [ $ExternalRiskEstimate<0.49  \eq  1$ [ $class$ [ $1$ ] ] [ $class$ [ $0$ ] ] ] ] ] [ $Inquiry<0.75  \eq  1$ [ $TradeWBalance<0.33  \eq  1$ [ $ExternalRiskEstimate<0.80  \eq  1$ [ $class$ [ $1$ ] ] [ $class$ [ $0$ ] ] ] [ $ExternalRiskEstimate<0.49  \eq  1$ [ $class$ [ $1$ ] ] [ $class$ [ $0$ ] ] ] ] [ $ExternalRiskEstimate<0.65  \eq  1$ [ $Installment<0.7  \eq  1$ [ $class$ [ $0$ ] ] [ $class$ [ $1$ ] ] ] [ $class$ [ $0$ ] ] ] ] ] ] ] ]
4,8368,17,34,74.27554654609412,8,116,231,74.80879541108987,71.54471544715447,[ $NumSatisfactoryTrades<0.5  \eq  1$ [ $Installment<0.5  \eq  1$ [ $Inquiry<0.75  \eq  1$ [ $Utilization<0.6  \eq  1$ [ $TradeWBalance<0.33  \eq  1$ [ $TradeFrequency<0.6  \eq  1$ [ $Delinquency<0.75  \eq  1$ [ $class$ [ $1$ ] ] [ $class$ [ $0$ ] ] ] [ $class$ [ $1$ ] ] ] [ $TradeFrequency<0.6  \eq  1$ [ $TradeOpenTime<0.85  \eq  1$ [ $class$ [ $1$ ] ] [ $class$ [ $0$ ] ] ] [ $ExternalRiskEstimate<0.65  \eq  1$ [ $class$ [ $1$ ] ] [ $class$ [ $0$ ] ] ] ] ] [ $ExternalRiskEstimate<0.65  \eq  1$ [ $ExternalRiskEstimate<0.49  \eq  1$ [ $RevolvingBalance<0.6  \eq  1$ [ $class$ [ $1$ ] ] [ $class$ [ $0$ ] ] ] [ $RevolvingBalance<0.4  \eq  1$ [ $class$ [ $0$ ] ] [ $class$ [ $1$ ] ] ] ] [ $RevolvingBalance<0.6  \eq  1$ [ $Delinquency<0.55  \eq  1$ [ $class$ [ $1$ ] ] [ $class$ [ $0$ ] ] ] [ $TradeWBalance<0.33  \eq  1$ [ $class$ [ $1$ ] ] [ $class$ [ $0$ ] ] ] ] ] ] [ $Delinquency<0.55  \eq  1$ [ $TradeOpenTime<0.6  \eq  1$ [ $TradeFrequency<0.6  \eq  1$ [ $RevolvingBalance<0.6  \eq  1$ [ $class$ [ $1$ ] ] [ $class$ [ $0$ ] ] ] [ $ExternalRiskEstimate<0.65  \eq  1$ [ $class$ [ $1$ ] ] [ $class$ [ $0$ ] ] ] ] [ $ExternalRiskEstimate<0.65  \eq  1$ [ $RevolvingBalance<0.6  \eq  1$ [ $class$ [ $1$ ] ] [ $class$ [ $0$ ] ] ] [ $RevolvingBalance<0.4  \eq  1$ [ $class$ [ $1$ ] ] [ $class$ [ $0$ ] ] ] ] ] [ $RevolvingBalance<0.4  \eq  1$ [ $TradeOpenTime<0.85  \eq  1$ [ $Delinquency<0.75  \eq  1$ [ $class$ [ $1$ ] ] [ $class$ [ $0$ ] ] ] [ $class$ [ $0$ ] ] ] [ $ExternalRiskEstimate<0.49  \eq  1$ [ $TradeFrequency<0.45  \eq  1$ [ $class$ [ $1$ ] ] [ $class$ [ $0$ ] ] ] [ $class$ [ $0$ ] ] ] ] ] ] [ $TradeOpenTime<0.6  \eq  1$ [ $TradeFrequency<0.45  \eq  1$ [ $RevolvingBalance<0.6  \eq  1$ [ $ExternalRiskEstimate<0.80  \eq  1$ [ $Delinquency<0.75  \eq  1$ [ $class$ [ $1$ ] ] [ $class$ [ $0$ ] ] ] [ $class$ [ $0$ ] ] ] [ $Inquiry<0.75  \eq  1$ [ $Delinquency<0.55  \eq  1$ [ $class$ [ $1$ ] ] [ $class$ [ $0$ ] ] ] [ $ExternalRiskEstimate<0.65  \eq  1$ [ $class$ [ $1$ ] ] [ $class$ [ $0$ ] ] ] ] ] [ $Inquiry<0.75  \eq  1$ [ $RevolvingBalance<0.6  \eq  1$ [ $Utilization<0.6  \eq  1$ [ $class$ [ $1$ ] ] [ $class$ [ $0$ ] ] ] [ $TradeFrequency<0.6  \eq  1$ [ $class$ [ $1$ ] ] [ $class$ [ $0$ ] ] ] ] [ $Delinquency<0.55  \eq  1$ [ $RevolvingBalance<0.6  \eq  1$ [ $class$ [ $1$ ] ] [ $class$ [ $0$ ] ] ] [ $ExternalRiskEstimate<0.49  \eq  1$ [ $class$ [ $1$ ] ] [ $class$ [ $0$ ] ] ] ] ] ] [ $Inquiry<0.75  \eq  1$ [ $RevolvingBalance<0.6  \eq  1$ [ $ExternalRiskEstimate<0.80  \eq  1$ [ $ExternalRiskEstimate<0.65  \eq  1$ [ $class$ [ $1$ ] ] [ $class$ [ $0$ ] ] ] [ $RevolvingBalance<0.4  \eq  1$ [ $class$ [ $1$ ] ] [ $class$ [ $0$ ] ] ] ] [ $Utilization<0.6  \eq  1$ [ $TradeFrequency<0.45  \eq  1$ [ $class$ [ $1$ ] ] [ $class$ [ $0$ ] ] ] [ $ExternalRiskEstimate<0.65  \eq  1$ [ $class$ [ $1$ ] ] [ $class$ [ $0$ ] ] ] ] ] [ $RevolvingBalance<0.4  \eq  1$ [ $Delinquency<0.55  \eq  1$ [ $TradeFrequency<0.45  \eq  1$ [ $class$ [ $1$ ] ] [ $class$ [ $0$ ] ] ] [ $class$ [ $0$ ] ] ] [ $TradeWBalance<0.33  \eq  1$ [ $ExternalRiskEstimate<0.65  \eq  1$ [ $class$ [ $1$ ] ] [ $class$ [ $0$ ] ] ] [ $ExternalRiskEstimate<0.49  \eq  1$ [ $class$ [ $1$ ] ] [ $class$ [ $0$ ] ] ] ] ] ] ] ] [ $Delinquency<0.55  \eq  1$ [ $Installment<0.5  \eq  1$ [ $Inquiry<0.75  \eq  1$ [ $Utilization<0.6  \eq  1$ [ $ExternalRiskEstimate<0.49  \eq  1$ [ $class$ [ $1$ ] ] [ $TradeFrequency<0.6  \eq  1$ [ $class$ [ $1$ ] ] [ $class$ [ $0$ ] ] ] ] [ $TradeWBalance<0.33  \eq  1$ [ $TradeOpenTime<0.6  \eq  1$ [ $class$ [ $0$ ] ] [ $class$ [ $1$ ] ] ] [ $ExternalRiskEstimate<0.49  \eq  1$ [ $class$ [ $1$ ] ] [ $class$ [ $0$ ] ] ] ] ] [ $ExternalRiskEstimate<0.49  \eq  1$ [ $RevolvingBalance<0.6  \eq  1$ [ $TradeOpenTime<0.85  \eq  1$ [ $class$ [ $1$ ] ] [ $class$ [ $0$ ] ] ] [ $TradeFrequency<0.6  \eq  1$ [ $class$ [ $1$ ] ] [ $class$ [ $0$ ] ] ] ] [ $Utilization<0.6  \eq  1$ [ $TradeOpenTime<0.6  \eq  1$ [ $class$ [ $1$ ] ] [ $class$ [ $0$ ] ] ] [ $class$ [ $0$ ] ] ] ] ] [ $RevolvingBalance<0.4  \eq  1$ [ $Utilization<0.6  \eq  1$ [ $TradeWBalance<0.33  \eq  1$ [ $TradeFrequency<0.45  \eq  1$ [ $class$ [ $0$ ] ] [ $class$ [ $1$ ] ] ] [ $TradeOpenTime<0.85  \eq  1$ [ $class$ [ $1$ ] ] [ $class$ [ $0$ ] ] ] ] [ $TradeFrequency<0.6  \eq  1$ [ $ExternalRiskEstimate<0.49  \eq  1$ [ $class$ [ $1$ ] ] [ $class$ [ $0$ ] ] ] [ $Inquiry<0.75  \eq  1$ [ $class$ [ $1$ ] ] [ $class$ [ $0$ ] ] ] ] ] [ $ExternalRiskEstimate<0.49  \eq  1$ [ $RevolvingBalance<0.6  \eq  1$ [ $TradeFrequency<0.6  \eq  1$ [ $class$ [ $1$ ] ] [ $class$ [ $0$ ] ] ] [ $Inquiry<0.75  \eq  1$ [ $class$ [ $1$ ] ] [ $class$ [ $0$ ] ] ] ] [ $TradeFrequency<0.45  \eq  1$ [ $Inquiry<0.75  \eq  1$ [ $class$ [ $1$ ] ] [ $class$ [ $0$ ] ] ] [ $TradeWBalance<0.33  \eq  1$ [ $class$ [ $1$ ] ] [ $class$ [ $0$ ] ] ] ] ] ] ] [ $Delinquency<0.75  \eq  1$ [ $Inquiry<0.75  \eq  1$ [ $ExternalRiskEstimate<0.65  \eq  1$ [ $TradeOpenTime<0.85  \eq  1$ [ $class$ [ $1$ ] ] [ $ExternalRiskEstimate<0.49  \eq  1$ [ $class$ [ $1$ ] ] [ $class$ [ $0$ ] ] ] ] [ $RevolvingBalance<0.6  \eq  1$ [ $ExternalRiskEstimate<0.80  \eq  1$ [ $class$ [ $1$ ] ] [ $class$ [ $0$ ] ] ] [ $TradeFrequency<0.45  \eq  1$ [ $class$ [ $1$ ] ] [ $class$ [ $0$ ] ] ] ] ] [ $ExternalRiskEstimate<0.49  \eq  1$ [ $TradeFrequency<0.6  \eq  1$ [ $RevolvingBalance<0.4  \eq  1$ [ $class$ [ $1$ ] ] [ $class$ [ $0$ ] ] ] [ $RevolvingBalance<0.4  \eq  1$ [ $class$ [ $0$ ] ] [ $class$ [ $1$ ] ] ] ] [ $ExternalRiskEstimate<0.80  \eq  1$ [ $TradeWBalance<0.33  \eq  1$ [ $class$ [ $1$ ] ] [ $class$ [ $0$ ] ] ] [ $class$ [ $0$ ] ] ] ] ] [ $TradeFrequency<0.6  \eq  1$ [ $ExternalRiskEstimate<0.49  \eq  1$ [ $TradeWBalance<0.33  \eq  1$ [ $RevolvingBalance<0.6  \eq  1$ [ $class$ [ $1$ ] ] [ $class$ [ $0$ ] ] ] [ $Inquiry<0.75  \eq  1$ [ $class$ [ $1$ ] ] [ $class$ [ $0$ ] ] ] ] [ $ExternalRiskEstimate<0.65  \eq  1$ [ $Installment<0.7  \eq  1$ [ $class$ [ $0$ ] ] [ $class$ [ $1$ ] ] ] [ $class$ [ $0$ ] ] ] ] [ $TradeWBalance<0.33  \eq  1$ [ $TradeOpenTime<0.6  \eq  1$ [ $Installment<0.5  \eq  1$ [ $class$ [ $0$ ] ] [ $class$ [ $1$ ] ] ] [ $class$ [ $0$ ] ] ] [ $ExternalRiskEstimate<0.49  \eq  1$ [ $RevolvingBalance<0.4  \eq  1$ [ $class$ [ $1$ ] ] [ $class$ [ $0$ ] ] ] [ $class$ [ $0$ ] ] ] ] ] ] ] ]
