fold_index,samples,features,binary_features,time,depth,leaves,nodes,training,test,tex
0,8367,17,34,2.4959435570053756,2,2,3,69.55898171387595,69.74187380497132,[ $ExternalRiskEstimate<0.65  \le  0.5$ [ $class$ [ $0$ ] ] [ $class$ [ $1$ ] ] ]
1,8367,17,34,2.157456166110933,2,2,3,69.60678857416039,68.69024856596559,[ $ExternalRiskEstimate<0.49  \le  0.5$ [ $class$ [ $0$ ] ] [ $class$ [ $1$ ] ] ]
2,8367,17,34,2.2513043535873294,2,2,3,69.7143540098004,69.12045889101339,[ $ExternalRiskEstimate<0.65  \le  0.5$ [ $class$ [ $0$ ] ] [ $class$ [ $1$ ] ] ]
3,8367,17,34,2.155389757361263,2,2,3,69.89362973586711,68.40344168260039,[ $ExternalRiskEstimate<0.65  \le  0.5$ [ $class$ [ $0$ ] ] [ $class$ [ $1$ ] ] ]
4,8368,17,34,2.1391010601073503,2,2,3,69.39531548757171,69.53610712577714,[ $ExternalRiskEstimate<0.49  \le  0.5$ [ $class$ [ $0$ ] ] [ $class$ [ $1$ ] ] ]
0,8367,17,34,303.90480655804276,3,4,7,71.8656627226007,64.1491395793499,[ $Inquiry<0.75  \le  0.5$ [ $ExternalRiskEstimate<0.49  \le  0.5$ [ $class$ [ $0$ ] ] [ $class$ [ $1$ ] ] ] [ $ExternalRiskEstimate<0.80  \le  0.5$ [ $class$ [ $0$ ] ] [ $class$ [ $1$ ] ] ] ]
1,8367,17,34,303.94398396089673,3,4,7,71.14855981833394,71.08030592734225,[ $Inquiry<0.75  \le  0.5$ [ $ExternalRiskEstimate<0.49  \le  0.5$ [ $class$ [ $0$ ] ] [ $class$ [ $1$ ] ] ] [ $ExternalRiskEstimate<0.65  \le  0.5$ [ $class$ [ $0$ ] ] [ $class$ [ $1$ ] ] ] ]
2,8367,17,34,303.9767428119667,3,4,7,70.81391179634278,72.4187380497132,[ $Inquiry<0.75  \le  0.5$ [ $ExternalRiskEstimate<0.49  \le  0.5$ [ $class$ [ $0$ ] ] [ $class$ [ $1$ ] ] ] [ $ExternalRiskEstimate<0.65  \le  0.5$ [ $class$ [ $0$ ] ] [ $class$ [ $1$ ] ] ] ]
3,8367,17,34,303.9894135459326,3,4,7,71.29198039918728,70.50669216061185,[ $Inquiry<0.75  \le  0.5$ [ $ExternalRiskEstimate<0.49  \le  0.5$ [ $class$ [ $0$ ] ] [ $class$ [ $1$ ] ] ] [ $ExternalRiskEstimate<0.65  \le  0.5$ [ $class$ [ $0$ ] ] [ $class$ [ $1$ ] ] ] ]
4,8368,17,34,303.89516483200714,3,4,7,71.1281070745698,71.16212338593975,[ $Inquiry<0.75  \le  0.5$ [ $ExternalRiskEstimate<0.49  \le  0.5$ [ $class$ [ $0$ ] ] [ $class$ [ $1$ ] ] ] [ $ExternalRiskEstimate<0.65  \le  0.5$ [ $class$ [ $0$ ] ] [ $class$ [ $1$ ] ] ] ]
0,8367,17,34,308.8139410535805,4,8,15,71.71029042667622,63.766730401529635,[ $ExternalRiskEstimate<0.65  \le  0.5$ [ $Inquiry<0.75  \le  0.5$ [ $TradeOpenTime<0.85  \le  0.5$ [ $class$ [ $0$ ] ] [ $class$ [ $0$ ] ] ] [ $TradeOpenTime<0.6  \le  0.5$ [ $class$ [ $0$ ] ] [ $class$ [ $1$ ] ] ] ] [ $ExternalRiskEstimate<0.49  \le  0.5$ [ $NumSatisfactoryTrades<0.5  \le  0.5$ [ $class$ [ $0$ ] ] [ $class$ [ $1$ ] ] ] [ $TradeOpenTime<0.85  \le  0.5$ [ $class$ [ $0$ ] ] [ $class$ [ $1$ ] ] ] ] ]
1,8367,17,34,308.8379835220985,4,8,15,70.43145691406717,70.36328871892925,[ $Installment<0.5  \le  0.5$ [ $TradeWBalance<0.33  \le  0.5$ [ $ExternalRiskEstimate<0.49  \le  0.5$ [ $class$ [ $0$ ] ] [ $class$ [ $1$ ] ] ] [ $ExternalRiskEstimate<0.65  \le  0.5$ [ $class$ [ $0$ ] ] [ $class$ [ $1$ ] ] ] ] [ $Installment<0.5  \le  0.5$ [ $TradeOpenTime<0.6  \le  0.5$ [ $class$ [ $0$ ] ] [ $class$ [ $1$ ] ] ] [ $ExternalRiskEstimate<0.65  \le  0.5$ [ $class$ [ $0$ ] ] [ $class$ [ $1$ ] ] ] ] ]
2,8367,17,34,308.90224289521575,4,8,15,70.71829807577387,70.74569789674953,[ $ExternalRiskEstimate<0.65  \le  0.5$ [ $ExternalRiskEstimate<0.80  \le  0.5$ [ $Installment<0.5  \le  0.5$ [ $class$ [ $0$ ] ] [ $class$ [ $0$ ] ] ] [ $ExternalRiskEstimate<0.80  \le  0.5$ [ $class$ [ $0$ ] ] [ $class$ [ $0$ ] ] ] ] [ $Inquiry<0.75  \le  0.5$ [ $RevolvingBalance<0.6  \le  0.5$ [ $class$ [ $0$ ] ] [ $class$ [ $1$ ] ] ] [ $TradeOpenTime<0.85  \le  0.5$ [ $class$ [ $1$ ] ] [ $class$ [ $1$ ] ] ] ] ]
3,8367,17,34,308.83596449391916,4,8,15,70.38365005378272,69.5506692160612,[ $ExternalRiskEstimate<0.65  \le  0.5$ [ $ExternalRiskEstimate<0.49  \le  0.5$ [ $ExternalRiskEstimate<0.65  \le  0.5$ [ $class$ [ $0$ ] ] [ $class$ [ $1$ ] ] ] [ $TradeWBalance<0.33  \le  0.5$ [ $class$ [ $0$ ] ] [ $class$ [ $1$ ] ] ] ] [ $ExternalRiskEstimate<0.80  \le  0.5$ [ $ExternalRiskEstimate<0.65  \le  0.5$ [ $class$ [ $1$ ] ] [ $class$ [ $1$ ] ] ] [ $TradeOpenTime<0.85  \le  0.5$ [ $class$ [ $0$ ] ] [ $class$ [ $1$ ] ] ] ] ]
4,8368,17,34,308.8166154981591,4,8,15,70.02868068833652,71.73601147776183,[ $ExternalRiskEstimate<0.49  \le  0.5$ [ $TradeFrequency<0.6  \le  0.5$ [ $ExternalRiskEstimate<0.80  \le  0.5$ [ $class$ [ $0$ ] ] [ $class$ [ $0$ ] ] ] [ $ExternalRiskEstimate<0.65  \le  0.5$ [ $class$ [ $0$ ] ] [ $class$ [ $1$ ] ] ] ] [ $Inquiry<0.75  \le  0.5$ [ $TradeOpenTime<0.85  \le  0.5$ [ $class$ [ $0$ ] ] [ $class$ [ $1$ ] ] ] [ $ExternalRiskEstimate<0.49  \le  0.5$ [ $class$ [ $0$ ] ] [ $class$ [ $1$ ] ] ] ] ]
0,8367,17,34,319.9227862469852,5,16,31,70.80196008127166,63.623326959847034,[ $ExternalRiskEstimate<0.80  \le  0.5$ [ $Delinquency<0.55  \le  0.5$ [ $Delinquency<0.75  \le  0.5$ [ $Installment<0.5  \le  0.5$ [ $class$ [ $0$ ] ] [ $class$ [ $0$ ] ] ] [ $NumSatisfactoryTrades<0.5  \le  0.5$ [ $class$ [ $0$ ] ] [ $class$ [ $0$ ] ] ] ] [ $TradeFrequency<0.45  \le  0.5$ [ $TradeOpenTime<0.6  \le  0.5$ [ $class$ [ $0$ ] ] [ $class$ [ $1$ ] ] ] [ $ExternalRiskEstimate<0.65  \le  0.5$ [ $class$ [ $0$ ] ] [ $class$ [ $0$ ] ] ] ] ] [ $RevolvingBalance<0.4  \le  0.5$ [ $Inquiry<0.75  \le  0.5$ [ $Delinquency<0.55  \le  0.5$ [ $class$ [ $0$ ] ] [ $class$ [ $0$ ] ] ] [ $Delinquency<0.75  \le  0.5$ [ $class$ [ $0$ ] ] [ $class$ [ $1$ ] ] ] ] [ $TradeOpenTime<0.85  \le  0.5$ [ $TradeOpenTime<0.85  \le  0.5$ [ $class$ [ $0$ ] ] [ $class$ [ $0$ ] ] ] [ $Delinquency<0.75  \le  0.5$ [ $class$ [ $0$ ] ] [ $class$ [ $1$ ] ] ] ] ] ]
1,8367,17,34,319.87491246592253,5,16,31,70.7422015059161,68.97705544933078,[ $ExternalRiskEstimate<0.80  \le  0.5$ [ $NumSatisfactoryTrades<0.5  \le  0.5$ [ $TradeFrequency<0.6  \le  0.5$ [ $RevolvingBalance<0.6  \le  0.5$ [ $class$ [ $0$ ] ] [ $class$ [ $0$ ] ] ] [ $ExternalRiskEstimate<0.49  \le  0.5$ [ $class$ [ $0$ ] ] [ $class$ [ $0$ ] ] ] ] [ $ExternalRiskEstimate<0.49  \le  0.5$ [ $ExternalRiskEstimate<0.65  \le  0.5$ [ $class$ [ $0$ ] ] [ $class$ [ $1$ ] ] ] [ $NumSatisfactoryTrades<0.5  \le  0.5$ [ $class$ [ $1$ ] ] [ $class$ [ $0$ ] ] ] ] ] [ $TradeOpenTime<0.6  \le  0.5$ [ $ExternalRiskEstimate<0.49  \le  0.5$ [ $TradeFrequency<0.45  \le  0.5$ [ $class$ [ $0$ ] ] [ $class$ [ $1$ ] ] ] [ $ExternalRiskEstimate<0.49  \le  0.5$ [ $class$ [ $0$ ] ] [ $class$ [ $1$ ] ] ] ] [ $ExternalRiskEstimate<0.65  \le  0.5$ [ $ExternalRiskEstimate<0.49  \le  0.5$ [ $class$ [ $0$ ] ] [ $class$ [ $0$ ] ] ] [ $TradeWBalance<0.33  \le  0.5$ [ $class$ [ $1$ ] ] [ $class$ [ $1$ ] ] ] ] ] ]
2,8367,17,34,319.9285573801026,5,16,31,71.01709095255168,72.17973231357553,[ $ExternalRiskEstimate<0.80  \le  0.5$ [ $Delinquency<0.55  \le  0.5$ [ $NumSatisfactoryTrades<0.5  \le  0.5$ [ $Installment<0.5  \le  0.5$ [ $class$ [ $0$ ] ] [ $class$ [ $0$ ] ] ] [ $TradeOpenTime<0.6  \le  0.5$ [ $class$ [ $0$ ] ] [ $class$ [ $0$ ] ] ] ] [ $TradeOpenTime<0.85  \le  0.5$ [ $Utilization<0.6  \le  0.5$ [ $class$ [ $0$ ] ] [ $class$ [ $0$ ] ] ] [ $TradeWBalance<0.33  \le  0.5$ [ $class$ [ $0$ ] ] [ $class$ [ $1$ ] ] ] ] ] [ $ExternalRiskEstimate<0.49  \le  0.5$ [ $Inquiry<0.75  \le  0.5$ [ $ExternalRiskEstimate<0.65  \le  0.5$ [ $class$ [ $0$ ] ] [ $class$ [ $0$ ] ] ] [ $NumSatisfactoryTrades<0.5  \le  0.5$ [ $class$ [ $0$ ] ] [ $class$ [ $1$ ] ] ] ] [ $TradeOpenTime<0.85  \le  0.5$ [ $Delinquency<0.55  \le  0.5$ [ $class$ [ $1$ ] ] [ $class$ [ $0$ ] ] ] [ $Delinquency<0.75  \le  0.5$ [ $class$ [ $0$ ] ] [ $class$ [ $1$ ] ] ] ] ] ]
3,8367,17,34,320.01518654683605,5,16,31,70.1804708975738,68.35564053537286,[ $TradeWBalance<0.33  \le  0.5$ [ $Installment<0.7  \le  0.5$ [ $NumSatisfactoryTrades<0.5  \le  0.5$ [ $TradeOpenTime<0.85  \le  0.5$ [ $class$ [ $0$ ] ] [ $class$ [ $0$ ] ] ] [ $TradeOpenTime<0.6  \le  0.5$ [ $class$ [ $0$ ] ] [ $class$ [ $1$ ] ] ] ] [ $ExternalRiskEstimate<0.65  \le  0.5$ [ $ExternalRiskEstimate<0.49  \le  0.5$ [ $class$ [ $0$ ] ] [ $class$ [ $0$ ] ] ] [ $ExternalRiskEstimate<0.49  \le  0.5$ [ $class$ [ $0$ ] ] [ $class$ [ $1$ ] ] ] ] ] [ $ExternalRiskEstimate<0.49  \le  0.5$ [ $Delinquency<0.55  \le  0.5$ [ $ExternalRiskEstimate<0.80  \le  0.5$ [ $class$ [ $0$ ] ] [ $class$ [ $1$ ] ] ] [ $Inquiry<0.75  \le  0.5$ [ $class$ [ $0$ ] ] [ $class$ [ $1$ ] ] ] ] [ $NumSatisfactoryTrades<0.5  \le  0.5$ [ $ExternalRiskEstimate<0.49  \le  0.5$ [ $class$ [ $0$ ] ] [ $class$ [ $1$ ] ] ] [ $TradeFrequency<0.6  \le  0.5$ [ $class$ [ $1$ ] ] [ $class$ [ $1$ ] ] ] ] ] ]
4,8368,17,34,319.93371135322377,5,16,31,70.97275334608031,71.30559540889526,[ $ExternalRiskEstimate<0.49  \le  0.5$ [ $ExternalRiskEstimate<0.65  \le  0.5$ [ $Delinquency<0.75  \le  0.5$ [ $ExternalRiskEstimate<0.65  \le  0.5$ [ $class$ [ $0$ ] ] [ $class$ [ $0$ ] ] ] [ $NumSatisfactoryTrades<0.5  \le  0.5$ [ $class$ [ $0$ ] ] [ $class$ [ $0$ ] ] ] ] [ $RevolvingBalance<0.4  \le  0.5$ [ $NumSatisfactoryTrades<0.5  \le  0.5$ [ $class$ [ $0$ ] ] [ $class$ [ $1$ ] ] ] [ $NumSatisfactoryTrades<0.5  \le  0.5$ [ $class$ [ $0$ ] ] [ $class$ [ $1$ ] ] ] ] ] [ $ExternalRiskEstimate<0.80  \le  0.5$ [ $ExternalRiskEstimate<0.49  \le  0.5$ [ $TradeFrequency<0.45  \le  0.5$ [ $class$ [ $0$ ] ] [ $class$ [ $0$ ] ] ] [ $ExternalRiskEstimate<0.65  \le  0.5$ [ $class$ [ $1$ ] ] [ $class$ [ $0$ ] ] ] ] [ $TradeOpenTime<0.85  \le  0.5$ [ $ExternalRiskEstimate<0.65  \le  0.5$ [ $class$ [ $0$ ] ] [ $class$ [ $0$ ] ] ] [ $ExternalRiskEstimate<0.65  \le  0.5$ [ $class$ [ $0$ ] ] [ $class$ [ $1$ ] ] ] ] ] ]
0,8367,17,34,344.1751433489844,6,32,63,69.30799569738258,69.88527724665391,[ $ExternalRiskEstimate<0.49  \le  0.5$ [ $ExternalRiskEstimate<0.49  \le  0.5$ [ $RevolvingBalance<0.4  \le  0.5$ [ $ExternalRiskEstimate<0.49  \le  0.5$ [ $Installment<0.7  \le  0.5$ [ $class$ [ $0$ ] ] [ $class$ [ $0$ ] ] ] [ $Installment<0.5  \le  0.5$ [ $class$ [ $0$ ] ] [ $class$ [ $0$ ] ] ] ] [ $ExternalRiskEstimate<0.49  \le  0.5$ [ $ExternalRiskEstimate<0.49  \le  0.5$ [ $class$ [ $0$ ] ] [ $class$ [ $0$ ] ] ] [ $ExternalRiskEstimate<0.49  \le  0.5$ [ $class$ [ $0$ ] ] [ $class$ [ $0$ ] ] ] ] ] [ $ExternalRiskEstimate<0.49  \le  0.5$ [ $Installment<0.7  \le  0.5$ [ $Installment<0.7  \le  0.5$ [ $class$ [ $0$ ] ] [ $class$ [ $0$ ] ] ] [ $Installment<0.7  \le  0.5$ [ $class$ [ $0$ ] ] [ $class$ [ $0$ ] ] ] ] [ $ExternalRiskEstimate<0.49  \le  0.5$ [ $ExternalRiskEstimate<0.49  \le  0.5$ [ $class$ [ $0$ ] ] [ $class$ [ $0$ ] ] ] [ $ExternalRiskEstimate<0.49  \le  0.5$ [ $class$ [ $0$ ] ] [ $class$ [ $0$ ] ] ] ] ] ] [ $ExternalRiskEstimate<0.49  \le  0.5$ [ $ExternalRiskEstimate<0.49  \le  0.5$ [ $ExternalRiskEstimate<0.49  \le  0.5$ [ $ExternalRiskEstimate<0.49  \le  0.5$ [ $class$ [ $0$ ] ] [ $class$ [ $0$ ] ] ] [ $ExternalRiskEstimate<0.49  \le  0.5$ [ $class$ [ $0$ ] ] [ $class$ [ $0$ ] ] ] ] [ $ExternalRiskEstimate<0.49  \le  0.5$ [ $ExternalRiskEstimate<0.49  \le  0.5$ [ $class$ [ $0$ ] ] [ $class$ [ $0$ ] ] ] [ $ExternalRiskEstimate<0.49  \le  0.5$ [ $class$ [ $0$ ] ] [ $class$ [ $0$ ] ] ] ] ] [ $ExternalRiskEstimate<0.49  \le  0.5$ [ $ExternalRiskEstimate<0.49  \le  0.5$ [ $ExternalRiskEstimate<0.49  \le  0.5$ [ $class$ [ $0$ ] ] [ $class$ [ $0$ ] ] ] [ $ExternalRiskEstimate<0.49  \le  0.5$ [ $class$ [ $0$ ] ] [ $class$ [ $0$ ] ] ] ] [ $ExternalRiskEstimate<0.49  \le  0.5$ [ $ExternalRiskEstimate<0.49  \le  0.5$ [ $class$ [ $0$ ] ] [ $class$ [ $0$ ] ] ] [ $ExternalRiskEstimate<0.49  \le  0.5$ [ $class$ [ $0$ ] ] [ $class$ [ $1$ ] ] ] ] ] ] ]
1,8367,17,34,344.3526148251258,6,32,63,72.16445559937851,71.1281070745698,[ $ExternalRiskEstimate<0.65  \le  0.5$ [ $Inquiry<0.75  \le  0.5$ [ $Installment<0.5  \le  0.5$ [ $Delinquency<0.55  \le  0.5$ [ $Inquiry<0.75  \le  0.5$ [ $class$ [ $0$ ] ] [ $class$ [ $1$ ] ] ] [ $TradeOpenTime<0.6  \le  0.5$ [ $class$ [ $0$ ] ] [ $class$ [ $0$ ] ] ] ] [ $RevolvingBalance<0.6  \le  0.5$ [ $NumSatisfactoryTrades<0.5  \le  0.5$ [ $class$ [ $0$ ] ] [ $class$ [ $0$ ] ] ] [ $Inquiry<0.75  \le  0.5$ [ $class$ [ $0$ ] ] [ $class$ [ $0$ ] ] ] ] ] [ $TradeWBalance<0.33  \le  0.5$ [ $Installment<0.5  \le  0.5$ [ $TradeWBalance<0.33  \le  0.5$ [ $class$ [ $0$ ] ] [ $class$ [ $0$ ] ] ] [ $TradeOpenTime<0.85  \le  0.5$ [ $class$ [ $0$ ] ] [ $class$ [ $0$ ] ] ] ] [ $TradeFrequency<0.6  \le  0.5$ [ $Delinquency<0.55  \le  0.5$ [ $class$ [ $1$ ] ] [ $class$ [ $0$ ] ] ] [ $TradeFrequency<0.45  \le  0.5$ [ $class$ [ $1$ ] ] [ $class$ [ $0$ ] ] ] ] ] ] [ $ExternalRiskEstimate<0.49  \le  0.5$ [ $Inquiry<0.75  \le  0.5$ [ $Utilization<0.6  \le  0.5$ [ $ExternalRiskEstimate<0.65  \le  0.5$ [ $class$ [ $1$ ] ] [ $class$ [ $0$ ] ] ] [ $TradeFrequency<0.45  \le  0.5$ [ $class$ [ $0$ ] ] [ $class$ [ $1$ ] ] ] ] [ $RevolvingBalance<0.4  \le  0.5$ [ $ExternalRiskEstimate<0.65  \le  0.5$ [ $class$ [ $0$ ] ] [ $class$ [ $1$ ] ] ] [ $ExternalRiskEstimate<0.49  \le  0.5$ [ $class$ [ $1$ ] ] [ $class$ [ $1$ ] ] ] ] ] [ $TradeOpenTime<0.85  \le  0.5$ [ $TradeOpenTime<0.85  \le  0.5$ [ $Inquiry<0.75  \le  0.5$ [ $class$ [ $0$ ] ] [ $class$ [ $1$ ] ] ] [ $ExternalRiskEstimate<0.49  \le  0.5$ [ $class$ [ $0$ ] ] [ $class$ [ $0$ ] ] ] ] [ $ExternalRiskEstimate<0.49  \le  0.5$ [ $NumSatisfactoryTrades<0.5  \le  0.5$ [ $class$ [ $0$ ] ] [ $class$ [ $1$ ] ] ] [ $TradeOpenTime<0.85  \le  0.5$ [ $class$ [ $0$ ] ] [ $class$ [ $1$ ] ] ] ] ] ] ]
2,8367,17,34,344.2359551670961,6,32,63,70.6465877853472,69.64627151051626,[ $RevolvingBalance<0.4  \le  0.5$ [ $ExternalRiskEstimate<0.49  \le  0.5$ [ $Delinquency<0.55  \le  0.5$ [ $TradeOpenTime<0.6  \le  0.5$ [ $Installment<0.5  \le  0.5$ [ $class$ [ $0$ ] ] [ $class$ [ $0$ ] ] ] [ $Delinquency<0.55  \le  0.5$ [ $class$ [ $0$ ] ] [ $class$ [ $0$ ] ] ] ] [ $ExternalRiskEstimate<0.65  \le  0.5$ [ $ExternalRiskEstimate<0.80  \le  0.5$ [ $class$ [ $0$ ] ] [ $class$ [ $0$ ] ] ] [ $ExternalRiskEstimate<0.49  \le  0.5$ [ $class$ [ $1$ ] ] [ $class$ [ $0$ ] ] ] ] ] [ $Installment<0.7  \le  0.5$ [ $Installment<0.5  \le  0.5$ [ $TradeOpenTime<0.85  \le  0.5$ [ $class$ [ $0$ ] ] [ $class$ [ $0$ ] ] ] [ $ExternalRiskEstimate<0.49  \le  0.5$ [ $class$ [ $0$ ] ] [ $class$ [ $0$ ] ] ] ] [ $RevolvingBalance<0.6  \le  0.5$ [ $Utilization<0.6  \le  0.5$ [ $class$ [ $0$ ] ] [ $class$ [ $1$ ] ] ] [ $RevolvingBalance<0.4  \le  0.5$ [ $class$ [ $1$ ] ] [ $class$ [ $1$ ] ] ] ] ] ] [ $ExternalRiskEstimate<0.49  \le  0.5$ [ $NumSatisfactoryTrades<0.5  \le  0.5$ [ $ExternalRiskEstimate<0.65  \le  0.5$ [ $RevolvingBalance<0.6  \le  0.5$ [ $class$ [ $0$ ] ] [ $class$ [ $0$ ] ] ] [ $TradeOpenTime<0.6  \le  0.5$ [ $class$ [ $0$ ] ] [ $class$ [ $1$ ] ] ] ] [ $ExternalRiskEstimate<0.80  \le  0.5$ [ $RevolvingBalance<0.4  \le  0.5$ [ $class$ [ $1$ ] ] [ $class$ [ $0$ ] ] ] [ $ExternalRiskEstimate<0.49  \le  0.5$ [ $class$ [ $1$ ] ] [ $class$ [ $0$ ] ] ] ] ] [ $TradeOpenTime<0.85  \le  0.5$ [ $TradeOpenTime<0.6  \le  0.5$ [ $TradeFrequency<0.6  \le  0.5$ [ $class$ [ $0$ ] ] [ $class$ [ $0$ ] ] ] [ $TradeOpenTime<0.85  \le  0.5$ [ $class$ [ $0$ ] ] [ $class$ [ $1$ ] ] ] ] [ $ExternalRiskEstimate<0.80  \le  0.5$ [ $ExternalRiskEstimate<0.49  \le  0.5$ [ $class$ [ $0$ ] ] [ $class$ [ $0$ ] ] ] [ $Utilization<0.6  \le  0.5$ [ $class$ [ $0$ ] ] [ $class$ [ $1$ ] ] ] ] ] ] ]
3,8367,17,34,344.31227242108434,6,32,63,70.51511891956496,69.64627151051626,[ $ExternalRiskEstimate<0.80  \le  0.5$ [ $ExternalRiskEstimate<0.49  \le  0.5$ [ $TradeFrequency<0.45  \le  0.5$ [ $ExternalRiskEstimate<0.65  \le  0.5$ [ $ExternalRiskEstimate<0.49  \le  0.5$ [ $class$ [ $0$ ] ] [ $class$ [ $1$ ] ] ] [ $TradeWBalance<0.33  \le  0.5$ [ $class$ [ $1$ ] ] [ $class$ [ $0$ ] ] ] ] [ $RevolvingBalance<0.6  \le  0.5$ [ $ExternalRiskEstimate<0.80  \le  0.5$ [ $class$ [ $0$ ] ] [ $class$ [ $0$ ] ] ] [ $RevolvingBalance<0.6  \le  0.5$ [ $class$ [ $1$ ] ] [ $class$ [ $0$ ] ] ] ] ] [ $Inquiry<0.75  \le  0.5$ [ $Installment<0.7  \le  0.5$ [ $TradeFrequency<0.6  \le  0.5$ [ $class$ [ $0$ ] ] [ $class$ [ $0$ ] ] ] [ $RevolvingBalance<0.4  \le  0.5$ [ $class$ [ $0$ ] ] [ $class$ [ $0$ ] ] ] ] [ $RevolvingBalance<0.6  \le  0.5$ [ $TradeFrequency<0.45  \le  0.5$ [ $class$ [ $0$ ] ] [ $class$ [ $0$ ] ] ] [ $NumSatisfactoryTrades<0.5  \le  0.5$ [ $class$ [ $0$ ] ] [ $class$ [ $1$ ] ] ] ] ] ] [ $TradeOpenTime<0.6  \le  0.5$ [ $ExternalRiskEstimate<0.49  \le  0.5$ [ $ExternalRiskEstimate<0.49  \le  0.5$ [ $RevolvingBalance<0.4  \le  0.5$ [ $class$ [ $0$ ] ] [ $class$ [ $0$ ] ] ] [ $ExternalRiskEstimate<0.49  \le  0.5$ [ $class$ [ $0$ ] ] [ $class$ [ $1$ ] ] ] ] [ $ExternalRiskEstimate<0.80  \le  0.5$ [ $ExternalRiskEstimate<0.49  \le  0.5$ [ $class$ [ $0$ ] ] [ $class$ [ $0$ ] ] ] [ $TradeOpenTime<0.6  \le  0.5$ [ $class$ [ $1$ ] ] [ $class$ [ $1$ ] ] ] ] ] [ $ExternalRiskEstimate<0.49  \le  0.5$ [ $ExternalRiskEstimate<0.49  \le  0.5$ [ $ExternalRiskEstimate<0.65  \le  0.5$ [ $class$ [ $0$ ] ] [ $class$ [ $1$ ] ] ] [ $ExternalRiskEstimate<0.49  \le  0.5$ [ $class$ [ $0$ ] ] [ $class$ [ $0$ ] ] ] ] [ $ExternalRiskEstimate<0.49  \le  0.5$ [ $ExternalRiskEstimate<0.49  \le  0.5$ [ $class$ [ $0$ ] ] [ $class$ [ $0$ ] ] ] [ $TradeOpenTime<0.6  \le  0.5$ [ $class$ [ $0$ ] ] [ $class$ [ $1$ ] ] ] ] ] ] ]
4,8368,17,34,344.3741379682906,6,32,63,70.63814531548758,71.06647537063606,[ $RevolvingBalance<0.4  \le  0.5$ [ $Delinquency<0.75  \le  0.5$ [ $TradeFrequency<0.6  \le  0.5$ [ $TradeOpenTime<0.6  \le  0.5$ [ $TradeFrequency<0.6  \le  0.5$ [ $class$ [ $0$ ] ] [ $class$ [ $1$ ] ] ] [ $NumSatisfactoryTrades<0.5  \le  0.5$ [ $class$ [ $0$ ] ] [ $class$ [ $0$ ] ] ] ] [ $RevolvingBalance<0.4  \le  0.5$ [ $NumSatisfactoryTrades<0.5  \le  0.5$ [ $class$ [ $0$ ] ] [ $class$ [ $0$ ] ] ] [ $ExternalRiskEstimate<0.65  \le  0.5$ [ $class$ [ $0$ ] ] [ $class$ [ $0$ ] ] ] ] ] [ $Delinquency<0.75  \le  0.5$ [ $Delinquency<0.55  \le  0.5$ [ $TradeOpenTime<0.6  \le  0.5$ [ $class$ [ $0$ ] ] [ $class$ [ $1$ ] ] ] [ $NumSatisfactoryTrades<0.5  \le  0.5$ [ $class$ [ $0$ ] ] [ $class$ [ $0$ ] ] ] ] [ $ExternalRiskEstimate<0.65  \le  0.5$ [ $ExternalRiskEstimate<0.80  \le  0.5$ [ $class$ [ $0$ ] ] [ $class$ [ $0$ ] ] ] [ $TradeOpenTime<0.85  \le  0.5$ [ $class$ [ $0$ ] ] [ $class$ [ $1$ ] ] ] ] ] ] [ $ExternalRiskEstimate<0.49  \le  0.5$ [ $ExternalRiskEstimate<0.49  \le  0.5$ [ $TradeOpenTime<0.85  \le  0.5$ [ $TradeWBalance<0.33  \le  0.5$ [ $class$ [ $0$ ] ] [ $class$ [ $0$ ] ] ] [ $Delinquency<0.75  \le  0.5$ [ $class$ [ $0$ ] ] [ $class$ [ $1$ ] ] ] ] [ $ExternalRiskEstimate<0.49  \le  0.5$ [ $TradeFrequency<0.6  \le  0.5$ [ $class$ [ $0$ ] ] [ $class$ [ $0$ ] ] ] [ $ExternalRiskEstimate<0.65  \le  0.5$ [ $class$ [ $0$ ] ] [ $class$ [ $0$ ] ] ] ] ] [ $ExternalRiskEstimate<0.49  \le  0.5$ [ $Delinquency<0.75  \le  0.5$ [ $TradeFrequency<0.6  \le  0.5$ [ $class$ [ $0$ ] ] [ $class$ [ $0$ ] ] ] [ $ExternalRiskEstimate<0.65  \le  0.5$ [ $class$ [ $0$ ] ] [ $class$ [ $0$ ] ] ] ] [ $Inquiry<0.75  \le  0.5$ [ $TradeFrequency<0.45  \le  0.5$ [ $class$ [ $1$ ] ] [ $class$ [ $1$ ] ] ] [ $Delinquency<0.75  \le  0.5$ [ $class$ [ $1$ ] ] [ $class$ [ $1$ ] ] ] ] ] ] ]
0,8367,17,34,399.1370408879593,7,64,127,69.88167802079597,69.45506692160612,[ $TradeFrequency<0.45  \le  0.5$ [ $ExternalRiskEstimate<0.49  \le  0.5$ [ $ExternalRiskEstimate<0.49  \le  0.5$ [ $ExternalRiskEstimate<0.49  \le  0.5$ [ $ExternalRiskEstimate<0.80  \le  0.5$ [ $Installment<0.7  \le  0.5$ [ $class$ [ $0$ ] ] [ $class$ [ $0$ ] ] ] [ $RevolvingBalance<0.4  \le  0.5$ [ $class$ [ $0$ ] ] [ $class$ [ $0$ ] ] ] ] [ $ExternalRiskEstimate<0.49  \le  0.5$ [ $ExternalRiskEstimate<0.49  \le  0.5$ [ $class$ [ $0$ ] ] [ $class$ [ $1$ ] ] ] [ $ExternalRiskEstimate<0.65  \le  0.5$ [ $class$ [ $0$ ] ] [ $class$ [ $1$ ] ] ] ] ] [ $Installment<0.5  \le  0.5$ [ $Delinquency<0.55  \le  0.5$ [ $TradeOpenTime<0.6  \le  0.5$ [ $class$ [ $0$ ] ] [ $class$ [ $0$ ] ] ] [ $ExternalRiskEstimate<0.49  \le  0.5$ [ $class$ [ $0$ ] ] [ $class$ [ $0$ ] ] ] ] [ $ExternalRiskEstimate<0.49  \le  0.5$ [ $TradeFrequency<0.6  \le  0.5$ [ $class$ [ $0$ ] ] [ $class$ [ $1$ ] ] ] [ $TradeFrequency<0.45  \le  0.5$ [ $class$ [ $1$ ] ] [ $class$ [ $0$ ] ] ] ] ] ] [ $TradeFrequency<0.6  \le  0.5$ [ $ExternalRiskEstimate<0.49  \le  0.5$ [ $ExternalRiskEstimate<0.65  \le  0.5$ [ $Utilization<0.6  \le  0.5$ [ $class$ [ $0$ ] ] [ $class$ [ $0$ ] ] ] [ $ExternalRiskEstimate<0.49  \le  0.5$ [ $class$ [ $1$ ] ] [ $class$ [ $0$ ] ] ] ] [ $Installment<0.5  \le  0.5$ [ $ExternalRiskEstimate<0.49  \le  0.5$ [ $class$ [ $0$ ] ] [ $class$ [ $0$ ] ] ] [ $TradeOpenTime<0.6  \le  0.5$ [ $class$ [ $1$ ] ] [ $class$ [ $1$ ] ] ] ] ] [ $Utilization<0.6  \le  0.5$ [ $ExternalRiskEstimate<0.49  \le  0.5$ [ $Installment<0.7  \le  0.5$ [ $class$ [ $0$ ] ] [ $class$ [ $1$ ] ] ] [ $Utilization<0.6  \le  0.5$ [ $class$ [ $1$ ] ] [ $class$ [ $0$ ] ] ] ] [ $ExternalRiskEstimate<0.49  \le  0.5$ [ $ExternalRiskEstimate<0.49  \le  0.5$ [ $class$ [ $0$ ] ] [ $class$ [ $0$ ] ] ] [ $ExternalRiskEstimate<0.49  \le  0.5$ [ $class$ [ $0$ ] ] [ $class$ [ $1$ ] ] ] ] ] ] ] [ $TradeWBalance<0.33  \le  0.5$ [ $Utilization<0.6  \le  0.5$ [ $Installment<0.5  \le  0.5$ [ $TradeWBalance<0.33  \le  0.5$ [ $TradeWBalance<0.33  \le  0.5$ [ $class$ [ $0$ ] ] [ $class$ [ $0$ ] ] ] [ $ExternalRiskEstimate<0.49  \le  0.5$ [ $class$ [ $0$ ] ] [ $class$ [ $0$ ] ] ] ] [ $TradeWBalance<0.33  \le  0.5$ [ $TradeWBalance<0.33  \le  0.5$ [ $class$ [ $0$ ] ] [ $class$ [ $0$ ] ] ] [ $ExternalRiskEstimate<0.49  \le  0.5$ [ $class$ [ $0$ ] ] [ $class$ [ $0$ ] ] ] ] ] [ $ExternalRiskEstimate<0.49  \le  0.5$ [ $Delinquency<0.75  \le  0.5$ [ $Installment<0.7  \le  0.5$ [ $class$ [ $0$ ] ] [ $class$ [ $0$ ] ] ] [ $ExternalRiskEstimate<0.49  \le  0.5$ [ $class$ [ $1$ ] ] [ $class$ [ $0$ ] ] ] ] [ $TradeWBalance<0.33  \le  0.5$ [ $ExternalRiskEstimate<0.49  \le  0.5$ [ $class$ [ $0$ ] ] [ $class$ [ $1$ ] ] ] [ $ExternalRiskEstimate<0.49  \le  0.5$ [ $class$ [ $0$ ] ] [ $class$ [ $0$ ] ] ] ] ] ] [ $ExternalRiskEstimate<0.49  \le  0.5$ [ $Delinquency<0.75  \le  0.5$ [ $TradeWBalance<0.33  \le  0.5$ [ $ExternalRiskEstimate<0.49  \le  0.5$ [ $class$ [ $0$ ] ] [ $class$ [ $0$ ] ] ] [ $ExternalRiskEstimate<0.49  \le  0.5$ [ $class$ [ $1$ ] ] [ $class$ [ $0$ ] ] ] ] [ $Delinquency<0.55  \le  0.5$ [ $ExternalRiskEstimate<0.49  \le  0.5$ [ $class$ [ $1$ ] ] [ $class$ [ $0$ ] ] ] [ $ExternalRiskEstimate<0.49  \le  0.5$ [ $class$ [ $1$ ] ] [ $class$ [ $0$ ] ] ] ] ] [ $ExternalRiskEstimate<0.49  \le  0.5$ [ $ExternalRiskEstimate<0.49  \le  0.5$ [ $ExternalRiskEstimate<0.49  \le  0.5$ [ $class$ [ $0$ ] ] [ $class$ [ $0$ ] ] ] [ $ExternalRiskEstimate<0.49  \le  0.5$ [ $class$ [ $0$ ] ] [ $class$ [ $0$ ] ] ] ] [ $ExternalRiskEstimate<0.49  \le  0.5$ [ $ExternalRiskEstimate<0.49  \le  0.5$ [ $class$ [ $0$ ] ] [ $class$ [ $0$ ] ] ] [ $ExternalRiskEstimate<0.49  \le  0.5$ [ $class$ [ $0$ ] ] [ $class$ [ $1$ ] ] ] ] ] ] ] ]
1,8367,17,34,398.45730020292103,7,64,127,71.45930441018287,69.98087954110899,[ $ExternalRiskEstimate<0.49  \le  0.5$ [ $Inquiry<0.75  \le  0.5$ [ $ExternalRiskEstimate<0.65  \le  0.5$ [ $Inquiry<0.75  \le  0.5$ [ $ExternalRiskEstimate<0.49  \le  0.5$ [ $TradeFrequency<0.45  \le  0.5$ [ $class$ [ $0$ ] ] [ $class$ [ $0$ ] ] ] [ $ExternalRiskEstimate<0.65  \le  0.5$ [ $class$ [ $1$ ] ] [ $class$ [ $0$ ] ] ] ] [ $TradeFrequency<0.45  \le  0.5$ [ $NumSatisfactoryTrades<0.5  \le  0.5$ [ $class$ [ $0$ ] ] [ $class$ [ $0$ ] ] ] [ $TradeFrequency<0.45  \le  0.5$ [ $class$ [ $1$ ] ] [ $class$ [ $0$ ] ] ] ] ] [ $Delinquency<0.75  \le  0.5$ [ $Utilization<0.6  \le  0.5$ [ $ExternalRiskEstimate<0.49  \le  0.5$ [ $class$ [ $0$ ] ] [ $class$ [ $0$ ] ] ] [ $Delinquency<0.75  \le  0.5$ [ $class$ [ $0$ ] ] [ $class$ [ $0$ ] ] ] ] [ $Installment<0.5  \le  0.5$ [ $Inquiry<0.75  \le  0.5$ [ $class$ [ $0$ ] ] [ $class$ [ $1$ ] ] ] [ $TradeOpenTime<0.6  \le  0.5$ [ $class$ [ $0$ ] ] [ $class$ [ $1$ ] ] ] ] ] ] [ $ExternalRiskEstimate<0.80  \le  0.5$ [ $Installment<0.5  \le  0.5$ [ $TradeWBalance<0.33  \le  0.5$ [ $TradeFrequency<0.6  \le  0.5$ [ $class$ [ $0$ ] ] [ $class$ [ $0$ ] ] ] [ $Installment<0.7  \le  0.5$ [ $class$ [ $0$ ] ] [ $class$ [ $1$ ] ] ] ] [ $Installment<0.7  \le  0.5$ [ $TradeOpenTime<0.85  \le  0.5$ [ $class$ [ $0$ ] ] [ $class$ [ $1$ ] ] ] [ $TradeOpenTime<0.6  \le  0.5$ [ $class$ [ $0$ ] ] [ $class$ [ $0$ ] ] ] ] ] [ $TradeOpenTime<0.6  \le  0.5$ [ $Installment<0.5  \le  0.5$ [ $ExternalRiskEstimate<0.65  \le  0.5$ [ $class$ [ $1$ ] ] [ $class$ [ $1$ ] ] ] [ $Utilization<0.6  \le  0.5$ [ $class$ [ $0$ ] ] [ $class$ [ $1$ ] ] ] ] [ $ExternalRiskEstimate<0.65  \le  0.5$ [ $Utilization<0.6  \le  0.5$ [ $class$ [ $0$ ] ] [ $class$ [ $0$ ] ] ] [ $Inquiry<0.75  \le  0.5$ [ $class$ [ $0$ ] ] [ $class$ [ $1$ ] ] ] ] ] ] ] [ $TradeOpenTime<0.6  \le  0.5$ [ $ExternalRiskEstimate<0.49  \le  0.5$ [ $NumSatisfactoryTrades<0.5  \le  0.5$ [ $Inquiry<0.75  \le  0.5$ [ $Installment<0.5  \le  0.5$ [ $class$ [ $1$ ] ] [ $class$ [ $0$ ] ] ] [ $Installment<0.7  \le  0.5$ [ $class$ [ $0$ ] ] [ $class$ [ $1$ ] ] ] ] [ $Delinquency<0.75  \le  0.5$ [ $Installment<0.5  \le  0.5$ [ $class$ [ $1$ ] ] [ $class$ [ $0$ ] ] ] [ $RevolvingBalance<0.4  \le  0.5$ [ $class$ [ $1$ ] ] [ $class$ [ $1$ ] ] ] ] ] [ $TradeOpenTime<0.85  \le  0.5$ [ $RevolvingBalance<0.6  \le  0.5$ [ $TradeWBalance<0.33  \le  0.5$ [ $class$ [ $0$ ] ] [ $class$ [ $0$ ] ] ] [ $Installment<0.5  \le  0.5$ [ $class$ [ $0$ ] ] [ $class$ [ $0$ ] ] ] ] [ $ExternalRiskEstimate<0.65  \le  0.5$ [ $TradeFrequency<0.6  \le  0.5$ [ $class$ [ $0$ ] ] [ $class$ [ $1$ ] ] ] [ $TradeWBalance<0.33  \le  0.5$ [ $class$ [ $1$ ] ] [ $class$ [ $1$ ] ] ] ] ] ] [ $TradeFrequency<0.6  \le  0.5$ [ $ExternalRiskEstimate<0.65  \le  0.5$ [ $TradeWBalance<0.33  \le  0.5$ [ $ExternalRiskEstimate<0.65  \le  0.5$ [ $class$ [ $1$ ] ] [ $class$ [ $0$ ] ] ] [ $ExternalRiskEstimate<0.49  \le  0.5$ [ $class$ [ $0$ ] ] [ $class$ [ $0$ ] ] ] ] [ $Delinquency<0.55  \le  0.5$ [ $Delinquency<0.75  \le  0.5$ [ $class$ [ $1$ ] ] [ $class$ [ $1$ ] ] ] [ $TradeFrequency<0.45  \le  0.5$ [ $class$ [ $1$ ] ] [ $class$ [ $1$ ] ] ] ] ] [ $Utilization<0.6  \le  0.5$ [ $ExternalRiskEstimate<0.65  \le  0.5$ [ $ExternalRiskEstimate<0.65  \le  0.5$ [ $class$ [ $0$ ] ] [ $class$ [ $1$ ] ] ] [ $ExternalRiskEstimate<0.65  \le  0.5$ [ $class$ [ $1$ ] ] [ $class$ [ $1$ ] ] ] ] [ $TradeOpenTime<0.6  \le  0.5$ [ $TradeOpenTime<0.85  \le  0.5$ [ $class$ [ $0$ ] ] [ $class$ [ $1$ ] ] ] [ $Installment<0.5  \le  0.5$ [ $class$ [ $1$ ] ] [ $class$ [ $1$ ] ] ] ] ] ] ] ]
2,8367,17,34,400.47115397267044,7,64,127,70.80196008127166,70.69789674952199,[ $ExternalRiskEstimate<0.49  \le  0.5$ [ $Delinquency<0.55  \le  0.5$ [ $Delinquency<0.55  \le  0.5$ [ $Delinquency<0.55  \le  0.5$ [ $Installment<0.7  \le  0.5$ [ $NumSatisfactoryTrades<0.5  \le  0.5$ [ $class$ [ $0$ ] ] [ $class$ [ $0$ ] ] ] [ $NumSatisfactoryTrades<0.5  \le  0.5$ [ $class$ [ $0$ ] ] [ $class$ [ $0$ ] ] ] ] [ $RevolvingBalance<0.6  \le  0.5$ [ $ExternalRiskEstimate<0.80  \le  0.5$ [ $class$ [ $1$ ] ] [ $class$ [ $1$ ] ] ] [ $ExternalRiskEstimate<0.49  \le  0.5$ [ $class$ [ $0$ ] ] [ $class$ [ $0$ ] ] ] ] ] [ $Delinquency<0.75  \le  0.5$ [ $TradeOpenTime<0.85  \le  0.5$ [ $ExternalRiskEstimate<0.49  \le  0.5$ [ $class$ [ $1$ ] ] [ $class$ [ $1$ ] ] ] [ $RevolvingBalance<0.6  \le  0.5$ [ $class$ [ $0$ ] ] [ $class$ [ $0$ ] ] ] ] [ $Installment<0.5  \le  0.5$ [ $TradeFrequency<0.6  \le  0.5$ [ $class$ [ $0$ ] ] [ $class$ [ $1$ ] ] ] [ $TradeFrequency<0.6  \le  0.5$ [ $class$ [ $1$ ] ] [ $class$ [ $1$ ] ] ] ] ] ] [ $ExternalRiskEstimate<0.65  \le  0.5$ [ $NumSatisfactoryTrades<0.5  \le  0.5$ [ $ExternalRiskEstimate<0.65  \le  0.5$ [ $TradeWBalance<0.33  \le  0.5$ [ $class$ [ $0$ ] ] [ $class$ [ $0$ ] ] ] [ $ExternalRiskEstimate<0.49  \le  0.5$ [ $class$ [ $1$ ] ] [ $class$ [ $0$ ] ] ] ] [ $ExternalRiskEstimate<0.49  \le  0.5$ [ $TradeOpenTime<0.6  \le  0.5$ [ $class$ [ $0$ ] ] [ $class$ [ $1$ ] ] ] [ $Installment<0.7  \le  0.5$ [ $class$ [ $0$ ] ] [ $class$ [ $0$ ] ] ] ] ] [ $Inquiry<0.75  \le  0.5$ [ $Delinquency<0.55  \le  0.5$ [ $Delinquency<0.55  \le  0.5$ [ $class$ [ $1$ ] ] [ $class$ [ $0$ ] ] ] [ $RevolvingBalance<0.6  \le  0.5$ [ $class$ [ $0$ ] ] [ $class$ [ $1$ ] ] ] ] [ $Installment<0.7  \le  0.5$ [ $Installment<0.5  \le  0.5$ [ $class$ [ $0$ ] ] [ $class$ [ $0$ ] ] ] [ $Installment<0.7  \le  0.5$ [ $class$ [ $0$ ] ] [ $class$ [ $1$ ] ] ] ] ] ] ] [ $TradeWBalance<0.33  \le  0.5$ [ $Installment<0.7  \le  0.5$ [ $TradeOpenTime<0.85  \le  0.5$ [ $Inquiry<0.75  \le  0.5$ [ $NumSatisfactoryTrades<0.5  \le  0.5$ [ $class$ [ $0$ ] ] [ $class$ [ $1$ ] ] ] [ $ExternalRiskEstimate<0.49  \le  0.5$ [ $class$ [ $0$ ] ] [ $class$ [ $0$ ] ] ] ] [ $NumSatisfactoryTrades<0.5  \le  0.5$ [ $ExternalRiskEstimate<0.49  \le  0.5$ [ $class$ [ $0$ ] ] [ $class$ [ $0$ ] ] ] [ $ExternalRiskEstimate<0.80  \le  0.5$ [ $class$ [ $1$ ] ] [ $class$ [ $0$ ] ] ] ] ] [ $ExternalRiskEstimate<0.49  \le  0.5$ [ $Inquiry<0.75  \le  0.5$ [ $ExternalRiskEstimate<0.49  \le  0.5$ [ $class$ [ $1$ ] ] [ $class$ [ $0$ ] ] ] [ $Installment<0.5  \le  0.5$ [ $class$ [ $0$ ] ] [ $class$ [ $0$ ] ] ] ] [ $TradeWBalance<0.33  \le  0.5$ [ $RevolvingBalance<0.6  \le  0.5$ [ $class$ [ $1$ ] ] [ $class$ [ $1$ ] ] ] [ $Installment<0.7  \le  0.5$ [ $class$ [ $1$ ] ] [ $class$ [ $1$ ] ] ] ] ] ] [ $TradeOpenTime<0.6  \le  0.5$ [ $TradeOpenTime<0.6  \le  0.5$ [ $Delinquency<0.75  \le  0.5$ [ $Installment<0.5  \le  0.5$ [ $class$ [ $0$ ] ] [ $class$ [ $0$ ] ] ] [ $ExternalRiskEstimate<0.49  \le  0.5$ [ $class$ [ $0$ ] ] [ $class$ [ $1$ ] ] ] ] [ $ExternalRiskEstimate<0.80  \le  0.5$ [ $TradeFrequency<0.45  \le  0.5$ [ $class$ [ $0$ ] ] [ $class$ [ $1$ ] ] ] [ $Utilization<0.6  \le  0.5$ [ $class$ [ $0$ ] ] [ $class$ [ $1$ ] ] ] ] ] [ $NumSatisfactoryTrades<0.5  \le  0.5$ [ $Inquiry<0.75  \le  0.5$ [ $Utilization<0.6  \le  0.5$ [ $class$ [ $0$ ] ] [ $class$ [ $1$ ] ] ] [ $ExternalRiskEstimate<0.65  \le  0.5$ [ $class$ [ $0$ ] ] [ $class$ [ $1$ ] ] ] ] [ $ExternalRiskEstimate<0.65  \le  0.5$ [ $RevolvingBalance<0.6  \le  0.5$ [ $class$ [ $0$ ] ] [ $class$ [ $1$ ] ] ] [ $ExternalRiskEstimate<0.49  \le  0.5$ [ $class$ [ $0$ ] ] [ $class$ [ $1$ ] ] ] ] ] ] ] ]
3,8367,17,34,398.2071466576308,7,64,127,69.69045057965818,67.92543021032505,[ $ExternalRiskEstimate<0.49  \le  0.5$ [ $TradeWBalance<0.33  \le  0.5$ [ $ExternalRiskEstimate<0.49  \le  0.5$ [ $ExternalRiskEstimate<0.49  \le  0.5$ [ $TradeFrequency<0.45  \le  0.5$ [ $NumSatisfactoryTrades<0.5  \le  0.5$ [ $class$ [ $0$ ] ] [ $class$ [ $0$ ] ] ] [ $ExternalRiskEstimate<0.49  \le  0.5$ [ $class$ [ $0$ ] ] [ $class$ [ $0$ ] ] ] ] [ $Installment<0.7  \le  0.5$ [ $RevolvingBalance<0.4  \le  0.5$ [ $class$ [ $1$ ] ] [ $class$ [ $1$ ] ] ] [ $TradeWBalance<0.33  \le  0.5$ [ $class$ [ $0$ ] ] [ $class$ [ $0$ ] ] ] ] ] [ $ExternalRiskEstimate<0.49  \le  0.5$ [ $TradeFrequency<0.45  \le  0.5$ [ $NumSatisfactoryTrades<0.5  \le  0.5$ [ $class$ [ $1$ ] ] [ $class$ [ $0$ ] ] ] [ $Inquiry<0.75  \le  0.5$ [ $class$ [ $0$ ] ] [ $class$ [ $0$ ] ] ] ] [ $ExternalRiskEstimate<0.49  \le  0.5$ [ $ExternalRiskEstimate<0.49  \le  0.5$ [ $class$ [ $0$ ] ] [ $class$ [ $0$ ] ] ] [ $ExternalRiskEstimate<0.49  \le  0.5$ [ $class$ [ $0$ ] ] [ $class$ [ $1$ ] ] ] ] ] ] [ $ExternalRiskEstimate<0.49  \le  0.5$ [ $ExternalRiskEstimate<0.49  \le  0.5$ [ $TradeWBalance<0.33  \le  0.5$ [ $ExternalRiskEstimate<0.49  \le  0.5$ [ $class$ [ $0$ ] ] [ $class$ [ $1$ ] ] ] [ $ExternalRiskEstimate<0.49  \le  0.5$ [ $class$ [ $1$ ] ] [ $class$ [ $0$ ] ] ] ] [ $ExternalRiskEstimate<0.49  \le  0.5$ [ $ExternalRiskEstimate<0.49  \le  0.5$ [ $class$ [ $0$ ] ] [ $class$ [ $0$ ] ] ] [ $ExternalRiskEstimate<0.49  \le  0.5$ [ $class$ [ $1$ ] ] [ $class$ [ $0$ ] ] ] ] ] [ $Installment<0.7  \le  0.5$ [ $ExternalRiskEstimate<0.49  \le  0.5$ [ $ExternalRiskEstimate<0.49  \le  0.5$ [ $class$ [ $0$ ] ] [ $class$ [ $0$ ] ] ] [ $Installment<0.7  \le  0.5$ [ $class$ [ $0$ ] ] [ $class$ [ $0$ ] ] ] ] [ $ExternalRiskEstimate<0.49  \le  0.5$ [ $TradeOpenTime<0.85  \le  0.5$ [ $class$ [ $1$ ] ] [ $class$ [ $0$ ] ] ] [ $ExternalRiskEstimate<0.49  \le  0.5$ [ $class$ [ $1$ ] ] [ $class$ [ $0$ ] ] ] ] ] ] ] [ $RevolvingBalance<0.6  \le  0.5$ [ $ExternalRiskEstimate<0.49  \le  0.5$ [ $ExternalRiskEstimate<0.49  \le  0.5$ [ $ExternalRiskEstimate<0.65  \le  0.5$ [ $ExternalRiskEstimate<0.49  \le  0.5$ [ $class$ [ $0$ ] ] [ $class$ [ $1$ ] ] ] [ $ExternalRiskEstimate<0.49  \le  0.5$ [ $class$ [ $1$ ] ] [ $class$ [ $0$ ] ] ] ] [ $ExternalRiskEstimate<0.49  \le  0.5$ [ $ExternalRiskEstimate<0.49  \le  0.5$ [ $class$ [ $0$ ] ] [ $class$ [ $0$ ] ] ] [ $NumSatisfactoryTrades<0.5  \le  0.5$ [ $class$ [ $1$ ] ] [ $class$ [ $0$ ] ] ] ] ] [ $Delinquency<0.75  \le  0.5$ [ $RevolvingBalance<0.6  \le  0.5$ [ $ExternalRiskEstimate<0.49  \le  0.5$ [ $class$ [ $1$ ] ] [ $class$ [ $0$ ] ] ] [ $Installment<0.5  \le  0.5$ [ $class$ [ $0$ ] ] [ $class$ [ $0$ ] ] ] ] [ $ExternalRiskEstimate<0.49  \le  0.5$ [ $ExternalRiskEstimate<0.49  \le  0.5$ [ $class$ [ $1$ ] ] [ $class$ [ $0$ ] ] ] [ $ExternalRiskEstimate<0.49  \le  0.5$ [ $class$ [ $0$ ] ] [ $class$ [ $1$ ] ] ] ] ] ] [ $ExternalRiskEstimate<0.49  \le  0.5$ [ $ExternalRiskEstimate<0.49  \le  0.5$ [ $ExternalRiskEstimate<0.49  \le  0.5$ [ $ExternalRiskEstimate<0.49  \le  0.5$ [ $class$ [ $0$ ] ] [ $class$ [ $0$ ] ] ] [ $NumSatisfactoryTrades<0.5  \le  0.5$ [ $class$ [ $0$ ] ] [ $class$ [ $1$ ] ] ] ] [ $ExternalRiskEstimate<0.49  \le  0.5$ [ $ExternalRiskEstimate<0.49  \le  0.5$ [ $class$ [ $0$ ] ] [ $class$ [ $0$ ] ] ] [ $ExternalRiskEstimate<0.49  \le  0.5$ [ $class$ [ $0$ ] ] [ $class$ [ $0$ ] ] ] ] ] [ $NumSatisfactoryTrades<0.5  \le  0.5$ [ $ExternalRiskEstimate<0.49  \le  0.5$ [ $ExternalRiskEstimate<0.49  \le  0.5$ [ $class$ [ $0$ ] ] [ $class$ [ $0$ ] ] ] [ $ExternalRiskEstimate<0.49  \le  0.5$ [ $class$ [ $0$ ] ] [ $class$ [ $1$ ] ] ] ] [ $ExternalRiskEstimate<0.49  \le  0.5$ [ $ExternalRiskEstimate<0.49  \le  0.5$ [ $class$ [ $0$ ] ] [ $class$ [ $0$ ] ] ] [ $ExternalRiskEstimate<0.49  \le  0.5$ [ $class$ [ $1$ ] ] [ $class$ [ $1$ ] ] ] ] ] ] ] ]
4,8368,17,34,400.4187704459764,7,64,127,70.6261950286807,70.10999521759923,[ $Installment<0.7  \le  0.5$ [ $Installment<0.5  \le  0.5$ [ $TradeOpenTime<0.6  \le  0.5$ [ $TradeFrequency<0.6  \le  0.5$ [ $TradeFrequency<0.6  \le  0.5$ [ $TradeOpenTime<0.6  \le  0.5$ [ $class$ [ $0$ ] ] [ $class$ [ $0$ ] ] ] [ $ExternalRiskEstimate<0.80  \le  0.5$ [ $class$ [ $0$ ] ] [ $class$ [ $1$ ] ] ] ] [ $Inquiry<0.75  \le  0.5$ [ $ExternalRiskEstimate<0.49  \le  0.5$ [ $class$ [ $0$ ] ] [ $class$ [ $0$ ] ] ] [ $Delinquency<0.55  \le  0.5$ [ $class$ [ $0$ ] ] [ $class$ [ $0$ ] ] ] ] ] [ $Delinquency<0.55  \le  0.5$ [ $Delinquency<0.55  \le  0.5$ [ $ExternalRiskEstimate<0.65  \le  0.5$ [ $class$ [ $0$ ] ] [ $class$ [ $0$ ] ] ] [ $Inquiry<0.75  \le  0.5$ [ $class$ [ $1$ ] ] [ $class$ [ $0$ ] ] ] ] [ $Inquiry<0.75  \le  0.5$ [ $TradeFrequency<0.45  \le  0.5$ [ $class$ [ $0$ ] ] [ $class$ [ $1$ ] ] ] [ $Delinquency<0.55  \le  0.5$ [ $class$ [ $1$ ] ] [ $class$ [ $1$ ] ] ] ] ] ] [ $ExternalRiskEstimate<0.80  \le  0.5$ [ $NumSatisfactoryTrades<0.5  \le  0.5$ [ $TradeWBalance<0.33  \le  0.5$ [ $TradeFrequency<0.45  \le  0.5$ [ $class$ [ $0$ ] ] [ $class$ [ $0$ ] ] ] [ $RevolvingBalance<0.6  \le  0.5$ [ $class$ [ $0$ ] ] [ $class$ [ $0$ ] ] ] ] [ $ExternalRiskEstimate<0.65  \le  0.5$ [ $ExternalRiskEstimate<0.80  \le  0.5$ [ $class$ [ $0$ ] ] [ $class$ [ $1$ ] ] ] [ $ExternalRiskEstimate<0.65  \le  0.5$ [ $class$ [ $0$ ] ] [ $class$ [ $0$ ] ] ] ] ] [ $ExternalRiskEstimate<0.49  \le  0.5$ [ $TradeWBalance<0.33  \le  0.5$ [ $NumSatisfactoryTrades<0.5  \le  0.5$ [ $class$ [ $0$ ] ] [ $class$ [ $0$ ] ] ] [ $Inquiry<0.75  \le  0.5$ [ $class$ [ $0$ ] ] [ $class$ [ $0$ ] ] ] ] [ $TradeFrequency<0.6  \le  0.5$ [ $ExternalRiskEstimate<0.49  \le  0.5$ [ $class$ [ $1$ ] ] [ $class$ [ $0$ ] ] ] [ $Inquiry<0.75  \le  0.5$ [ $class$ [ $0$ ] ] [ $class$ [ $0$ ] ] ] ] ] ] ] [ $ExternalRiskEstimate<0.49  \le  0.5$ [ $ExternalRiskEstimate<0.80  \le  0.5$ [ $TradeWBalance<0.33  \le  0.5$ [ $TradeWBalance<0.33  \le  0.5$ [ $Installment<0.7  \le  0.5$ [ $class$ [ $0$ ] ] [ $class$ [ $0$ ] ] ] [ $TradeOpenTime<0.6  \le  0.5$ [ $class$ [ $0$ ] ] [ $class$ [ $0$ ] ] ] ] [ $Delinquency<0.75  \le  0.5$ [ $Installment<0.5  \le  0.5$ [ $class$ [ $0$ ] ] [ $class$ [ $0$ ] ] ] [ $Inquiry<0.75  \le  0.5$ [ $class$ [ $0$ ] ] [ $class$ [ $1$ ] ] ] ] ] [ $Installment<0.7  \le  0.5$ [ $ExternalRiskEstimate<0.80  \le  0.5$ [ $ExternalRiskEstimate<0.49  \le  0.5$ [ $class$ [ $0$ ] ] [ $class$ [ $0$ ] ] ] [ $ExternalRiskEstimate<0.80  \le  0.5$ [ $class$ [ $0$ ] ] [ $class$ [ $1$ ] ] ] ] [ $Inquiry<0.75  \le  0.5$ [ $Delinquency<0.55  \le  0.5$ [ $class$ [ $0$ ] ] [ $class$ [ $0$ ] ] ] [ $Installment<0.5  \le  0.5$ [ $class$ [ $0$ ] ] [ $class$ [ $1$ ] ] ] ] ] ] [ $Delinquency<0.55  \le  0.5$ [ $Delinquency<0.75  \le  0.5$ [ $TradeWBalance<0.33  \le  0.5$ [ $RevolvingBalance<0.4  \le  0.5$ [ $class$ [ $0$ ] ] [ $class$ [ $0$ ] ] ] [ $TradeOpenTime<0.6  \le  0.5$ [ $class$ [ $0$ ] ] [ $class$ [ $0$ ] ] ] ] [ $Delinquency<0.55  \le  0.5$ [ $ExternalRiskEstimate<0.49  \le  0.5$ [ $class$ [ $0$ ] ] [ $class$ [ $1$ ] ] ] [ $ExternalRiskEstimate<0.49  \le  0.5$ [ $class$ [ $1$ ] ] [ $class$ [ $0$ ] ] ] ] ] [ $Installment<0.7  \le  0.5$ [ $TradeWBalance<0.33  \le  0.5$ [ $Utilization<0.6  \le  0.5$ [ $class$ [ $0$ ] ] [ $class$ [ $0$ ] ] ] [ $ExternalRiskEstimate<0.80  \le  0.5$ [ $class$ [ $0$ ] ] [ $class$ [ $0$ ] ] ] ] [ $NumSatisfactoryTrades<0.5  \le  0.5$ [ $RevolvingBalance<0.6  \le  0.5$ [ $class$ [ $0$ ] ] [ $class$ [ $1$ ] ] ] [ $TradeOpenTime<0.85  \le  0.5$ [ $class$ [ $0$ ] ] [ $class$ [ $1$ ] ] ] ] ] ] ] ]
0,8367,17,34,517.4124825717881,8,128,255,69.34385084259591,69.88527724665391,[ $ExternalRiskEstimate<0.49  \le  0.5$ [ $ExternalRiskEstimate<0.49  \le  0.5$ [ $ExternalRiskEstimate<0.80  \le  0.5$ [ $ExternalRiskEstimate<0.49  \le  0.5$ [ $ExternalRiskEstimate<0.49  \le  0.5$ [ $ExternalRiskEstimate<0.49  \le  0.5$ [ $ExternalRiskEstimate<0.49  \le  0.5$ [ $class$ [ $0$ ] ] [ $class$ [ $0$ ] ] ] [ $TradeWBalance<0.33  \le  0.5$ [ $class$ [ $0$ ] ] [ $class$ [ $1$ ] ] ] ] [ $ExternalRiskEstimate<0.49  \le  0.5$ [ $TradeFrequency<0.45  \le  0.5$ [ $class$ [ $0$ ] ] [ $class$ [ $1$ ] ] ] [ $ExternalRiskEstimate<0.49  \le  0.5$ [ $class$ [ $0$ ] ] [ $class$ [ $0$ ] ] ] ] ] [ $ExternalRiskEstimate<0.49  \le  0.5$ [ $ExternalRiskEstimate<0.49  \le  0.5$ [ $ExternalRiskEstimate<0.49  \le  0.5$ [ $class$ [ $0$ ] ] [ $class$ [ $0$ ] ] ] [ $Delinquency<0.75  \le  0.5$ [ $class$ [ $1$ ] ] [ $class$ [ $0$ ] ] ] ] [ $ExternalRiskEstimate<0.49  \le  0.5$ [ $ExternalRiskEstimate<0.49  \le  0.5$ [ $class$ [ $0$ ] ] [ $class$ [ $1$ ] ] ] [ $ExternalRiskEstimate<0.65  \le  0.5$ [ $class$ [ $0$ ] ] [ $class$ [ $1$ ] ] ] ] ] ] [ $ExternalRiskEstimate<0.49  \le  0.5$ [ $ExternalRiskEstimate<0.49  \le  0.5$ [ $ExternalRiskEstimate<0.49  \le  0.5$ [ $ExternalRiskEstimate<0.49  \le  0.5$ [ $class$ [ $0$ ] ] [ $class$ [ $0$ ] ] ] [ $ExternalRiskEstimate<0.49  \le  0.5$ [ $class$ [ $1$ ] ] [ $class$ [ $0$ ] ] ] ] [ $ExternalRiskEstimate<0.80  \le  0.5$ [ $ExternalRiskEstimate<0.49  \le  0.5$ [ $class$ [ $0$ ] ] [ $class$ [ $0$ ] ] ] [ $ExternalRiskEstimate<0.49  \le  0.5$ [ $class$ [ $1$ ] ] [ $class$ [ $1$ ] ] ] ] ] [ $ExternalRiskEstimate<0.49  \le  0.5$ [ $ExternalRiskEstimate<0.49  \le  0.5$ [ $ExternalRiskEstimate<0.49  \le  0.5$ [ $class$ [ $0$ ] ] [ $class$ [ $1$ ] ] ] [ $Inquiry<0.75  \le  0.5$ [ $class$ [ $0$ ] ] [ $class$ [ $1$ ] ] ] ] [ $ExternalRiskEstimate<0.49  \le  0.5$ [ $TradeWBalance<0.33  \le  0.5$ [ $class$ [ $0$ ] ] [ $class$ [ $0$ ] ] ] [ $Installment<0.7  \le  0.5$ [ $class$ [ $1$ ] ] [ $class$ [ $1$ ] ] ] ] ] ] ] [ $ExternalRiskEstimate<0.49  \le  0.5$ [ $ExternalRiskEstimate<0.49  \le  0.5$ [ $ExternalRiskEstimate<0.49  \le  0.5$ [ $Delinquency<0.75  \le  0.5$ [ $Installment<0.5  \le  0.5$ [ $class$ [ $0$ ] ] [ $class$ [ $0$ ] ] ] [ $ExternalRiskEstimate<0.49  \le  0.5$ [ $class$ [ $1$ ] ] [ $class$ [ $0$ ] ] ] ] [ $RevolvingBalance<0.6  \le  0.5$ [ $TradeWBalance<0.33  \le  0.5$ [ $class$ [ $1$ ] ] [ $class$ [ $1$ ] ] ] [ $ExternalRiskEstimate<0.49  \le  0.5$ [ $class$ [ $0$ ] ] [ $class$ [ $0$ ] ] ] ] ] [ $ExternalRiskEstimate<0.49  \le  0.5$ [ $ExternalRiskEstimate<0.49  \le  0.5$ [ $ExternalRiskEstimate<0.49  \le  0.5$ [ $class$ [ $0$ ] ] [ $class$ [ $1$ ] ] ] [ $Installment<0.7  \le  0.5$ [ $class$ [ $1$ ] ] [ $class$ [ $1$ ] ] ] ] [ $ExternalRiskEstimate<0.49  \le  0.5$ [ $ExternalRiskEstimate<0.49  \le  0.5$ [ $class$ [ $0$ ] ] [ $class$ [ $0$ ] ] ] [ $Delinquency<0.75  \le  0.5$ [ $class$ [ $0$ ] ] [ $class$ [ $1$ ] ] ] ] ] ] [ $ExternalRiskEstimate<0.80  \le  0.5$ [ $ExternalRiskEstimate<0.49  \le  0.5$ [ $Delinquency<0.55  \le  0.5$ [ $RevolvingBalance<0.6  \le  0.5$ [ $class$ [ $0$ ] ] [ $class$ [ $0$ ] ] ] [ $ExternalRiskEstimate<0.49  \le  0.5$ [ $class$ [ $1$ ] ] [ $class$ [ $1$ ] ] ] ] [ $ExternalRiskEstimate<0.49  \le  0.5$ [ $ExternalRiskEstimate<0.49  \le  0.5$ [ $class$ [ $1$ ] ] [ $class$ [ $0$ ] ] ] [ $ExternalRiskEstimate<0.49  \le  0.5$ [ $class$ [ $1$ ] ] [ $class$ [ $0$ ] ] ] ] ] [ $ExternalRiskEstimate<0.49  \le  0.5$ [ $ExternalRiskEstimate<0.49  \le  0.5$ [ $ExternalRiskEstimate<0.49  \le  0.5$ [ $class$ [ $1$ ] ] [ $class$ [ $0$ ] ] ] [ $Installment<0.7  \le  0.5$ [ $class$ [ $0$ ] ] [ $class$ [ $0$ ] ] ] ] [ $ExternalRiskEstimate<0.49  \le  0.5$ [ $ExternalRiskEstimate<0.65  \le  0.5$ [ $class$ [ $1$ ] ] [ $class$ [ $0$ ] ] ] [ $Delinquency<0.75  \le  0.5$ [ $class$ [ $0$ ] ] [ $class$ [ $1$ ] ] ] ] ] ] ] ] [ $Inquiry<0.75  \le  0.5$ [ $ExternalRiskEstimate<0.49  \le  0.5$ [ $ExternalRiskEstimate<0.49  \le  0.5$ [ $Inquiry<0.75  \le  0.5$ [ $ExternalRiskEstimate<0.49  \le  0.5$ [ $Utilization<0.6  \le  0.5$ [ $class$ [ $0$ ] ] [ $class$ [ $0$ ] ] ] [ $ExternalRiskEstimate<0.49  \le  0.5$ [ $class$ [ $0$ ] ] [ $class$ [ $0$ ] ] ] ] [ $TradeFrequency<0.45  \le  0.5$ [ $ExternalRiskEstimate<0.49  \le  0.5$ [ $class$ [ $0$ ] ] [ $class$ [ $0$ ] ] ] [ $TradeOpenTime<0.6  \le  0.5$ [ $class$ [ $1$ ] ] [ $class$ [ $0$ ] ] ] ] ] [ $TradeWBalance<0.33  \le  0.5$ [ $Utilization<0.6  \le  0.5$ [ $ExternalRiskEstimate<0.49  \le  0.5$ [ $class$ [ $0$ ] ] [ $class$ [ $1$ ] ] ] [ $ExternalRiskEstimate<0.49  \le  0.5$ [ $class$ [ $1$ ] ] [ $class$ [ $0$ ] ] ] ] [ $Utilization<0.6  \le  0.5$ [ $ExternalRiskEstimate<0.49  \le  0.5$ [ $class$ [ $0$ ] ] [ $class$ [ $0$ ] ] ] [ $Installment<0.7  \le  0.5$ [ $class$ [ $0$ ] ] [ $class$ [ $0$ ] ] ] ] ] ] [ $Installment<0.7  \le  0.5$ [ $RevolvingBalance<0.4  \le  0.5$ [ $ExternalRiskEstimate<0.49  \le  0.5$ [ $ExternalRiskEstimate<0.49  \le  0.5$ [ $class$ [ $0$ ] ] [ $class$ [ $0$ ] ] ] [ $TradeFrequency<0.45  \le  0.5$ [ $class$ [ $0$ ] ] [ $class$ [ $0$ ] ] ] ] [ $TradeFrequency<0.45  \le  0.5$ [ $ExternalRiskEstimate<0.49  \le  0.5$ [ $class$ [ $0$ ] ] [ $class$ [ $0$ ] ] ] [ $ExternalRiskEstimate<0.49  \le  0.5$ [ $class$ [ $0$ ] ] [ $class$ [ $1$ ] ] ] ] ] [ $ExternalRiskEstimate<0.49  \le  0.5$ [ $ExternalRiskEstimate<0.49  \le  0.5$ [ $Delinquency<0.55  \le  0.5$ [ $class$ [ $0$ ] ] [ $class$ [ $1$ ] ] ] [ $ExternalRiskEstimate<0.49  \le  0.5$ [ $class$ [ $0$ ] ] [ $class$ [ $0$ ] ] ] ] [ $TradeFrequency<0.45  \le  0.5$ [ $TradeFrequency<0.45  \le  0.5$ [ $class$ [ $1$ ] ] [ $class$ [ $0$ ] ] ] [ $RevolvingBalance<0.6  \le  0.5$ [ $class$ [ $0$ ] ] [ $class$ [ $1$ ] ] ] ] ] ] ] [ $ExternalRiskEstimate<0.49  \le  0.5$ [ $ExternalRiskEstimate<0.49  \le  0.5$ [ $TradeOpenTime<0.85  \le  0.5$ [ $ExternalRiskEstimate<0.49  \le  0.5$ [ $ExternalRiskEstimate<0.49  \le  0.5$ [ $class$ [ $0$ ] ] [ $class$ [ $1$ ] ] ] [ $ExternalRiskEstimate<0.49  \le  0.5$ [ $class$ [ $1$ ] ] [ $class$ [ $1$ ] ] ] ] [ $Installment<0.7  \le  0.5$ [ $ExternalRiskEstimate<0.49  \le  0.5$ [ $class$ [ $0$ ] ] [ $class$ [ $1$ ] ] ] [ $NumSatisfactoryTrades<0.5  \le  0.5$ [ $class$ [ $1$ ] ] [ $class$ [ $0$ ] ] ] ] ] [ $ExternalRiskEstimate<0.49  \le  0.5$ [ $ExternalRiskEstimate<0.49  \le  0.5$ [ $ExternalRiskEstimate<0.49  \le  0.5$ [ $class$ [ $1$ ] ] [ $class$ [ $1$ ] ] ] [ $ExternalRiskEstimate<0.49  \le  0.5$ [ $class$ [ $0$ ] ] [ $class$ [ $1$ ] ] ] ] [ $ExternalRiskEstimate<0.49  \le  0.5$ [ $ExternalRiskEstimate<0.49  \le  0.5$ [ $class$ [ $1$ ] ] [ $class$ [ $0$ ] ] ] [ $ExternalRiskEstimate<0.49  \le  0.5$ [ $class$ [ $1$ ] ] [ $class$ [ $1$ ] ] ] ] ] ] [ $ExternalRiskEstimate<0.49  \le  0.5$ [ $ExternalRiskEstimate<0.49  \le  0.5$ [ $Delinquency<0.75  \le  0.5$ [ $ExternalRiskEstimate<0.49  \le  0.5$ [ $class$ [ $0$ ] ] [ $class$ [ $1$ ] ] ] [ $ExternalRiskEstimate<0.49  \le  0.5$ [ $class$ [ $0$ ] ] [ $class$ [ $1$ ] ] ] ] [ $ExternalRiskEstimate<0.49  \le  0.5$ [ $Inquiry<0.75  \le  0.5$ [ $class$ [ $0$ ] ] [ $class$ [ $1$ ] ] ] [ $TradeFrequency<0.45  \le  0.5$ [ $class$ [ $0$ ] ] [ $class$ [ $1$ ] ] ] ] ] [ $ExternalRiskEstimate<0.49  \le  0.5$ [ $ExternalRiskEstimate<0.49  \le  0.5$ [ $ExternalRiskEstimate<0.49  \le  0.5$ [ $class$ [ $0$ ] ] [ $class$ [ $0$ ] ] ] [ $ExternalRiskEstimate<0.49  \le  0.5$ [ $class$ [ $0$ ] ] [ $class$ [ $0$ ] ] ] ] [ $ExternalRiskEstimate<0.49  \le  0.5$ [ $Installment<0.5  \le  0.5$ [ $class$ [ $1$ ] ] [ $class$ [ $0$ ] ] ] [ $RevolvingBalance<0.6  \le  0.5$ [ $class$ [ $1$ ] ] [ $class$ [ $1$ ] ] ] ] ] ] ] ] ]
1,8367,17,34,515.3180656209588,8,128,255,69.67849886458707,68.45124282982792,[ $ExternalRiskEstimate<0.49  \le  0.5$ [ $Installment<0.5  \le  0.5$ [ $ExternalRiskEstimate<0.49  \le  0.5$ [ $TradeWBalance<0.33  \le  0.5$ [ $ExternalRiskEstimate<0.49  \le  0.5$ [ $ExternalRiskEstimate<0.49  \le  0.5$ [ $ExternalRiskEstimate<0.49  \le  0.5$ [ $class$ [ $0$ ] ] [ $class$ [ $0$ ] ] ] [ $ExternalRiskEstimate<0.49  \le  0.5$ [ $class$ [ $0$ ] ] [ $class$ [ $0$ ] ] ] ] [ $ExternalRiskEstimate<0.49  \le  0.5$ [ $ExternalRiskEstimate<0.49  \le  0.5$ [ $class$ [ $0$ ] ] [ $class$ [ $0$ ] ] ] [ $ExternalRiskEstimate<0.49  \le  0.5$ [ $class$ [ $0$ ] ] [ $class$ [ $0$ ] ] ] ] ] [ $ExternalRiskEstimate<0.49  \le  0.5$ [ $ExternalRiskEstimate<0.49  \le  0.5$ [ $ExternalRiskEstimate<0.49  \le  0.5$ [ $class$ [ $0$ ] ] [ $class$ [ $0$ ] ] ] [ $ExternalRiskEstimate<0.49  \le  0.5$ [ $class$ [ $0$ ] ] [ $class$ [ $0$ ] ] ] ] [ $ExternalRiskEstimate<0.49  \le  0.5$ [ $ExternalRiskEstimate<0.49  \le  0.5$ [ $class$ [ $0$ ] ] [ $class$ [ $1$ ] ] ] [ $ExternalRiskEstimate<0.49  \le  0.5$ [ $class$ [ $0$ ] ] [ $class$ [ $1$ ] ] ] ] ] ] [ $ExternalRiskEstimate<0.49  \le  0.5$ [ $ExternalRiskEstimate<0.49  \le  0.5$ [ $ExternalRiskEstimate<0.49  \le  0.5$ [ $ExternalRiskEstimate<0.49  \le  0.5$ [ $class$ [ $0$ ] ] [ $class$ [ $0$ ] ] ] [ $ExternalRiskEstimate<0.49  \le  0.5$ [ $class$ [ $0$ ] ] [ $class$ [ $0$ ] ] ] ] [ $ExternalRiskEstimate<0.49  \le  0.5$ [ $ExternalRiskEstimate<0.49  \le  0.5$ [ $class$ [ $0$ ] ] [ $class$ [ $0$ ] ] ] [ $ExternalRiskEstimate<0.49  \le  0.5$ [ $class$ [ $0$ ] ] [ $class$ [ $0$ ] ] ] ] ] [ $ExternalRiskEstimate<0.49  \le  0.5$ [ $ExternalRiskEstimate<0.49  \le  0.5$ [ $ExternalRiskEstimate<0.49  \le  0.5$ [ $class$ [ $0$ ] ] [ $class$ [ $0$ ] ] ] [ $ExternalRiskEstimate<0.49  \le  0.5$ [ $class$ [ $0$ ] ] [ $class$ [ $0$ ] ] ] ] [ $ExternalRiskEstimate<0.49  \le  0.5$ [ $ExternalRiskEstimate<0.49  \le  0.5$ [ $class$ [ $0$ ] ] [ $class$ [ $0$ ] ] ] [ $ExternalRiskEstimate<0.49  \le  0.5$ [ $class$ [ $1$ ] ] [ $class$ [ $1$ ] ] ] ] ] ] ] [ $ExternalRiskEstimate<0.49  \le  0.5$ [ $ExternalRiskEstimate<0.49  \le  0.5$ [ $ExternalRiskEstimate<0.49  \le  0.5$ [ $ExternalRiskEstimate<0.49  \le  0.5$ [ $ExternalRiskEstimate<0.49  \le  0.5$ [ $class$ [ $0$ ] ] [ $class$ [ $0$ ] ] ] [ $ExternalRiskEstimate<0.49  \le  0.5$ [ $class$ [ $0$ ] ] [ $class$ [ $0$ ] ] ] ] [ $ExternalRiskEstimate<0.49  \le  0.5$ [ $ExternalRiskEstimate<0.49  \le  0.5$ [ $class$ [ $0$ ] ] [ $class$ [ $0$ ] ] ] [ $ExternalRiskEstimate<0.49  \le  0.5$ [ $class$ [ $0$ ] ] [ $class$ [ $0$ ] ] ] ] ] [ $ExternalRiskEstimate<0.49  \le  0.5$ [ $ExternalRiskEstimate<0.49  \le  0.5$ [ $ExternalRiskEstimate<0.49  \le  0.5$ [ $class$ [ $0$ ] ] [ $class$ [ $0$ ] ] ] [ $ExternalRiskEstimate<0.49  \le  0.5$ [ $class$ [ $0$ ] ] [ $class$ [ $0$ ] ] ] ] [ $ExternalRiskEstimate<0.49  \le  0.5$ [ $ExternalRiskEstimate<0.49  \le  0.5$ [ $class$ [ $0$ ] ] [ $class$ [ $0$ ] ] ] [ $ExternalRiskEstimate<0.49  \le  0.5$ [ $class$ [ $0$ ] ] [ $class$ [ $0$ ] ] ] ] ] ] [ $ExternalRiskEstimate<0.49  \le  0.5$ [ $ExternalRiskEstimate<0.49  \le  0.5$ [ $ExternalRiskEstimate<0.49  \le  0.5$ [ $ExternalRiskEstimate<0.49  \le  0.5$ [ $class$ [ $0$ ] ] [ $class$ [ $0$ ] ] ] [ $ExternalRiskEstimate<0.49  \le  0.5$ [ $class$ [ $0$ ] ] [ $class$ [ $0$ ] ] ] ] [ $ExternalRiskEstimate<0.49  \le  0.5$ [ $ExternalRiskEstimate<0.49  \le  0.5$ [ $class$ [ $0$ ] ] [ $class$ [ $0$ ] ] ] [ $ExternalRiskEstimate<0.49  \le  0.5$ [ $class$ [ $0$ ] ] [ $class$ [ $0$ ] ] ] ] ] [ $ExternalRiskEstimate<0.49  \le  0.5$ [ $ExternalRiskEstimate<0.49  \le  0.5$ [ $ExternalRiskEstimate<0.49  \le  0.5$ [ $class$ [ $0$ ] ] [ $class$ [ $0$ ] ] ] [ $ExternalRiskEstimate<0.49  \le  0.5$ [ $class$ [ $0$ ] ] [ $class$ [ $0$ ] ] ] ] [ $ExternalRiskEstimate<0.49  \le  0.5$ [ $ExternalRiskEstimate<0.49  \le  0.5$ [ $class$ [ $0$ ] ] [ $class$ [ $0$ ] ] ] [ $ExternalRiskEstimate<0.49  \le  0.5$ [ $class$ [ $0$ ] ] [ $class$ [ $0$ ] ] ] ] ] ] ] ] [ $ExternalRiskEstimate<0.49  \le  0.5$ [ $ExternalRiskEstimate<0.49  \le  0.5$ [ $ExternalRiskEstimate<0.49  \le  0.5$ [ $ExternalRiskEstimate<0.49  \le  0.5$ [ $ExternalRiskEstimate<0.49  \le  0.5$ [ $Utilization<0.6  \le  0.5$ [ $class$ [ $0$ ] ] [ $class$ [ $0$ ] ] ] [ $ExternalRiskEstimate<0.49  \le  0.5$ [ $class$ [ $0$ ] ] [ $class$ [ $0$ ] ] ] ] [ $ExternalRiskEstimate<0.49  \le  0.5$ [ $ExternalRiskEstimate<0.49  \le  0.5$ [ $class$ [ $0$ ] ] [ $class$ [ $0$ ] ] ] [ $ExternalRiskEstimate<0.49  \le  0.5$ [ $class$ [ $0$ ] ] [ $class$ [ $0$ ] ] ] ] ] [ $ExternalRiskEstimate<0.49  \le  0.5$ [ $ExternalRiskEstimate<0.49  \le  0.5$ [ $ExternalRiskEstimate<0.49  \le  0.5$ [ $class$ [ $0$ ] ] [ $class$ [ $0$ ] ] ] [ $ExternalRiskEstimate<0.49  \le  0.5$ [ $class$ [ $0$ ] ] [ $class$ [ $0$ ] ] ] ] [ $ExternalRiskEstimate<0.49  \le  0.5$ [ $ExternalRiskEstimate<0.49  \le  0.5$ [ $class$ [ $0$ ] ] [ $class$ [ $0$ ] ] ] [ $ExternalRiskEstimate<0.49  \le  0.5$ [ $class$ [ $0$ ] ] [ $class$ [ $0$ ] ] ] ] ] ] [ $ExternalRiskEstimate<0.49  \le  0.5$ [ $ExternalRiskEstimate<0.49  \le  0.5$ [ $ExternalRiskEstimate<0.49  \le  0.5$ [ $ExternalRiskEstimate<0.49  \le  0.5$ [ $class$ [ $0$ ] ] [ $class$ [ $0$ ] ] ] [ $ExternalRiskEstimate<0.49  \le  0.5$ [ $class$ [ $0$ ] ] [ $class$ [ $0$ ] ] ] ] [ $TradeFrequency<0.45  \le  0.5$ [ $TradeFrequency<0.6  \le  0.5$ [ $class$ [ $0$ ] ] [ $class$ [ $1$ ] ] ] [ $ExternalRiskEstimate<0.49  \le  0.5$ [ $class$ [ $0$ ] ] [ $class$ [ $1$ ] ] ] ] ] [ $ExternalRiskEstimate<0.49  \le  0.5$ [ $ExternalRiskEstimate<0.49  \le  0.5$ [ $ExternalRiskEstimate<0.49  \le  0.5$ [ $class$ [ $0$ ] ] [ $class$ [ $0$ ] ] ] [ $ExternalRiskEstimate<0.49  \le  0.5$ [ $class$ [ $0$ ] ] [ $class$ [ $0$ ] ] ] ] [ $ExternalRiskEstimate<0.49  \le  0.5$ [ $ExternalRiskEstimate<0.49  \le  0.5$ [ $class$ [ $0$ ] ] [ $class$ [ $0$ ] ] ] [ $ExternalRiskEstimate<0.49  \le  0.5$ [ $class$ [ $0$ ] ] [ $class$ [ $0$ ] ] ] ] ] ] ] [ $ExternalRiskEstimate<0.49  \le  0.5$ [ $ExternalRiskEstimate<0.49  \le  0.5$ [ $ExternalRiskEstimate<0.49  \le  0.5$ [ $ExternalRiskEstimate<0.49  \le  0.5$ [ $ExternalRiskEstimate<0.49  \le  0.5$ [ $class$ [ $0$ ] ] [ $class$ [ $0$ ] ] ] [ $ExternalRiskEstimate<0.49  \le  0.5$ [ $class$ [ $0$ ] ] [ $class$ [ $0$ ] ] ] ] [ $Installment<0.7  \le  0.5$ [ $ExternalRiskEstimate<0.49  \le  0.5$ [ $class$ [ $0$ ] ] [ $class$ [ $1$ ] ] ] [ $ExternalRiskEstimate<0.49  \le  0.5$ [ $class$ [ $0$ ] ] [ $class$ [ $0$ ] ] ] ] ] [ $ExternalRiskEstimate<0.49  \le  0.5$ [ $ExternalRiskEstimate<0.49  \le  0.5$ [ $ExternalRiskEstimate<0.49  \le  0.5$ [ $class$ [ $0$ ] ] [ $class$ [ $0$ ] ] ] [ $ExternalRiskEstimate<0.49  \le  0.5$ [ $class$ [ $0$ ] ] [ $class$ [ $0$ ] ] ] ] [ $ExternalRiskEstimate<0.49  \le  0.5$ [ $ExternalRiskEstimate<0.49  \le  0.5$ [ $class$ [ $0$ ] ] [ $class$ [ $0$ ] ] ] [ $ExternalRiskEstimate<0.49  \le  0.5$ [ $class$ [ $0$ ] ] [ $class$ [ $0$ ] ] ] ] ] ] [ $ExternalRiskEstimate<0.49  \le  0.5$ [ $ExternalRiskEstimate<0.49  \le  0.5$ [ $Delinquency<0.75  \le  0.5$ [ $ExternalRiskEstimate<0.49  \le  0.5$ [ $class$ [ $0$ ] ] [ $class$ [ $1$ ] ] ] [ $ExternalRiskEstimate<0.49  \le  0.5$ [ $class$ [ $0$ ] ] [ $class$ [ $0$ ] ] ] ] [ $ExternalRiskEstimate<0.49  \le  0.5$ [ $ExternalRiskEstimate<0.49  \le  0.5$ [ $class$ [ $0$ ] ] [ $class$ [ $0$ ] ] ] [ $ExternalRiskEstimate<0.49  \le  0.5$ [ $class$ [ $0$ ] ] [ $class$ [ $0$ ] ] ] ] ] [ $TradeWBalance<0.33  \le  0.5$ [ $Inquiry<0.75  \le  0.5$ [ $TradeFrequency<0.6  \le  0.5$ [ $class$ [ $0$ ] ] [ $class$ [ $1$ ] ] ] [ $ExternalRiskEstimate<0.49  \le  0.5$ [ $class$ [ $0$ ] ] [ $class$ [ $1$ ] ] ] ] [ $ExternalRiskEstimate<0.49  \le  0.5$ [ $ExternalRiskEstimate<0.49  \le  0.5$ [ $class$ [ $0$ ] ] [ $class$ [ $0$ ] ] ] [ $RevolvingBalance<0.6  \le  0.5$ [ $class$ [ $1$ ] ] [ $class$ [ $1$ ] ] ] ] ] ] ] ] ]
2,8367,17,34,516.7898595822044,8,128,255,69.47531970837815,70.26768642447419,[ $ExternalRiskEstimate<0.49  \le  0.5$ [ $Installment<0.5  \le  0.5$ [ $ExternalRiskEstimate<0.80  \le  0.5$ [ $TradeWBalance<0.33  \le  0.5$ [ $ExternalRiskEstimate<0.49  \le  0.5$ [ $ExternalRiskEstimate<0.49  \le  0.5$ [ $ExternalRiskEstimate<0.49  \le  0.5$ [ $class$ [ $0$ ] ] [ $class$ [ $0$ ] ] ] [ $ExternalRiskEstimate<0.49  \le  0.5$ [ $class$ [ $0$ ] ] [ $class$ [ $0$ ] ] ] ] [ $ExternalRiskEstimate<0.49  \le  0.5$ [ $ExternalRiskEstimate<0.49  \le  0.5$ [ $class$ [ $0$ ] ] [ $class$ [ $1$ ] ] ] [ $NumSatisfactoryTrades<0.5  \le  0.5$ [ $class$ [ $0$ ] ] [ $class$ [ $1$ ] ] ] ] ] [ $NumSatisfactoryTrades<0.5  \le  0.5$ [ $ExternalRiskEstimate<0.49  \le  0.5$ [ $ExternalRiskEstimate<0.49  \le  0.5$ [ $class$ [ $0$ ] ] [ $class$ [ $0$ ] ] ] [ $ExternalRiskEstimate<0.49  \le  0.5$ [ $class$ [ $1$ ] ] [ $class$ [ $0$ ] ] ] ] [ $ExternalRiskEstimate<0.49  \le  0.5$ [ $Inquiry<0.75  \le  0.5$ [ $class$ [ $0$ ] ] [ $class$ [ $1$ ] ] ] [ $ExternalRiskEstimate<0.49  \le  0.5$ [ $class$ [ $1$ ] ] [ $class$ [ $0$ ] ] ] ] ] ] [ $ExternalRiskEstimate<0.49  \le  0.5$ [ $ExternalRiskEstimate<0.49  \le  0.5$ [ $ExternalRiskEstimate<0.49  \le  0.5$ [ $ExternalRiskEstimate<0.49  \le  0.5$ [ $class$ [ $0$ ] ] [ $class$ [ $0$ ] ] ] [ $ExternalRiskEstimate<0.49  \le  0.5$ [ $class$ [ $0$ ] ] [ $class$ [ $0$ ] ] ] ] [ $ExternalRiskEstimate<0.49  \le  0.5$ [ $ExternalRiskEstimate<0.49  \le  0.5$ [ $class$ [ $0$ ] ] [ $class$ [ $0$ ] ] ] [ $ExternalRiskEstimate<0.49  \le  0.5$ [ $class$ [ $0$ ] ] [ $class$ [ $0$ ] ] ] ] ] [ $ExternalRiskEstimate<0.49  \le  0.5$ [ $ExternalRiskEstimate<0.49  \le  0.5$ [ $ExternalRiskEstimate<0.49  \le  0.5$ [ $class$ [ $0$ ] ] [ $class$ [ $0$ ] ] ] [ $ExternalRiskEstimate<0.49  \le  0.5$ [ $class$ [ $0$ ] ] [ $class$ [ $0$ ] ] ] ] [ $ExternalRiskEstimate<0.49  \le  0.5$ [ $TradeWBalance<0.33  \le  0.5$ [ $class$ [ $0$ ] ] [ $class$ [ $0$ ] ] ] [ $ExternalRiskEstimate<0.49  \le  0.5$ [ $class$ [ $0$ ] ] [ $class$ [ $0$ ] ] ] ] ] ] ] [ $ExternalRiskEstimate<0.49  \le  0.5$ [ $ExternalRiskEstimate<0.49  \le  0.5$ [ $ExternalRiskEstimate<0.49  \le  0.5$ [ $ExternalRiskEstimate<0.49  \le  0.5$ [ $ExternalRiskEstimate<0.49  \le  0.5$ [ $class$ [ $0$ ] ] [ $class$ [ $0$ ] ] ] [ $ExternalRiskEstimate<0.49  \le  0.5$ [ $class$ [ $0$ ] ] [ $class$ [ $0$ ] ] ] ] [ $ExternalRiskEstimate<0.49  \le  0.5$ [ $ExternalRiskEstimate<0.49  \le  0.5$ [ $class$ [ $0$ ] ] [ $class$ [ $0$ ] ] ] [ $ExternalRiskEstimate<0.49  \le  0.5$ [ $class$ [ $0$ ] ] [ $class$ [ $0$ ] ] ] ] ] [ $ExternalRiskEstimate<0.49  \le  0.5$ [ $ExternalRiskEstimate<0.49  \le  0.5$ [ $ExternalRiskEstimate<0.49  \le  0.5$ [ $class$ [ $0$ ] ] [ $class$ [ $0$ ] ] ] [ $ExternalRiskEstimate<0.49  \le  0.5$ [ $class$ [ $0$ ] ] [ $class$ [ $0$ ] ] ] ] [ $ExternalRiskEstimate<0.49  \le  0.5$ [ $ExternalRiskEstimate<0.49  \le  0.5$ [ $class$ [ $0$ ] ] [ $class$ [ $0$ ] ] ] [ $ExternalRiskEstimate<0.49  \le  0.5$ [ $class$ [ $0$ ] ] [ $class$ [ $0$ ] ] ] ] ] ] [ $ExternalRiskEstimate<0.49  \le  0.5$ [ $ExternalRiskEstimate<0.49  \le  0.5$ [ $ExternalRiskEstimate<0.49  \le  0.5$ [ $ExternalRiskEstimate<0.49  \le  0.5$ [ $class$ [ $0$ ] ] [ $class$ [ $0$ ] ] ] [ $ExternalRiskEstimate<0.49  \le  0.5$ [ $class$ [ $0$ ] ] [ $class$ [ $0$ ] ] ] ] [ $ExternalRiskEstimate<0.49  \le  0.5$ [ $ExternalRiskEstimate<0.49  \le  0.5$ [ $class$ [ $0$ ] ] [ $class$ [ $0$ ] ] ] [ $ExternalRiskEstimate<0.49  \le  0.5$ [ $class$ [ $0$ ] ] [ $class$ [ $0$ ] ] ] ] ] [ $ExternalRiskEstimate<0.49  \le  0.5$ [ $ExternalRiskEstimate<0.49  \le  0.5$ [ $ExternalRiskEstimate<0.49  \le  0.5$ [ $class$ [ $0$ ] ] [ $class$ [ $0$ ] ] ] [ $ExternalRiskEstimate<0.49  \le  0.5$ [ $class$ [ $0$ ] ] [ $class$ [ $0$ ] ] ] ] [ $ExternalRiskEstimate<0.49  \le  0.5$ [ $ExternalRiskEstimate<0.49  \le  0.5$ [ $class$ [ $0$ ] ] [ $class$ [ $0$ ] ] ] [ $ExternalRiskEstimate<0.49  \le  0.5$ [ $class$ [ $0$ ] ] [ $class$ [ $0$ ] ] ] ] ] ] ] ] [ $Inquiry<0.75  \le  0.5$ [ $RevolvingBalance<0.4  \le  0.5$ [ $ExternalRiskEstimate<0.49  \le  0.5$ [ $ExternalRiskEstimate<0.49  \le  0.5$ [ $ExternalRiskEstimate<0.49  \le  0.5$ [ $Utilization<0.6  \le  0.5$ [ $class$ [ $0$ ] ] [ $class$ [ $0$ ] ] ] [ $ExternalRiskEstimate<0.49  \le  0.5$ [ $class$ [ $0$ ] ] [ $class$ [ $0$ ] ] ] ] [ $ExternalRiskEstimate<0.49  \le  0.5$ [ $ExternalRiskEstimate<0.49  \le  0.5$ [ $class$ [ $0$ ] ] [ $class$ [ $0$ ] ] ] [ $ExternalRiskEstimate<0.49  \le  0.5$ [ $class$ [ $0$ ] ] [ $class$ [ $0$ ] ] ] ] ] [ $TradeWBalance<0.33  \le  0.5$ [ $Utilization<0.6  \le  0.5$ [ $ExternalRiskEstimate<0.49  \le  0.5$ [ $class$ [ $0$ ] ] [ $class$ [ $0$ ] ] ] [ $ExternalRiskEstimate<0.49  \le  0.5$ [ $class$ [ $0$ ] ] [ $class$ [ $1$ ] ] ] ] [ $ExternalRiskEstimate<0.49  \le  0.5$ [ $ExternalRiskEstimate<0.49  \le  0.5$ [ $class$ [ $0$ ] ] [ $class$ [ $0$ ] ] ] [ $ExternalRiskEstimate<0.49  \le  0.5$ [ $class$ [ $0$ ] ] [ $class$ [ $1$ ] ] ] ] ] ] [ $Installment<0.7  \le  0.5$ [ $ExternalRiskEstimate<0.49  \le  0.5$ [ $ExternalRiskEstimate<0.49  \le  0.5$ [ $ExternalRiskEstimate<0.49  \le  0.5$ [ $class$ [ $0$ ] ] [ $class$ [ $0$ ] ] ] [ $ExternalRiskEstimate<0.49  \le  0.5$ [ $class$ [ $0$ ] ] [ $class$ [ $0$ ] ] ] ] [ $TradeFrequency<0.45  \le  0.5$ [ $TradeFrequency<0.6  \le  0.5$ [ $class$ [ $0$ ] ] [ $class$ [ $1$ ] ] ] [ $ExternalRiskEstimate<0.49  \le  0.5$ [ $class$ [ $0$ ] ] [ $class$ [ $0$ ] ] ] ] ] [ $TradeFrequency<0.6  \le  0.5$ [ $NumSatisfactoryTrades<0.5  \le  0.5$ [ $Delinquency<0.55  \le  0.5$ [ $class$ [ $0$ ] ] [ $class$ [ $1$ ] ] ] [ $TradeOpenTime<0.6  \le  0.5$ [ $class$ [ $1$ ] ] [ $class$ [ $1$ ] ] ] ] [ $TradeFrequency<0.45  \le  0.5$ [ $TradeFrequency<0.45  \le  0.5$ [ $class$ [ $1$ ] ] [ $class$ [ $0$ ] ] ] [ $ExternalRiskEstimate<0.49  \le  0.5$ [ $class$ [ $0$ ] ] [ $class$ [ $1$ ] ] ] ] ] ] ] [ $ExternalRiskEstimate<0.49  \le  0.5$ [ $ExternalRiskEstimate<0.49  \le  0.5$ [ $ExternalRiskEstimate<0.49  \le  0.5$ [ $ExternalRiskEstimate<0.49  \le  0.5$ [ $ExternalRiskEstimate<0.49  \le  0.5$ [ $class$ [ $0$ ] ] [ $class$ [ $0$ ] ] ] [ $ExternalRiskEstimate<0.49  \le  0.5$ [ $class$ [ $0$ ] ] [ $class$ [ $1$ ] ] ] ] [ $ExternalRiskEstimate<0.49  \le  0.5$ [ $ExternalRiskEstimate<0.49  \le  0.5$ [ $class$ [ $0$ ] ] [ $class$ [ $0$ ] ] ] [ $ExternalRiskEstimate<0.49  \le  0.5$ [ $class$ [ $0$ ] ] [ $class$ [ $0$ ] ] ] ] ] [ $ExternalRiskEstimate<0.49  \le  0.5$ [ $ExternalRiskEstimate<0.49  \le  0.5$ [ $ExternalRiskEstimate<0.49  \le  0.5$ [ $class$ [ $0$ ] ] [ $class$ [ $0$ ] ] ] [ $ExternalRiskEstimate<0.49  \le  0.5$ [ $class$ [ $0$ ] ] [ $class$ [ $0$ ] ] ] ] [ $ExternalRiskEstimate<0.49  \le  0.5$ [ $ExternalRiskEstimate<0.49  \le  0.5$ [ $class$ [ $1$ ] ] [ $class$ [ $0$ ] ] ] [ $ExternalRiskEstimate<0.49  \le  0.5$ [ $class$ [ $0$ ] ] [ $class$ [ $0$ ] ] ] ] ] ] [ $TradeWBalance<0.33  \le  0.5$ [ $ExternalRiskEstimate<0.49  \le  0.5$ [ $Delinquency<0.75  \le  0.5$ [ $ExternalRiskEstimate<0.49  \le  0.5$ [ $class$ [ $0$ ] ] [ $class$ [ $1$ ] ] ] [ $ExternalRiskEstimate<0.49  \le  0.5$ [ $class$ [ $0$ ] ] [ $class$ [ $0$ ] ] ] ] [ $TradeOpenTime<0.85  \le  0.5$ [ $ExternalRiskEstimate<0.49  \le  0.5$ [ $class$ [ $0$ ] ] [ $class$ [ $1$ ] ] ] [ $ExternalRiskEstimate<0.49  \le  0.5$ [ $class$ [ $0$ ] ] [ $class$ [ $1$ ] ] ] ] ] [ $ExternalRiskEstimate<0.49  \le  0.5$ [ $ExternalRiskEstimate<0.49  \le  0.5$ [ $ExternalRiskEstimate<0.49  \le  0.5$ [ $class$ [ $0$ ] ] [ $class$ [ $0$ ] ] ] [ $ExternalRiskEstimate<0.49  \le  0.5$ [ $class$ [ $0$ ] ] [ $class$ [ $0$ ] ] ] ] [ $ExternalRiskEstimate<0.49  \le  0.5$ [ $ExternalRiskEstimate<0.49  \le  0.5$ [ $class$ [ $0$ ] ] [ $class$ [ $0$ ] ] ] [ $RevolvingBalance<0.6  \le  0.5$ [ $class$ [ $1$ ] ] [ $class$ [ $1$ ] ] ] ] ] ] ] ] ]
3,8367,17,34,517.7422800441273,8,128,255,69.63069200430262,68.69024856596559,[ $ExternalRiskEstimate<0.49  \le  0.5$ [ $Installment<0.5  \le  0.5$ [ $ExternalRiskEstimate<0.49  \le  0.5$ [ $TradeWBalance<0.33  \le  0.5$ [ $ExternalRiskEstimate<0.49  \le  0.5$ [ $ExternalRiskEstimate<0.80  \le  0.5$ [ $ExternalRiskEstimate<0.49  \le  0.5$ [ $class$ [ $0$ ] ] [ $class$ [ $0$ ] ] ] [ $ExternalRiskEstimate<0.49  \le  0.5$ [ $class$ [ $0$ ] ] [ $class$ [ $0$ ] ] ] ] [ $ExternalRiskEstimate<0.49  \le  0.5$ [ $ExternalRiskEstimate<0.49  \le  0.5$ [ $class$ [ $0$ ] ] [ $class$ [ $0$ ] ] ] [ $ExternalRiskEstimate<0.49  \le  0.5$ [ $class$ [ $0$ ] ] [ $class$ [ $0$ ] ] ] ] ] [ $NumSatisfactoryTrades<0.5  \le  0.5$ [ $ExternalRiskEstimate<0.49  \le  0.5$ [ $ExternalRiskEstimate<0.49  \le  0.5$ [ $class$ [ $0$ ] ] [ $class$ [ $0$ ] ] ] [ $ExternalRiskEstimate<0.49  \le  0.5$ [ $class$ [ $0$ ] ] [ $class$ [ $0$ ] ] ] ] [ $ExternalRiskEstimate<0.49  \le  0.5$ [ $ExternalRiskEstimate<0.49  \le  0.5$ [ $class$ [ $1$ ] ] [ $class$ [ $1$ ] ] ] [ $ExternalRiskEstimate<0.49  \le  0.5$ [ $class$ [ $0$ ] ] [ $class$ [ $0$ ] ] ] ] ] ] [ $ExternalRiskEstimate<0.49  \le  0.5$ [ $ExternalRiskEstimate<0.49  \le  0.5$ [ $ExternalRiskEstimate<0.49  \le  0.5$ [ $ExternalRiskEstimate<0.49  \le  0.5$ [ $class$ [ $0$ ] ] [ $class$ [ $0$ ] ] ] [ $ExternalRiskEstimate<0.49  \le  0.5$ [ $class$ [ $0$ ] ] [ $class$ [ $0$ ] ] ] ] [ $ExternalRiskEstimate<0.49  \le  0.5$ [ $ExternalRiskEstimate<0.49  \le  0.5$ [ $class$ [ $0$ ] ] [ $class$ [ $0$ ] ] ] [ $ExternalRiskEstimate<0.49  \le  0.5$ [ $class$ [ $0$ ] ] [ $class$ [ $0$ ] ] ] ] ] [ $ExternalRiskEstimate<0.49  \le  0.5$ [ $ExternalRiskEstimate<0.49  \le  0.5$ [ $ExternalRiskEstimate<0.49  \le  0.5$ [ $class$ [ $0$ ] ] [ $class$ [ $0$ ] ] ] [ $ExternalRiskEstimate<0.49  \le  0.5$ [ $class$ [ $0$ ] ] [ $class$ [ $0$ ] ] ] ] [ $ExternalRiskEstimate<0.49  \le  0.5$ [ $ExternalRiskEstimate<0.49  \le  0.5$ [ $class$ [ $0$ ] ] [ $class$ [ $0$ ] ] ] [ $ExternalRiskEstimate<0.49  \le  0.5$ [ $class$ [ $0$ ] ] [ $class$ [ $0$ ] ] ] ] ] ] ] [ $ExternalRiskEstimate<0.49  \le  0.5$ [ $ExternalRiskEstimate<0.49  \le  0.5$ [ $ExternalRiskEstimate<0.49  \le  0.5$ [ $ExternalRiskEstimate<0.49  \le  0.5$ [ $ExternalRiskEstimate<0.49  \le  0.5$ [ $class$ [ $0$ ] ] [ $class$ [ $0$ ] ] ] [ $ExternalRiskEstimate<0.49  \le  0.5$ [ $class$ [ $0$ ] ] [ $class$ [ $0$ ] ] ] ] [ $ExternalRiskEstimate<0.49  \le  0.5$ [ $ExternalRiskEstimate<0.49  \le  0.5$ [ $class$ [ $0$ ] ] [ $class$ [ $0$ ] ] ] [ $ExternalRiskEstimate<0.49  \le  0.5$ [ $class$ [ $0$ ] ] [ $class$ [ $0$ ] ] ] ] ] [ $ExternalRiskEstimate<0.49  \le  0.5$ [ $ExternalRiskEstimate<0.49  \le  0.5$ [ $ExternalRiskEstimate<0.49  \le  0.5$ [ $class$ [ $0$ ] ] [ $class$ [ $0$ ] ] ] [ $ExternalRiskEstimate<0.49  \le  0.5$ [ $class$ [ $0$ ] ] [ $class$ [ $0$ ] ] ] ] [ $ExternalRiskEstimate<0.49  \le  0.5$ [ $ExternalRiskEstimate<0.49  \le  0.5$ [ $class$ [ $0$ ] ] [ $class$ [ $0$ ] ] ] [ $ExternalRiskEstimate<0.49  \le  0.5$ [ $class$ [ $0$ ] ] [ $class$ [ $0$ ] ] ] ] ] ] [ $ExternalRiskEstimate<0.49  \le  0.5$ [ $ExternalRiskEstimate<0.49  \le  0.5$ [ $ExternalRiskEstimate<0.49  \le  0.5$ [ $ExternalRiskEstimate<0.49  \le  0.5$ [ $class$ [ $0$ ] ] [ $class$ [ $0$ ] ] ] [ $ExternalRiskEstimate<0.49  \le  0.5$ [ $class$ [ $0$ ] ] [ $class$ [ $0$ ] ] ] ] [ $ExternalRiskEstimate<0.49  \le  0.5$ [ $ExternalRiskEstimate<0.49  \le  0.5$ [ $class$ [ $0$ ] ] [ $class$ [ $0$ ] ] ] [ $ExternalRiskEstimate<0.49  \le  0.5$ [ $class$ [ $0$ ] ] [ $class$ [ $0$ ] ] ] ] ] [ $ExternalRiskEstimate<0.49  \le  0.5$ [ $ExternalRiskEstimate<0.49  \le  0.5$ [ $ExternalRiskEstimate<0.49  \le  0.5$ [ $class$ [ $0$ ] ] [ $class$ [ $0$ ] ] ] [ $ExternalRiskEstimate<0.49  \le  0.5$ [ $class$ [ $1$ ] ] [ $class$ [ $0$ ] ] ] ] [ $ExternalRiskEstimate<0.49  \le  0.5$ [ $ExternalRiskEstimate<0.49  \le  0.5$ [ $class$ [ $0$ ] ] [ $class$ [ $0$ ] ] ] [ $ExternalRiskEstimate<0.49  \le  0.5$ [ $class$ [ $0$ ] ] [ $class$ [ $0$ ] ] ] ] ] ] ] ] [ $ExternalRiskEstimate<0.49  \le  0.5$ [ $RevolvingBalance<0.4  \le  0.5$ [ $TradeFrequency<0.45  \le  0.5$ [ $ExternalRiskEstimate<0.49  \le  0.5$ [ $ExternalRiskEstimate<0.49  \le  0.5$ [ $ExternalRiskEstimate<0.49  \le  0.5$ [ $class$ [ $0$ ] ] [ $class$ [ $1$ ] ] ] [ $ExternalRiskEstimate<0.49  \le  0.5$ [ $class$ [ $0$ ] ] [ $class$ [ $1$ ] ] ] ] [ $ExternalRiskEstimate<0.49  \le  0.5$ [ $ExternalRiskEstimate<0.49  \le  0.5$ [ $class$ [ $0$ ] ] [ $class$ [ $1$ ] ] ] [ $ExternalRiskEstimate<0.49  \le  0.5$ [ $class$ [ $0$ ] ] [ $class$ [ $0$ ] ] ] ] ] [ $ExternalRiskEstimate<0.49  \le  0.5$ [ $ExternalRiskEstimate<0.49  \le  0.5$ [ $ExternalRiskEstimate<0.49  \le  0.5$ [ $class$ [ $0$ ] ] [ $class$ [ $0$ ] ] ] [ $ExternalRiskEstimate<0.49  \le  0.5$ [ $class$ [ $0$ ] ] [ $class$ [ $0$ ] ] ] ] [ $ExternalRiskEstimate<0.49  \le  0.5$ [ $ExternalRiskEstimate<0.49  \le  0.5$ [ $class$ [ $0$ ] ] [ $class$ [ $0$ ] ] ] [ $ExternalRiskEstimate<0.49  \le  0.5$ [ $class$ [ $0$ ] ] [ $class$ [ $0$ ] ] ] ] ] ] [ $Installment<0.7  \le  0.5$ [ $ExternalRiskEstimate<0.49  \le  0.5$ [ $ExternalRiskEstimate<0.49  \le  0.5$ [ $ExternalRiskEstimate<0.49  \le  0.5$ [ $class$ [ $0$ ] ] [ $class$ [ $0$ ] ] ] [ $ExternalRiskEstimate<0.49  \le  0.5$ [ $class$ [ $0$ ] ] [ $class$ [ $0$ ] ] ] ] [ $TradeFrequency<0.45  \le  0.5$ [ $TradeFrequency<0.6  \le  0.5$ [ $class$ [ $0$ ] ] [ $class$ [ $0$ ] ] ] [ $ExternalRiskEstimate<0.49  \le  0.5$ [ $class$ [ $0$ ] ] [ $class$ [ $1$ ] ] ] ] ] [ $ExternalRiskEstimate<0.49  \le  0.5$ [ $ExternalRiskEstimate<0.49  \le  0.5$ [ $ExternalRiskEstimate<0.49  \le  0.5$ [ $class$ [ $0$ ] ] [ $class$ [ $0$ ] ] ] [ $ExternalRiskEstimate<0.49  \le  0.5$ [ $class$ [ $0$ ] ] [ $class$ [ $0$ ] ] ] ] [ $ExternalRiskEstimate<0.49  \le  0.5$ [ $ExternalRiskEstimate<0.49  \le  0.5$ [ $class$ [ $0$ ] ] [ $class$ [ $0$ ] ] ] [ $RevolvingBalance<0.6  \le  0.5$ [ $class$ [ $0$ ] ] [ $class$ [ $0$ ] ] ] ] ] ] ] [ $ExternalRiskEstimate<0.49  \le  0.5$ [ $ExternalRiskEstimate<0.49  \le  0.5$ [ $ExternalRiskEstimate<0.49  \le  0.5$ [ $ExternalRiskEstimate<0.49  \le  0.5$ [ $ExternalRiskEstimate<0.49  \le  0.5$ [ $class$ [ $0$ ] ] [ $class$ [ $0$ ] ] ] [ $ExternalRiskEstimate<0.49  \le  0.5$ [ $class$ [ $0$ ] ] [ $class$ [ $1$ ] ] ] ] [ $Installment<0.7  \le  0.5$ [ $ExternalRiskEstimate<0.49  \le  0.5$ [ $class$ [ $0$ ] ] [ $class$ [ $1$ ] ] ] [ $ExternalRiskEstimate<0.49  \le  0.5$ [ $class$ [ $0$ ] ] [ $class$ [ $0$ ] ] ] ] ] [ $Installment<0.7  \le  0.5$ [ $Installment<0.7  \le  0.5$ [ $ExternalRiskEstimate<0.49  \le  0.5$ [ $class$ [ $0$ ] ] [ $class$ [ $1$ ] ] ] [ $ExternalRiskEstimate<0.49  \le  0.5$ [ $class$ [ $0$ ] ] [ $class$ [ $0$ ] ] ] ] [ $Delinquency<0.55  \le  0.5$ [ $ExternalRiskEstimate<0.49  \le  0.5$ [ $class$ [ $0$ ] ] [ $class$ [ $0$ ] ] ] [ $ExternalRiskEstimate<0.49  \le  0.5$ [ $class$ [ $0$ ] ] [ $class$ [ $0$ ] ] ] ] ] ] [ $ExternalRiskEstimate<0.49  \le  0.5$ [ $Delinquency<0.75  \le  0.5$ [ $Delinquency<0.75  \le  0.5$ [ $ExternalRiskEstimate<0.49  \le  0.5$ [ $class$ [ $0$ ] ] [ $class$ [ $1$ ] ] ] [ $ExternalRiskEstimate<0.49  \le  0.5$ [ $class$ [ $0$ ] ] [ $class$ [ $0$ ] ] ] ] [ $TradeOpenTime<0.85  \le  0.5$ [ $ExternalRiskEstimate<0.49  \le  0.5$ [ $class$ [ $0$ ] ] [ $class$ [ $0$ ] ] ] [ $TradeFrequency<0.45  \le  0.5$ [ $class$ [ $0$ ] ] [ $class$ [ $0$ ] ] ] ] ] [ $TradeWBalance<0.33  \le  0.5$ [ $ExternalRiskEstimate<0.49  \le  0.5$ [ $ExternalRiskEstimate<0.49  \le  0.5$ [ $class$ [ $0$ ] ] [ $class$ [ $0$ ] ] ] [ $Installment<0.7  \le  0.5$ [ $class$ [ $1$ ] ] [ $class$ [ $1$ ] ] ] ] [ $ExternalRiskEstimate<0.49  \le  0.5$ [ $ExternalRiskEstimate<0.49  \le  0.5$ [ $class$ [ $0$ ] ] [ $class$ [ $0$ ] ] ] [ $ExternalRiskEstimate<0.49  \le  0.5$ [ $class$ [ $0$ ] ] [ $class$ [ $1$ ] ] ] ] ] ] ] ] ]
4,8368,17,34,516.8897219789214,8,128,255,68.22418738049714,67.2883787661406,[ $ExternalRiskEstimate<0.49  \le  0.5$ [ $Installment<0.5  \le  0.5$ [ $ExternalRiskEstimate<0.49  \le  0.5$ [ $ExternalRiskEstimate<0.49  \le  0.5$ [ $ExternalRiskEstimate<0.49  \le  0.5$ [ $ExternalRiskEstimate<0.49  \le  0.5$ [ $ExternalRiskEstimate<0.49  \le  0.5$ [ $class$ [ $0$ ] ] [ $class$ [ $0$ ] ] ] [ $ExternalRiskEstimate<0.49  \le  0.5$ [ $class$ [ $0$ ] ] [ $class$ [ $0$ ] ] ] ] [ $ExternalRiskEstimate<0.49  \le  0.5$ [ $ExternalRiskEstimate<0.49  \le  0.5$ [ $class$ [ $0$ ] ] [ $class$ [ $0$ ] ] ] [ $ExternalRiskEstimate<0.49  \le  0.5$ [ $class$ [ $0$ ] ] [ $class$ [ $0$ ] ] ] ] ] [ $ExternalRiskEstimate<0.49  \le  0.5$ [ $ExternalRiskEstimate<0.49  \le  0.5$ [ $ExternalRiskEstimate<0.49  \le  0.5$ [ $class$ [ $0$ ] ] [ $class$ [ $0$ ] ] ] [ $ExternalRiskEstimate<0.49  \le  0.5$ [ $class$ [ $0$ ] ] [ $class$ [ $1$ ] ] ] ] [ $ExternalRiskEstimate<0.49  \le  0.5$ [ $ExternalRiskEstimate<0.49  \le  0.5$ [ $class$ [ $0$ ] ] [ $class$ [ $0$ ] ] ] [ $ExternalRiskEstimate<0.49  \le  0.5$ [ $class$ [ $0$ ] ] [ $class$ [ $0$ ] ] ] ] ] ] [ $ExternalRiskEstimate<0.49  \le  0.5$ [ $ExternalRiskEstimate<0.49  \le  0.5$ [ $ExternalRiskEstimate<0.49  \le  0.5$ [ $ExternalRiskEstimate<0.49  \le  0.5$ [ $class$ [ $0$ ] ] [ $class$ [ $0$ ] ] ] [ $ExternalRiskEstimate<0.49  \le  0.5$ [ $class$ [ $0$ ] ] [ $class$ [ $0$ ] ] ] ] [ $ExternalRiskEstimate<0.49  \le  0.5$ [ $ExternalRiskEstimate<0.49  \le  0.5$ [ $class$ [ $0$ ] ] [ $class$ [ $0$ ] ] ] [ $ExternalRiskEstimate<0.49  \le  0.5$ [ $class$ [ $0$ ] ] [ $class$ [ $0$ ] ] ] ] ] [ $ExternalRiskEstimate<0.49  \le  0.5$ [ $ExternalRiskEstimate<0.49  \le  0.5$ [ $ExternalRiskEstimate<0.49  \le  0.5$ [ $class$ [ $0$ ] ] [ $class$ [ $0$ ] ] ] [ $ExternalRiskEstimate<0.49  \le  0.5$ [ $class$ [ $0$ ] ] [ $class$ [ $0$ ] ] ] ] [ $ExternalRiskEstimate<0.49  \le  0.5$ [ $ExternalRiskEstimate<0.49  \le  0.5$ [ $class$ [ $1$ ] ] [ $class$ [ $0$ ] ] ] [ $Installment<0.7  \le  0.5$ [ $class$ [ $0$ ] ] [ $class$ [ $1$ ] ] ] ] ] ] ] [ $ExternalRiskEstimate<0.49  \le  0.5$ [ $ExternalRiskEstimate<0.49  \le  0.5$ [ $ExternalRiskEstimate<0.49  \le  0.5$ [ $ExternalRiskEstimate<0.49  \le  0.5$ [ $ExternalRiskEstimate<0.49  \le  0.5$ [ $class$ [ $0$ ] ] [ $class$ [ $0$ ] ] ] [ $ExternalRiskEstimate<0.49  \le  0.5$ [ $class$ [ $0$ ] ] [ $class$ [ $0$ ] ] ] ] [ $ExternalRiskEstimate<0.49  \le  0.5$ [ $ExternalRiskEstimate<0.49  \le  0.5$ [ $class$ [ $0$ ] ] [ $class$ [ $0$ ] ] ] [ $ExternalRiskEstimate<0.49  \le  0.5$ [ $class$ [ $0$ ] ] [ $class$ [ $0$ ] ] ] ] ] [ $ExternalRiskEstimate<0.49  \le  0.5$ [ $ExternalRiskEstimate<0.49  \le  0.5$ [ $ExternalRiskEstimate<0.49  \le  0.5$ [ $class$ [ $0$ ] ] [ $class$ [ $0$ ] ] ] [ $ExternalRiskEstimate<0.49  \le  0.5$ [ $class$ [ $0$ ] ] [ $class$ [ $1$ ] ] ] ] [ $ExternalRiskEstimate<0.49  \le  0.5$ [ $ExternalRiskEstimate<0.49  \le  0.5$ [ $class$ [ $0$ ] ] [ $class$ [ $0$ ] ] ] [ $ExternalRiskEstimate<0.49  \le  0.5$ [ $class$ [ $0$ ] ] [ $class$ [ $0$ ] ] ] ] ] ] [ $ExternalRiskEstimate<0.49  \le  0.5$ [ $ExternalRiskEstimate<0.49  \le  0.5$ [ $ExternalRiskEstimate<0.49  \le  0.5$ [ $ExternalRiskEstimate<0.49  \le  0.5$ [ $class$ [ $0$ ] ] [ $class$ [ $0$ ] ] ] [ $ExternalRiskEstimate<0.49  \le  0.5$ [ $class$ [ $0$ ] ] [ $class$ [ $0$ ] ] ] ] [ $ExternalRiskEstimate<0.49  \le  0.5$ [ $ExternalRiskEstimate<0.49  \le  0.5$ [ $class$ [ $0$ ] ] [ $class$ [ $0$ ] ] ] [ $ExternalRiskEstimate<0.49  \le  0.5$ [ $class$ [ $0$ ] ] [ $class$ [ $1$ ] ] ] ] ] [ $ExternalRiskEstimate<0.49  \le  0.5$ [ $ExternalRiskEstimate<0.49  \le  0.5$ [ $ExternalRiskEstimate<0.49  \le  0.5$ [ $class$ [ $0$ ] ] [ $class$ [ $0$ ] ] ] [ $ExternalRiskEstimate<0.49  \le  0.5$ [ $class$ [ $0$ ] ] [ $class$ [ $0$ ] ] ] ] [ $ExternalRiskEstimate<0.49  \le  0.5$ [ $ExternalRiskEstimate<0.49  \le  0.5$ [ $class$ [ $0$ ] ] [ $class$ [ $1$ ] ] ] [ $ExternalRiskEstimate<0.49  \le  0.5$ [ $class$ [ $0$ ] ] [ $class$ [ $0$ ] ] ] ] ] ] ] ] [ $Inquiry<0.75  \le  0.5$ [ $RevolvingBalance<0.4  \le  0.5$ [ $TradeFrequency<0.45  \le  0.5$ [ $Inquiry<0.75  \le  0.5$ [ $Inquiry<0.75  \le  0.5$ [ $Utilization<0.6  \le  0.5$ [ $class$ [ $0$ ] ] [ $class$ [ $0$ ] ] ] [ $ExternalRiskEstimate<0.49  \le  0.5$ [ $class$ [ $0$ ] ] [ $class$ [ $0$ ] ] ] ] [ $ExternalRiskEstimate<0.49  \le  0.5$ [ $ExternalRiskEstimate<0.49  \le  0.5$ [ $class$ [ $1$ ] ] [ $class$ [ $0$ ] ] ] [ $ExternalRiskEstimate<0.49  \le  0.5$ [ $class$ [ $0$ ] ] [ $class$ [ $0$ ] ] ] ] ] [ $TradeWBalance<0.33  \le  0.5$ [ $Utilization<0.6  \le  0.5$ [ $ExternalRiskEstimate<0.49  \le  0.5$ [ $class$ [ $0$ ] ] [ $class$ [ $0$ ] ] ] [ $ExternalRiskEstimate<0.49  \le  0.5$ [ $class$ [ $0$ ] ] [ $class$ [ $0$ ] ] ] ] [ $ExternalRiskEstimate<0.49  \le  0.5$ [ $ExternalRiskEstimate<0.49  \le  0.5$ [ $class$ [ $0$ ] ] [ $class$ [ $0$ ] ] ] [ $ExternalRiskEstimate<0.49  \le  0.5$ [ $class$ [ $0$ ] ] [ $class$ [ $0$ ] ] ] ] ] ] [ $Installment<0.7  \le  0.5$ [ $ExternalRiskEstimate<0.49  \le  0.5$ [ $ExternalRiskEstimate<0.49  \le  0.5$ [ $ExternalRiskEstimate<0.49  \le  0.5$ [ $class$ [ $0$ ] ] [ $class$ [ $0$ ] ] ] [ $ExternalRiskEstimate<0.49  \le  0.5$ [ $class$ [ $0$ ] ] [ $class$ [ $0$ ] ] ] ] [ $TradeFrequency<0.45  \le  0.5$ [ $TradeFrequency<0.6  \le  0.5$ [ $class$ [ $0$ ] ] [ $class$ [ $1$ ] ] ] [ $ExternalRiskEstimate<0.49  \le  0.5$ [ $class$ [ $0$ ] ] [ $class$ [ $1$ ] ] ] ] ] [ $TradeFrequency<0.6  \le  0.5$ [ $NumSatisfactoryTrades<0.5  \le  0.5$ [ $Delinquency<0.55  \le  0.5$ [ $class$ [ $0$ ] ] [ $class$ [ $1$ ] ] ] [ $TradeOpenTime<0.6  \le  0.5$ [ $class$ [ $1$ ] ] [ $class$ [ $1$ ] ] ] ] [ $TradeFrequency<0.45  \le  0.5$ [ $ExternalRiskEstimate<0.49  \le  0.5$ [ $class$ [ $0$ ] ] [ $class$ [ $1$ ] ] ] [ $ExternalRiskEstimate<0.49  \le  0.5$ [ $class$ [ $0$ ] ] [ $class$ [ $1$ ] ] ] ] ] ] ] [ $TradeOpenTime<0.6  \le  0.5$ [ $ExternalRiskEstimate<0.49  \le  0.5$ [ $ExternalRiskEstimate<0.49  \le  0.5$ [ $ExternalRiskEstimate<0.49  \le  0.5$ [ $ExternalRiskEstimate<0.49  \le  0.5$ [ $class$ [ $0$ ] ] [ $class$ [ $0$ ] ] ] [ $ExternalRiskEstimate<0.49  \le  0.5$ [ $class$ [ $0$ ] ] [ $class$ [ $0$ ] ] ] ] [ $ExternalRiskEstimate<0.49  \le  0.5$ [ $ExternalRiskEstimate<0.49  \le  0.5$ [ $class$ [ $0$ ] ] [ $class$ [ $0$ ] ] ] [ $ExternalRiskEstimate<0.49  \le  0.5$ [ $class$ [ $0$ ] ] [ $class$ [ $0$ ] ] ] ] ] [ $Installment<0.7  \le  0.5$ [ $Installment<0.7  \le  0.5$ [ $Utilization<0.6  \le  0.5$ [ $class$ [ $1$ ] ] [ $class$ [ $0$ ] ] ] [ $ExternalRiskEstimate<0.49  \le  0.5$ [ $class$ [ $0$ ] ] [ $class$ [ $0$ ] ] ] ] [ $ExternalRiskEstimate<0.49  \le  0.5$ [ $ExternalRiskEstimate<0.49  \le  0.5$ [ $class$ [ $0$ ] ] [ $class$ [ $0$ ] ] ] [ $Delinquency<0.75  \le  0.5$ [ $class$ [ $1$ ] ] [ $class$ [ $1$ ] ] ] ] ] ] [ $ExternalRiskEstimate<0.49  \le  0.5$ [ $ExternalRiskEstimate<0.49  \le  0.5$ [ $ExternalRiskEstimate<0.49  \le  0.5$ [ $ExternalRiskEstimate<0.49  \le  0.5$ [ $class$ [ $0$ ] ] [ $class$ [ $1$ ] ] ] [ $ExternalRiskEstimate<0.49  \le  0.5$ [ $class$ [ $0$ ] ] [ $class$ [ $1$ ] ] ] ] [ $TradeOpenTime<0.85  \le  0.5$ [ $ExternalRiskEstimate<0.49  \le  0.5$ [ $class$ [ $0$ ] ] [ $class$ [ $0$ ] ] ] [ $ExternalRiskEstimate<0.49  \le  0.5$ [ $class$ [ $1$ ] ] [ $class$ [ $1$ ] ] ] ] ] [ $ExternalRiskEstimate<0.49  \le  0.5$ [ $ExternalRiskEstimate<0.49  \le  0.5$ [ $TradeFrequency<0.6  \le  0.5$ [ $class$ [ $1$ ] ] [ $class$ [ $0$ ] ] ] [ $Installment<0.7  \le  0.5$ [ $class$ [ $1$ ] ] [ $class$ [ $1$ ] ] ] ] [ $ExternalRiskEstimate<0.49  \le  0.5$ [ $ExternalRiskEstimate<0.49  \le  0.5$ [ $class$ [ $0$ ] ] [ $class$ [ $0$ ] ] ] [ $RevolvingBalance<0.6  \le  0.5$ [ $class$ [ $1$ ] ] [ $class$ [ $1$ ] ] ] ] ] ] ] ] ]
