fold_index,samples,features,binary_features,time,depth,leaves,nodes,training,test,tex
0,8367,17,34,0.006997913122177124,2,2,3,69.30799569738258,69.88527724665391,[ $ExternalRiskEstimate<0.49 \eq 0$ [ $class$ [ $1$ ] ] [ $class$ [ $0$ ] ] ]
1,8367,17,34,0.007025928236544132,2,2,3,69.60678857416039,68.69024856596559,[ $ExternalRiskEstimate<0.49 \eq 0$ [ $class$ [ $1$ ] ] [ $class$ [ $0$ ] ] ]
2,8367,17,34,0.006777506787329912,2,2,3,69.7143540098004,69.12045889101339,[ $ExternalRiskEstimate<0.65 \eq 0$ [ $class$ [ $1$ ] ] [ $class$ [ $0$ ] ] ]
3,8367,17,34,0.0068199229426681995,2,2,3,69.55898171387595,68.88145315487571,[ $ExternalRiskEstimate<0.49 \eq 1$ [ $class$ [ $0$ ] ] [ $class$ [ $1$ ] ] ]
4,8368,17,34,0.006905845832079649,2,2,3,69.39531548757171,69.53610712577714,[ $ExternalRiskEstimate<0.49 \eq 0$ [ $class$ [ $1$ ] ] [ $class$ [ $0$ ] ] ]
0,8367,17,34,0.009965979028493166,3,4,7,69.54702999880483,62.523900573613766,[ $ExternalRiskEstimate<0.49 \eq 1$ [ $Inquiry<0.75 \eq 0$ [ $class$ [ $1$ ] ] [ $class$ [ $0$ ] ] ] [ $Inquiry<0.75 \eq 1$ [ $class$ [ $1$ ] ] [ $class$ [ $1$ ] ] ] ]
1,8367,17,34,0.009258102159947157,3,4,7,69.60678857416039,68.69024856596559,[ $ExternalRiskEstimate<0.49 \eq 0$ [ $Inquiry<0.75 \eq 1$ [ $class$ [ $1$ ] ] [ $class$ [ $1$ ] ] ] [ $ExternalRiskEstimate<0.80 \eq 1$ [ $class$ [ $0$ ] ] [ $class$ [ $0$ ] ] ] ]
2,8367,17,34,0.01003940962255001,3,4,7,69.7143540098004,69.12045889101339,[ $ExternalRiskEstimate<0.65 \eq 1$ [ $Inquiry<0.75 \eq 1$ [ $class$ [ $0$ ] ] [ $class$ [ $0$ ] ] ] [ $ExternalRiskEstimate<0.49 \eq 1$ [ $class$ [ $1$ ] ] [ $class$ [ $1$ ] ] ] ]
3,8367,17,34,0.0099082812666893,3,4,7,69.55898171387595,68.88145315487571,[ $ExternalRiskEstimate<0.49 \eq 1$ [ $ExternalRiskEstimate<0.80 \eq 1$ [ $class$ [ $0$ ] ] [ $class$ [ $0$ ] ] ] [ $Inquiry<0.75 \eq 1$ [ $class$ [ $1$ ] ] [ $class$ [ $1$ ] ] ] ]
4,8368,17,34,0.009320375043898821,3,4,7,69.39531548757171,69.53610712577714,[ $ExternalRiskEstimate<0.49 \eq 1$ [ $ExternalRiskEstimate<0.80 \eq 0$ [ $class$ [ $0$ ] ] [ $class$ [ $0$ ] ] ] [ $Inquiry<0.75 \eq 1$ [ $class$ [ $1$ ] ] [ $class$ [ $1$ ] ] ] ]
0,8367,17,34,0.01136042270809412,4,8,15,72.10469702402294,64.48374760994264,[ $ExternalRiskEstimate<0.49 \eq 0$ [ $Inquiry<0.75 \eq 0$ [ $Utilization<0.6 \eq 0$ [ $class$ [ $1$ ] ] [ $class$ [ $1$ ] ] ] [ $TradeOpenTime<0.85 \eq 1$ [ $class$ [ $0$ ] ] [ $class$ [ $1$ ] ] ] ] [ $Inquiry<0.75 \eq 0$ [ $ExternalRiskEstimate<0.80 \eq 1$ [ $class$ [ $0$ ] ] [ $class$ [ $1$ ] ] ] [ $ExternalRiskEstimate<0.65 \eq 1$ [ $class$ [ $0$ ] ] [ $class$ [ $0$ ] ] ] ] ]
1,8367,17,34,0.01144446013495326,4,8,15,70.57487749492051,70.60229445506691,[ $ExternalRiskEstimate<0.49 \eq 1$ [ $ExternalRiskEstimate<0.80 \eq 1$ [ $Inquiry<0.75 \eq 0$ [ $class$ [ $0$ ] ] [ $class$ [ $0$ ] ] ] [ $Inquiry<0.75 \eq 0$ [ $class$ [ $1$ ] ] [ $class$ [ $0$ ] ] ] ] [ $Inquiry<0.75 \eq 0$ [ $RevolvingBalance<0.6 \eq 0$ [ $class$ [ $1$ ] ] [ $class$ [ $1$ ] ] ] [ $TradeOpenTime<0.85 \eq 0$ [ $class$ [ $1$ ] ] [ $class$ [ $0$ ] ] ] ] ]
2,8367,17,34,0.011526445858180523,4,8,15,70.81391179634278,72.4187380497132,[ $ExternalRiskEstimate<0.65 \eq 0$ [ $ExternalRiskEstimate<0.49 \eq 0$ [ $Inquiry<0.75 \eq 1$ [ $class$ [ $1$ ] ] [ $class$ [ $1$ ] ] ] [ $Inquiry<0.75 \eq 1$ [ $class$ [ $0$ ] ] [ $class$ [ $1$ ] ] ] ] [ $Inquiry<0.75 \eq 0$ [ $ExternalRiskEstimate<0.80 \eq 0$ [ $class$ [ $0$ ] ] [ $class$ [ $0$ ] ] ] [ $ExternalRiskEstimate<0.80 \eq 1$ [ $class$ [ $0$ ] ] [ $class$ [ $0$ ] ] ] ] ]
3,8367,17,34,0.011448829900473356,4,8,15,70.41950519899606,71.22370936902486,[ $ExternalRiskEstimate<0.49 \eq 0$ [ $Inquiry<0.75 \eq 1$ [ $TradeOpenTime<0.85 \eq 1$ [ $class$ [ $0$ ] ] [ $class$ [ $1$ ] ] ] [ $Utilization<0.6 \eq 1$ [ $class$ [ $1$ ] ] [ $class$ [ $1$ ] ] ] ] [ $ExternalRiskEstimate<0.80 \eq 1$ [ $TradeOpenTime<0.6 \eq 0$ [ $class$ [ $0$ ] ] [ $class$ [ $0$ ] ] ] [ $Inquiry<0.75 \eq 0$ [ $class$ [ $1$ ] ] [ $class$ [ $0$ ] ] ] ] ]
4,8368,17,34,0.012163314037024975,4,8,15,69.90917782026769,71.97513151602104,[ $ExternalRiskEstimate<0.49 \eq 1$ [ $ExternalRiskEstimate<0.80 \eq 1$ [ $Inquiry<0.75 \eq 0$ [ $class$ [ $0$ ] ] [ $class$ [ $0$ ] ] ] [ $Inquiry<0.75 \eq 1$ [ $class$ [ $0$ ] ] [ $class$ [ $1$ ] ] ] ] [ $Inquiry<0.75 \eq 1$ [ $TradeFrequency<0.6 \eq 0$ [ $class$ [ $1$ ] ] [ $class$ [ $1$ ] ] ] [ $Utilization<0.6 \eq 1$ [ $class$ [ $1$ ] ] [ $class$ [ $1$ ] ] ] ] ]
0,8367,17,34,0.014715030789375305,5,16,31,72.20031074459185,64.53154875717017,[ $ExternalRiskEstimate<0.49 \eq 1$ [ $Inquiry<0.75 \eq 0$ [ $ExternalRiskEstimate<0.80 \eq 1$ [ $NumSatisfactoryTrades<0.5 \eq 0$ [ $class$ [ $0$ ] ] [ $class$ [ $0$ ] ] ] [ $TradeOpenTime<0.6 \eq 0$ [ $class$ [ $1$ ] ] [ $class$ [ $1$ ] ] ] ] [ $ExternalRiskEstimate<0.65 \eq 0$ [ $NumSatisfactoryTrades<0.5 \eq 0$ [ $class$ [ $1$ ] ] [ $class$ [ $0$ ] ] ] [ $ExternalRiskEstimate<0.80 \eq 1$ [ $class$ [ $0$ ] ] [ $class$ [ $0$ ] ] ] ] ] [ $Inquiry<0.75 \eq 0$ [ $Utilization<0.6 \eq 1$ [ $TradeOpenTime<0.6 \eq 1$ [ $class$ [ $1$ ] ] [ $class$ [ $0$ ] ] ] [ $RevolvingBalance<0.6 \eq 1$ [ $class$ [ $1$ ] ] [ $class$ [ $1$ ] ] ] ] [ $TradeOpenTime<0.85 \eq 0$ [ $RevolvingBalance<0.6 \eq 0$ [ $class$ [ $1$ ] ] [ $class$ [ $1$ ] ] ] [ $RevolvingBalance<0.6 \eq 1$ [ $class$ [ $0$ ] ] [ $class$ [ $0$ ] ] ] ] ] ]
1,8367,17,34,0.01359306275844574,5,16,31,71.51906298553843,70.74569789674953,[ $ExternalRiskEstimate<0.49 \eq 0$ [ $Inquiry<0.75 \eq 0$ [ $RevolvingBalance<0.6 \eq 1$ [ $Delinquency<0.55 \eq 1$ [ $class$ [ $1$ ] ] [ $class$ [ $1$ ] ] ] [ $Utilization<0.6 \eq 1$ [ $class$ [ $1$ ] ] [ $class$ [ $1$ ] ] ] ] [ $TradeOpenTime<0.85 \eq 1$ [ $RevolvingBalance<0.4 \eq 1$ [ $class$ [ $0$ ] ] [ $class$ [ $0$ ] ] ] [ $RevolvingBalance<0.6 \eq 1$ [ $class$ [ $1$ ] ] [ $class$ [ $1$ ] ] ] ] ] [ $ExternalRiskEstimate<0.80 \eq 1$ [ $Inquiry<0.75 \eq 1$ [ $TradeOpenTime<0.6 \eq 0$ [ $class$ [ $0$ ] ] [ $class$ [ $0$ ] ] ] [ $TradeWBalance<0.33 \eq 0$ [ $class$ [ $1$ ] ] [ $class$ [ $0$ ] ] ] ] [ $Inquiry<0.75 \eq 0$ [ $ExternalRiskEstimate<0.65 \eq 0$ [ $class$ [ $1$ ] ] [ $class$ [ $0$ ] ] ] [ $ExternalRiskEstimate<0.65 \eq 1$ [ $class$ [ $0$ ] ] [ $class$ [ $0$ ] ] ] ] ] ]
2,8367,17,34,0.014072793070226908,5,16,31,71.61467670610733,72.131931166348,[ $ExternalRiskEstimate<0.65 \eq 1$ [ $Inquiry<0.75 \eq 1$ [ $ExternalRiskEstimate<0.80 \eq 0$ [ $NumSatisfactoryTrades<0.5 \eq 1$ [ $class$ [ $0$ ] ] [ $class$ [ $0$ ] ] ] [ $Installment<0.5 \eq 1$ [ $class$ [ $0$ ] ] [ $class$ [ $0$ ] ] ] ] [ $ExternalRiskEstimate<0.80 \eq 1$ [ $NumSatisfactoryTrades<0.5 \eq 0$ [ $class$ [ $0$ ] ] [ $class$ [ $0$ ] ] ] [ $TradeWBalance<0.33 \eq 0$ [ $class$ [ $1$ ] ] [ $class$ [ $0$ ] ] ] ] ] [ $ExternalRiskEstimate<0.49 \eq 0$ [ $Inquiry<0.75 \eq 0$ [ $Utilization<0.6 \eq 0$ [ $class$ [ $1$ ] ] [ $class$ [ $0$ ] ] ] [ $TradeOpenTime<0.85 \eq 0$ [ $class$ [ $1$ ] ] [ $class$ [ $0$ ] ] ] ] [ $Inquiry<0.75 \eq 0$ [ $Delinquency<0.75 \eq 0$ [ $class$ [ $1$ ] ] [ $class$ [ $0$ ] ] ] [ $NumSatisfactoryTrades<0.5 \eq 1$ [ $class$ [ $0$ ] ] [ $class$ [ $1$ ] ] ] ] ] ]
3,8367,17,34,0.013839371036738157,5,16,31,71.53101470060955,70.8413001912046,[ $ExternalRiskEstimate<0.49 \eq 1$ [ $ExternalRiskEstimate<0.80 \eq 1$ [ $TradeOpenTime<0.6 \eq 1$ [ $Inquiry<0.75 \eq 0$ [ $class$ [ $0$ ] ] [ $class$ [ $0$ ] ] ] [ $Delinquency<0.75 \eq 0$ [ $class$ [ $0$ ] ] [ $class$ [ $0$ ] ] ] ] [ $Inquiry<0.75 \eq 1$ [ $ExternalRiskEstimate<0.65 \eq 0$ [ $class$ [ $0$ ] ] [ $class$ [ $0$ ] ] ] [ $ExternalRiskEstimate<0.65 \eq 1$ [ $class$ [ $0$ ] ] [ $class$ [ $1$ ] ] ] ] ] [ $Inquiry<0.75 \eq 1$ [ $TradeOpenTime<0.85 \eq 1$ [ $TradeFrequency<0.6 \eq 0$ [ $class$ [ $0$ ] ] [ $class$ [ $0$ ] ] ] [ $RevolvingBalance<0.4 \eq 1$ [ $class$ [ $1$ ] ] [ $class$ [ $1$ ] ] ] ] [ $Utilization<0.6 \eq 1$ [ $TradeOpenTime<0.6 \eq 0$ [ $class$ [ $1$ ] ] [ $class$ [ $1$ ] ] ] [ $TradeOpenTime<0.6 \eq 0$ [ $class$ [ $1$ ] ] [ $class$ [ $1$ ] ] ] ] ] ]
4,8368,17,34,0.014449457172304392,5,16,31,71.36711281070745,71.06647537063606,[ $ExternalRiskEstimate<0.49 \eq 1$ [ $ExternalRiskEstimate<0.80 \eq 1$ [ $Inquiry<0.75 \eq 0$ [ $TradeFrequency<0.6 \eq 0$ [ $class$ [ $0$ ] ] [ $class$ [ $0$ ] ] ] [ $TradeOpenTime<0.6 \eq 0$ [ $class$ [ $0$ ] ] [ $class$ [ $0$ ] ] ] ] [ $Inquiry<0.75 \eq 0$ [ $ExternalRiskEstimate<0.65 \eq 0$ [ $class$ [ $1$ ] ] [ $class$ [ $0$ ] ] ] [ $ExternalRiskEstimate<0.65 \eq 1$ [ $class$ [ $0$ ] ] [ $class$ [ $0$ ] ] ] ] ] [ $Inquiry<0.75 \eq 1$ [ $TradeFrequency<0.6 \eq 1$ [ $RevolvingBalance<0.6 \eq 0$ [ $class$ [ $1$ ] ] [ $class$ [ $0$ ] ] ] [ $RevolvingBalance<0.4 \eq 0$ [ $class$ [ $1$ ] ] [ $class$ [ $1$ ] ] ] ] [ $Utilization<0.6 \eq 1$ [ $TradeOpenTime<0.85 \eq 0$ [ $class$ [ $1$ ] ] [ $class$ [ $0$ ] ] ] [ $RevolvingBalance<0.6 \eq 1$ [ $class$ [ $1$ ] ] [ $class$ [ $1$ ] ] ] ] ] ]
0,8367,17,34,0.01602214714512229,6,31,61,73.44328911198758,64.81835564053537,[ $ExternalRiskEstimate<0.49 \eq 0$ [ $Inquiry<0.75 \eq 1$ [ $TradeOpenTime<0.85 \eq 1$ [ $RevolvingBalance<0.6 \eq 1$ [ $class$ [ $0$ ] ] [ $TradeFrequency<0.6 \eq 1$ [ $class$ [ $0$ ] ] [ $class$ [ $0$ ] ] ] ] [ $RevolvingBalance<0.6 \eq 1$ [ $TradeFrequency<0.6 \eq 1$ [ $class$ [ $0$ ] ] [ $class$ [ $1$ ] ] ] [ $Delinquency<0.75 \eq 0$ [ $class$ [ $1$ ] ] [ $class$ [ $0$ ] ] ] ] ] [ $Utilization<0.6 \eq 0$ [ $RevolvingBalance<0.6 \eq 1$ [ $Delinquency<0.55 \eq 1$ [ $class$ [ $1$ ] ] [ $class$ [ $1$ ] ] ] [ $Delinquency<0.55 \eq 1$ [ $class$ [ $1$ ] ] [ $class$ [ $1$ ] ] ] ] [ $TradeOpenTime<0.6 \eq 1$ [ $Delinquency<0.55 \eq 1$ [ $class$ [ $0$ ] ] [ $class$ [ $1$ ] ] ] [ $TradeFrequency<0.45 \eq 1$ [ $class$ [ $1$ ] ] [ $class$ [ $0$ ] ] ] ] ] ] [ $Inquiry<0.75 \eq 0$ [ $ExternalRiskEstimate<0.80 \eq 0$ [ $TradeOpenTime<0.6 \eq 0$ [ $Delinquency<0.75 \eq 1$ [ $class$ [ $0$ ] ] [ $class$ [ $1$ ] ] ] [ $ExternalRiskEstimate<0.65 \eq 0$ [ $class$ [ $1$ ] ] [ $class$ [ $0$ ] ] ] ] [ $NumSatisfactoryTrades<0.5 \eq 1$ [ $TradeFrequency<0.6 \eq 0$ [ $class$ [ $0$ ] ] [ $class$ [ $0$ ] ] ] [ $Utilization<0.6 \eq 0$ [ $class$ [ $0$ ] ] [ $class$ [ $0$ ] ] ] ] ] [ $ExternalRiskEstimate<0.65 \eq 0$ [ $NumSatisfactoryTrades<0.5 \eq 1$ [ $Installment<0.5 \eq 1$ [ $class$ [ $0$ ] ] [ $class$ [ $0$ ] ] ] [ $TradeFrequency<0.45 \eq 1$ [ $class$ [ $0$ ] ] [ $class$ [ $1$ ] ] ] ] [ $ExternalRiskEstimate<0.80 \eq 1$ [ $TradeOpenTime<0.6 \eq 0$ [ $class$ [ $0$ ] ] [ $class$ [ $0$ ] ] ] [ $NumSatisfactoryTrades<0.5 \eq 0$ [ $class$ [ $0$ ] ] [ $class$ [ $0$ ] ] ] ] ] ] ]
1,8367,17,34,0.015452379360795021,6,32,63,72.48715190629855,70.31548757170172,[ $ExternalRiskEstimate<0.49 \eq 0$ [ $Inquiry<0.75 \eq 1$ [ $TradeOpenTime<0.85 \eq 1$ [ $RevolvingBalance<0.4 \eq 0$ [ $TradeFrequency<0.6 \eq 0$ [ $class$ [ $0$ ] ] [ $class$ [ $0$ ] ] ] [ $Installment<0.5 \eq 0$ [ $class$ [ $0$ ] ] [ $class$ [ $0$ ] ] ] ] [ $RevolvingBalance<0.6 \eq 1$ [ $Utilization<0.6 \eq 0$ [ $class$ [ $1$ ] ] [ $class$ [ $0$ ] ] ] [ $Delinquency<0.55 \eq 1$ [ $class$ [ $1$ ] ] [ $class$ [ $1$ ] ] ] ] ] [ $RevolvingBalance<0.6 \eq 1$ [ $Delinquency<0.55 \eq 1$ [ $Installment<0.5 \eq 0$ [ $class$ [ $1$ ] ] [ $class$ [ $1$ ] ] ] [ $TradeFrequency<0.45 \eq 0$ [ $class$ [ $0$ ] ] [ $class$ [ $1$ ] ] ] ] [ $Utilization<0.6 \eq 1$ [ $NumSatisfactoryTrades<0.5 \eq 1$ [ $class$ [ $1$ ] ] [ $class$ [ $1$ ] ] ] [ $Delinquency<0.55 \eq 1$ [ $class$ [ $1$ ] ] [ $class$ [ $1$ ] ] ] ] ] ] [ $ExternalRiskEstimate<0.80 \eq 1$ [ $Inquiry<0.75 \eq 1$ [ $TradeOpenTime<0.6 \eq 1$ [ $RevolvingBalance<0.6 \eq 0$ [ $class$ [ $0$ ] ] [ $class$ [ $0$ ] ] ] [ $Delinquency<0.55 \eq 0$ [ $class$ [ $0$ ] ] [ $class$ [ $0$ ] ] ] ] [ $TradeWBalance<0.33 \eq 0$ [ $Delinquency<0.75 \eq 0$ [ $class$ [ $1$ ] ] [ $class$ [ $0$ ] ] ] [ $TradeFrequency<0.6 \eq 0$ [ $class$ [ $0$ ] ] [ $class$ [ $0$ ] ] ] ] ] [ $Inquiry<0.75 \eq 0$ [ $ExternalRiskEstimate<0.65 \eq 1$ [ $NumSatisfactoryTrades<0.5 \eq 0$ [ $class$ [ $1$ ] ] [ $class$ [ $0$ ] ] ] [ $NumSatisfactoryTrades<0.5 \eq 0$ [ $class$ [ $1$ ] ] [ $class$ [ $1$ ] ] ] ] [ $ExternalRiskEstimate<0.65 \eq 0$ [ $TradeFrequency<0.45 \eq 0$ [ $class$ [ $1$ ] ] [ $class$ [ $0$ ] ] ] [ $NumSatisfactoryTrades<0.5 \eq 0$ [ $class$ [ $0$ ] ] [ $class$ [ $0$ ] ] ] ] ] ] ]
2,8367,17,34,0.015898066572844982,6,32,63,72.09274530895183,72.848948374761,[ $ExternalRiskEstimate<0.65 \eq 0$ [ $ExternalRiskEstimate<0.49 \eq 0$ [ $Inquiry<0.75 \eq 0$ [ $Utilization<0.6 \eq 1$ [ $TradeOpenTime<0.6 \eq 0$ [ $class$ [ $0$ ] ] [ $class$ [ $1$ ] ] ] [ $Delinquency<0.55 \eq 1$ [ $class$ [ $1$ ] ] [ $class$ [ $1$ ] ] ] ] [ $TradeOpenTime<0.85 \eq 0$ [ $RevolvingBalance<0.6 \eq 1$ [ $class$ [ $1$ ] ] [ $class$ [ $1$ ] ] ] [ $TradeFrequency<0.6 \eq 0$ [ $class$ [ $0$ ] ] [ $class$ [ $0$ ] ] ] ] ] [ $Inquiry<0.75 \eq 0$ [ $Delinquency<0.75 \eq 0$ [ $NumSatisfactoryTrades<0.5 \eq 0$ [ $class$ [ $1$ ] ] [ $class$ [ $1$ ] ] ] [ $RevolvingBalance<0.6 \eq 1$ [ $class$ [ $0$ ] ] [ $class$ [ $0$ ] ] ] ] [ $NumSatisfactoryTrades<0.5 \eq 1$ [ $Installment<0.5 \eq 0$ [ $class$ [ $0$ ] ] [ $class$ [ $0$ ] ] ] [ $RevolvingBalance<0.6 \eq 0$ [ $class$ [ $1$ ] ] [ $class$ [ $0$ ] ] ] ] ] ] [ $Inquiry<0.75 \eq 1$ [ $ExternalRiskEstimate<0.80 \eq 1$ [ $Installment<0.5 \eq 0$ [ $RevolvingBalance<0.6 \eq 0$ [ $class$ [ $0$ ] ] [ $class$ [ $0$ ] ] ] [ $TradeOpenTime<0.6 \eq 0$ [ $class$ [ $0$ ] ] [ $class$ [ $0$ ] ] ] ] [ $NumSatisfactoryTrades<0.5 \eq 0$ [ $TradeOpenTime<0.6 \eq 0$ [ $class$ [ $0$ ] ] [ $class$ [ $0$ ] ] ] [ $Installment<0.5 \eq 0$ [ $class$ [ $0$ ] ] [ $class$ [ $0$ ] ] ] ] ] [ $ExternalRiskEstimate<0.80 \eq 0$ [ $TradeWBalance<0.33 \eq 0$ [ $NumSatisfactoryTrades<0.5 \eq 1$ [ $class$ [ $1$ ] ] [ $class$ [ $1$ ] ] ] [ $TradeFrequency<0.45 \eq 1$ [ $class$ [ $0$ ] ] [ $class$ [ $1$ ] ] ] ] [ $NumSatisfactoryTrades<0.5 \eq 0$ [ $TradeFrequency<0.6 \eq 1$ [ $class$ [ $0$ ] ] [ $class$ [ $0$ ] ] ] [ $TradeFrequency<0.6 \eq 0$ [ $class$ [ $0$ ] ] [ $class$ [ $0$ ] ] ] ] ] ] ]
3,8367,17,34,0.016223123762756586,6,32,63,72.08079359388073,70.88910133843213,[ $ExternalRiskEstimate<0.49 \eq 0$ [ $Inquiry<0.75 \eq 1$ [ $TradeOpenTime<0.85 \eq 1$ [ $TradeFrequency<0.6 \eq 1$ [ $RevolvingBalance<0.4 \eq 1$ [ $class$ [ $0$ ] ] [ $class$ [ $0$ ] ] ] [ $Utilization<0.6 \eq 1$ [ $class$ [ $1$ ] ] [ $class$ [ $0$ ] ] ] ] [ $RevolvingBalance<0.4 \eq 1$ [ $Utilization<0.6 \eq 0$ [ $class$ [ $1$ ] ] [ $class$ [ $0$ ] ] ] [ $Delinquency<0.55 \eq 0$ [ $class$ [ $1$ ] ] [ $class$ [ $1$ ] ] ] ] ] [ $Utilization<0.6 \eq 0$ [ $TradeOpenTime<0.6 \eq 0$ [ $RevolvingBalance<0.6 \eq 1$ [ $class$ [ $1$ ] ] [ $class$ [ $1$ ] ] ] [ $Delinquency<0.55 \eq 1$ [ $class$ [ $1$ ] ] [ $class$ [ $1$ ] ] ] ] [ $TradeOpenTime<0.6 \eq 0$ [ $TradeFrequency<0.45 \eq 1$ [ $class$ [ $1$ ] ] [ $class$ [ $0$ ] ] ] [ $TradeWBalance<0.33 \eq 0$ [ $class$ [ $1$ ] ] [ $class$ [ $1$ ] ] ] ] ] ] [ $ExternalRiskEstimate<0.80 \eq 0$ [ $Inquiry<0.75 \eq 0$ [ $ExternalRiskEstimate<0.65 \eq 0$ [ $NumSatisfactoryTrades<0.5 \eq 0$ [ $class$ [ $1$ ] ] [ $class$ [ $1$ ] ] ] [ $TradeWBalance<0.33 \eq 0$ [ $class$ [ $1$ ] ] [ $class$ [ $0$ ] ] ] ] [ $ExternalRiskEstimate<0.65 \eq 0$ [ $NumSatisfactoryTrades<0.5 \eq 0$ [ $class$ [ $1$ ] ] [ $class$ [ $0$ ] ] ] [ $RevolvingBalance<0.6 \eq 1$ [ $class$ [ $0$ ] ] [ $class$ [ $0$ ] ] ] ] ] [ $TradeOpenTime<0.6 \eq 0$ [ $Delinquency<0.75 \eq 1$ [ $RevolvingBalance<0.6 \eq 0$ [ $class$ [ $0$ ] ] [ $class$ [ $0$ ] ] ] [ $Utilization<0.6 \eq 1$ [ $class$ [ $0$ ] ] [ $class$ [ $0$ ] ] ] ] [ $Inquiry<0.75 \eq 0$ [ $TradeFrequency<0.6 \eq 0$ [ $class$ [ $0$ ] ] [ $class$ [ $0$ ] ] ] [ $Installment<0.5 \eq 0$ [ $class$ [ $0$ ] ] [ $class$ [ $0$ ] ] ] ] ] ] ]
4,8368,17,34,0.015409308951348066,6,31,61,71.72562141491396,71.9273075083692,[ $ExternalRiskEstimate<0.49 \eq 0$ [ $Inquiry<0.75 \eq 0$ [ $Utilization<0.6 \eq 0$ [ $RevolvingBalance<0.6 \eq 1$ [ $Delinquency<0.55 \eq 1$ [ $class$ [ $1$ ] ] [ $class$ [ $1$ ] ] ] [ $Delinquency<0.55 \eq 1$ [ $class$ [ $1$ ] ] [ $class$ [ $1$ ] ] ] ] [ $TradeOpenTime<0.85 \eq 0$ [ $Delinquency<0.55 \eq 0$ [ $class$ [ $1$ ] ] [ $class$ [ $0$ ] ] ] [ $class$ [ $0$ ] ] ] ] [ $TradeFrequency<0.6 \eq 1$ [ $RevolvingBalance<0.6 \eq 0$ [ $TradeOpenTime<0.6 \eq 1$ [ $class$ [ $0$ ] ] [ $class$ [ $1$ ] ] ] [ $Delinquency<0.55 \eq 0$ [ $class$ [ $0$ ] ] [ $class$ [ $1$ ] ] ] ] [ $RevolvingBalance<0.4 \eq 1$ [ $Delinquency<0.75 \eq 1$ [ $class$ [ $0$ ] ] [ $class$ [ $1$ ] ] ] [ $Delinquency<0.55 \eq 1$ [ $class$ [ $1$ ] ] [ $class$ [ $1$ ] ] ] ] ] ] [ $ExternalRiskEstimate<0.80 \eq 0$ [ $Inquiry<0.75 \eq 1$ [ $ExternalRiskEstimate<0.65 \eq 1$ [ $RevolvingBalance<0.6 \eq 1$ [ $class$ [ $0$ ] ] [ $class$ [ $0$ ] ] ] [ $NumSatisfactoryTrades<0.5 \eq 0$ [ $class$ [ $1$ ] ] [ $class$ [ $0$ ] ] ] ] [ $ExternalRiskEstimate<0.65 \eq 1$ [ $NumSatisfactoryTrades<0.5 \eq 1$ [ $class$ [ $0$ ] ] [ $class$ [ $1$ ] ] ] [ $NumSatisfactoryTrades<0.5 \eq 1$ [ $class$ [ $1$ ] ] [ $class$ [ $1$ ] ] ] ] ] [ $Inquiry<0.75 \eq 1$ [ $TradeOpenTime<0.6 \eq 1$ [ $Installment<0.5 \eq 1$ [ $class$ [ $0$ ] ] [ $class$ [ $0$ ] ] ] [ $Delinquency<0.75 \eq 0$ [ $class$ [ $0$ ] ] [ $class$ [ $0$ ] ] ] ] [ $TradeFrequency<0.6 \eq 1$ [ $TradeWBalance<0.33 \eq 0$ [ $class$ [ $0$ ] ] [ $class$ [ $0$ ] ] ] [ $TradeOpenTime<0.85 \eq 1$ [ $class$ [ $0$ ] ] [ $class$ [ $0$ ] ] ] ] ] ] ]
0,8367,17,34,0.017919754143804312,7,60,119,73.87355085454763,64.38814531548758,[ $ExternalRiskEstimate<0.49 \eq 1$ [ $Inquiry<0.75 \eq 0$ [ $ExternalRiskEstimate<0.80 \eq 0$ [ $TradeOpenTime<0.6 \eq 1$ [ $ExternalRiskEstimate<0.65 \eq 0$ [ $NumSatisfactoryTrades<0.5 \eq 0$ [ $class$ [ $1$ ] ] [ $class$ [ $0$ ] ] ] [ $TradeWBalance<0.33 \eq 0$ [ $class$ [ $1$ ] ] [ $class$ [ $0$ ] ] ] ] [ $Delinquency<0.75 \eq 1$ [ $Utilization<0.6 \eq 0$ [ $class$ [ $0$ ] ] [ $class$ [ $0$ ] ] ] [ $Utilization<0.6 \eq 1$ [ $class$ [ $1$ ] ] [ $class$ [ $1$ ] ] ] ] ] [ $NumSatisfactoryTrades<0.5 \eq 0$ [ $Utilization<0.6 \eq 0$ [ $Installment<0.5 \eq 0$ [ $class$ [ $1$ ] ] [ $class$ [ $0$ ] ] ] [ $TradeFrequency<0.6 \eq 1$ [ $class$ [ $0$ ] ] [ $class$ [ $0$ ] ] ] ] [ $TradeFrequency<0.6 \eq 0$ [ $Delinquency<0.75 \eq 0$ [ $class$ [ $0$ ] ] [ $class$ [ $0$ ] ] ] [ $TradeWBalance<0.33 \eq 0$ [ $class$ [ $0$ ] ] [ $class$ [ $0$ ] ] ] ] ] ] [ $ExternalRiskEstimate<0.65 \eq 1$ [ $ExternalRiskEstimate<0.80 \eq 1$ [ $TradeOpenTime<0.6 \eq 0$ [ $Delinquency<0.75 \eq 1$ [ $class$ [ $0$ ] ] [ $class$ [ $0$ ] ] ] [ $RevolvingBalance<0.6 \eq 1$ [ $class$ [ $0$ ] ] [ $class$ [ $0$ ] ] ] ] [ $NumSatisfactoryTrades<0.5 \eq 0$ [ $TradeFrequency<0.45 \eq 0$ [ $class$ [ $0$ ] ] [ $class$ [ $0$ ] ] ] [ $RevolvingBalance<0.6 \eq 1$ [ $class$ [ $0$ ] ] [ $class$ [ $0$ ] ] ] ] ] [ $NumSatisfactoryTrades<0.5 \eq 1$ [ $Installment<0.5 \eq 1$ [ $TradeOpenTime<0.6 \eq 0$ [ $class$ [ $0$ ] ] [ $class$ [ $0$ ] ] ] [ $TradeOpenTime<0.6 \eq 1$ [ $class$ [ $0$ ] ] [ $class$ [ $0$ ] ] ] ] [ $TradeFrequency<0.45 \eq 1$ [ $RevolvingBalance<0.4 \eq 1$ [ $class$ [ $0$ ] ] [ $class$ [ $1$ ] ] ] [ $RevolvingBalance<0.6 \eq 1$ [ $class$ [ $0$ ] ] [ $class$ [ $1$ ] ] ] ] ] ] ] [ $Inquiry<0.75 \eq 1$ [ $TradeOpenTime<0.85 \eq 0$ [ $RevolvingBalance<0.6 \eq 0$ [ $Delinquency<0.75 \eq 1$ [ $TradeOpenTime<0.6 \eq 1$ [ $class$ [ $0$ ] ] [ $class$ [ $0$ ] ] ] [ $TradeOpenTime<0.6 \eq 1$ [ $class$ [ $1$ ] ] [ $class$ [ $1$ ] ] ] ] [ $TradeFrequency<0.6 \eq 1$ [ $Delinquency<0.55 \eq 1$ [ $class$ [ $1$ ] ] [ $class$ [ $0$ ] ] ] [ $TradeOpenTime<0.6 \eq 0$ [ $class$ [ $1$ ] ] [ $class$ [ $0$ ] ] ] ] ] [ $RevolvingBalance<0.6 \eq 1$ [ $class$ [ $0$ ] ] [ $TradeFrequency<0.6 \eq 1$ [ $RevolvingBalance<0.4 \eq 1$ [ $class$ [ $0$ ] ] [ $class$ [ $0$ ] ] ] [ $Installment<0.5 \eq 1$ [ $class$ [ $1$ ] ] [ $class$ [ $0$ ] ] ] ] ] ] [ $Utilization<0.6 \eq 1$ [ $TradeOpenTime<0.6 \eq 0$ [ $TradeFrequency<0.45 \eq 0$ [ $class$ [ $0$ ] ] [ $TradeFrequency<0.6 \eq 1$ [ $class$ [ $1$ ] ] [ $class$ [ $0$ ] ] ] ] [ $Delinquency<0.55 \eq 0$ [ $TradeOpenTime<0.85 \eq 1$ [ $class$ [ $0$ ] ] [ $class$ [ $1$ ] ] ] [ $TradeWBalance<0.33 \eq 1$ [ $class$ [ $0$ ] ] [ $class$ [ $1$ ] ] ] ] ] [ $RevolvingBalance<0.6 \eq 1$ [ $Delinquency<0.55 \eq 0$ [ $Installment<0.5 \eq 0$ [ $class$ [ $1$ ] ] [ $class$ [ $1$ ] ] ] [ $Installment<0.5 \eq 0$ [ $class$ [ $1$ ] ] [ $class$ [ $0$ ] ] ] ] [ $Delinquency<0.55 \eq 1$ [ $TradeOpenTime<0.6 \eq 1$ [ $class$ [ $1$ ] ] [ $class$ [ $1$ ] ] ] [ $NumSatisfactoryTrades<0.5 \eq 0$ [ $class$ [ $1$ ] ] [ $class$ [ $1$ ] ] ] ] ] ] ] ]
1,8367,17,34,0.01760641997680068,7,61,121,72.70228277757859,70.26768642447419,[ $ExternalRiskEstimate<0.49 \eq 1$ [ $ExternalRiskEstimate<0.80 \eq 1$ [ $Inquiry<0.75 \eq 1$ [ $TradeOpenTime<0.6 \eq 1$ [ $RevolvingBalance<0.6 \eq 0$ [ $TradeWBalance<0.33 \eq 1$ [ $class$ [ $0$ ] ] [ $class$ [ $0$ ] ] ] [ $Installment<0.5 \eq 1$ [ $class$ [ $0$ ] ] [ $class$ [ $0$ ] ] ] ] [ $Delinquency<0.55 \eq 1$ [ $TradeFrequency<0.45 \eq 1$ [ $class$ [ $0$ ] ] [ $class$ [ $0$ ] ] ] [ $Installment<0.5 \eq 1$ [ $class$ [ $1$ ] ] [ $class$ [ $0$ ] ] ] ] ] [ $TradeWBalance<0.33 \eq 0$ [ $Delinquency<0.75 \eq 1$ [ $Installment<0.5 \eq 1$ [ $class$ [ $1$ ] ] [ $class$ [ $0$ ] ] ] [ $TradeFrequency<0.45 \eq 1$ [ $class$ [ $1$ ] ] [ $class$ [ $0$ ] ] ] ] [ $TradeFrequency<0.6 \eq 0$ [ $TradeOpenTime<0.6 \eq 0$ [ $class$ [ $0$ ] ] [ $class$ [ $0$ ] ] ] [ $TradeOpenTime<0.6 \eq 1$ [ $class$ [ $0$ ] ] [ $class$ [ $0$ ] ] ] ] ] ] [ $Inquiry<0.75 \eq 0$ [ $ExternalRiskEstimate<0.65 \eq 0$ [ $NumSatisfactoryTrades<0.5 \eq 0$ [ $Delinquency<0.55 \eq 1$ [ $class$ [ $1$ ] ] [ $class$ [ $1$ ] ] ] [ $TradeOpenTime<0.6 \eq 1$ [ $class$ [ $0$ ] ] [ $class$ [ $1$ ] ] ] ] [ $NumSatisfactoryTrades<0.5 \eq 0$ [ $RevolvingBalance<0.4 \eq 1$ [ $class$ [ $1$ ] ] [ $class$ [ $1$ ] ] ] [ $RevolvingBalance<0.6 \eq 0$ [ $class$ [ $0$ ] ] [ $class$ [ $0$ ] ] ] ] ] [ $ExternalRiskEstimate<0.65 \eq 0$ [ $TradeFrequency<0.45 \eq 1$ [ $Installment<0.5 \eq 1$ [ $class$ [ $0$ ] ] [ $class$ [ $0$ ] ] ] [ $RevolvingBalance<0.6 \eq 1$ [ $class$ [ $0$ ] ] [ $class$ [ $1$ ] ] ] ] [ $NumSatisfactoryTrades<0.5 \eq 0$ [ $RevolvingBalance<0.4 \eq 1$ [ $class$ [ $0$ ] ] [ $class$ [ $1$ ] ] ] [ $RevolvingBalance<0.6 \eq 1$ [ $class$ [ $0$ ] ] [ $class$ [ $0$ ] ] ] ] ] ] ] [ $Inquiry<0.75 \eq 0$ [ $RevolvingBalance<0.6 \eq 1$ [ $Delinquency<0.55 \eq 1$ [ $Installment<0.5 \eq 0$ [ $class$ [ $1$ ] ] [ $Utilization<0.6 \eq 1$ [ $class$ [ $1$ ] ] [ $class$ [ $1$ ] ] ] ] [ $TradeFrequency<0.45 \eq 1$ [ $TradeOpenTime<0.85 \eq 0$ [ $class$ [ $1$ ] ] [ $class$ [ $0$ ] ] ] [ $Utilization<0.6 \eq 0$ [ $class$ [ $1$ ] ] [ $class$ [ $0$ ] ] ] ] ] [ $Utilization<0.6 \eq 1$ [ $NumSatisfactoryTrades<0.5 \eq 0$ [ $class$ [ $1$ ] ] [ $Delinquency<0.55 \eq 0$ [ $class$ [ $1$ ] ] [ $class$ [ $0$ ] ] ] ] [ $Delinquency<0.55 \eq 0$ [ $TradeFrequency<0.6 \eq 0$ [ $class$ [ $1$ ] ] [ $class$ [ $1$ ] ] ] [ $TradeFrequency<0.6 \eq 1$ [ $class$ [ $1$ ] ] [ $class$ [ $1$ ] ] ] ] ] ] [ $TradeOpenTime<0.85 \eq 0$ [ $RevolvingBalance<0.6 \eq 1$ [ $Utilization<0.6 \eq 0$ [ $Delinquency<0.75 \eq 1$ [ $class$ [ $0$ ] ] [ $class$ [ $1$ ] ] ] [ $Installment<0.5 \eq 0$ [ $class$ [ $0$ ] ] [ $class$ [ $0$ ] ] ] ] [ $Delinquency<0.55 \eq 1$ [ $NumSatisfactoryTrades<0.5 \eq 1$ [ $class$ [ $1$ ] ] [ $class$ [ $1$ ] ] ] [ $RevolvingBalance<0.4 \eq 0$ [ $class$ [ $1$ ] ] [ $class$ [ $1$ ] ] ] ] ] [ $RevolvingBalance<0.4 \eq 1$ [ $Installment<0.5 \eq 1$ [ $TradeFrequency<0.6 \eq 1$ [ $class$ [ $0$ ] ] [ $class$ [ $0$ ] ] ] [ $class$ [ $0$ ] ] ] [ $TradeFrequency<0.6 \eq 1$ [ $Delinquency<0.55 \eq 0$ [ $class$ [ $0$ ] ] [ $class$ [ $0$ ] ] ] [ $Utilization<0.6 \eq 1$ [ $class$ [ $1$ ] ] [ $class$ [ $0$ ] ] ] ] ] ] ] ]
2,8367,17,34,0.0180216571316123,7,64,127,72.69033106250747,71.94072657743786,[ $ExternalRiskEstimate<0.65 \eq 0$ [ $ExternalRiskEstimate<0.49 \eq 1$ [ $Inquiry<0.75 \eq 1$ [ $NumSatisfactoryTrades<0.5 \eq 0$ [ $RevolvingBalance<0.6 \eq 0$ [ $Delinquency<0.55 \eq 1$ [ $class$ [ $0$ ] ] [ $class$ [ $1$ ] ] ] [ $Delinquency<0.55 \eq 0$ [ $class$ [ $0$ ] ] [ $class$ [ $0$ ] ] ] ] [ $Installment<0.5 \eq 1$ [ $TradeOpenTime<0.6 \eq 1$ [ $class$ [ $0$ ] ] [ $class$ [ $0$ ] ] ] [ $TradeOpenTime<0.6 \eq 1$ [ $class$ [ $0$ ] ] [ $class$ [ $1$ ] ] ] ] ] [ $Delinquency<0.75 \eq 1$ [ $RevolvingBalance<0.6 \eq 1$ [ $TradeOpenTime<0.6 \eq 1$ [ $class$ [ $0$ ] ] [ $class$ [ $0$ ] ] ] [ $Installment<0.5 \eq 1$ [ $class$ [ $1$ ] ] [ $class$ [ $0$ ] ] ] ] [ $NumSatisfactoryTrades<0.5 \eq 0$ [ $Delinquency<0.55 \eq 1$ [ $class$ [ $1$ ] ] [ $class$ [ $1$ ] ] ] [ $Delinquency<0.55 \eq 1$ [ $class$ [ $1$ ] ] [ $class$ [ $0$ ] ] ] ] ] ] [ $Inquiry<0.75 \eq 1$ [ $TradeOpenTime<0.85 \eq 0$ [ $RevolvingBalance<0.6 \eq 0$ [ $Delinquency<0.55 \eq 1$ [ $class$ [ $1$ ] ] [ $class$ [ $1$ ] ] ] [ $TradeFrequency<0.6 \eq 0$ [ $class$ [ $1$ ] ] [ $class$ [ $0$ ] ] ] ] [ $TradeFrequency<0.6 \eq 0$ [ $Utilization<0.6 \eq 1$ [ $class$ [ $1$ ] ] [ $class$ [ $0$ ] ] ] [ $Utilization<0.6 \eq 1$ [ $class$ [ $0$ ] ] [ $class$ [ $0$ ] ] ] ] ] [ $Utilization<0.6 \eq 0$ [ $Delinquency<0.55 \eq 0$ [ $RevolvingBalance<0.6 \eq 0$ [ $class$ [ $1$ ] ] [ $class$ [ $1$ ] ] ] [ $TradeOpenTime<0.6 \eq 1$ [ $class$ [ $1$ ] ] [ $class$ [ $1$ ] ] ] ] [ $TradeOpenTime<0.6 \eq 1$ [ $Delinquency<0.55 \eq 0$ [ $class$ [ $1$ ] ] [ $class$ [ $0$ ] ] ] [ $TradeFrequency<0.45 \eq 1$ [ $class$ [ $0$ ] ] [ $class$ [ $0$ ] ] ] ] ] ] ] [ $Inquiry<0.75 \eq 1$ [ $ExternalRiskEstimate<0.80 \eq 0$ [ $NumSatisfactoryTrades<0.5 \eq 0$ [ $TradeOpenTime<0.6 \eq 0$ [ $RevolvingBalance<0.4 \eq 1$ [ $class$ [ $0$ ] ] [ $class$ [ $1$ ] ] ] [ $Utilization<0.6 \eq 0$ [ $class$ [ $0$ ] ] [ $class$ [ $0$ ] ] ] ] [ $Installment<0.5 \eq 0$ [ $TradeWBalance<0.33 \eq 0$ [ $class$ [ $0$ ] ] [ $class$ [ $0$ ] ] ] [ $RevolvingBalance<0.6 \eq 1$ [ $class$ [ $0$ ] ] [ $class$ [ $0$ ] ] ] ] ] [ $Installment<0.5 \eq 1$ [ $TradeOpenTime<0.6 \eq 0$ [ $Delinquency<0.75 \eq 0$ [ $class$ [ $0$ ] ] [ $class$ [ $0$ ] ] ] [ $RevolvingBalance<0.6 \eq 0$ [ $class$ [ $0$ ] ] [ $class$ [ $0$ ] ] ] ] [ $RevolvingBalance<0.6 \eq 1$ [ $TradeOpenTime<0.85 \eq 0$ [ $class$ [ $0$ ] ] [ $class$ [ $0$ ] ] ] [ $TradeWBalance<0.33 \eq 1$ [ $class$ [ $0$ ] ] [ $class$ [ $0$ ] ] ] ] ] ] [ $ExternalRiskEstimate<0.80 \eq 0$ [ $TradeWBalance<0.33 \eq 0$ [ $NumSatisfactoryTrades<0.5 \eq 0$ [ $RevolvingBalance<0.6 \eq 1$ [ $class$ [ $0$ ] ] [ $class$ [ $1$ ] ] ] [ $Utilization<0.6 \eq 1$ [ $class$ [ $0$ ] ] [ $class$ [ $1$ ] ] ] ] [ $TradeFrequency<0.45 \eq 1$ [ $TradeOpenTime<0.85 \eq 0$ [ $class$ [ $0$ ] ] [ $class$ [ $0$ ] ] ] [ $Delinquency<0.75 \eq 0$ [ $class$ [ $1$ ] ] [ $class$ [ $0$ ] ] ] ] ] [ $NumSatisfactoryTrades<0.5 \eq 0$ [ $TradeFrequency<0.6 \eq 1$ [ $Installment<0.5 \eq 1$ [ $class$ [ $0$ ] ] [ $class$ [ $0$ ] ] ] [ $Utilization<0.6 \eq 0$ [ $class$ [ $0$ ] ] [ $class$ [ $0$ ] ] ] ] [ $TradeFrequency<0.6 \eq 0$ [ $TradeWBalance<0.33 \eq 1$ [ $class$ [ $0$ ] ] [ $class$ [ $0$ ] ] ] [ $TradeWBalance<0.33 \eq 1$ [ $class$ [ $0$ ] ] [ $class$ [ $0$ ] ] ] ] ] ] ] ]
3,8367,17,34,0.017159610986709595,7,61,121,72.78594478307637,70.74569789674953,[ $ExternalRiskEstimate<0.49 \eq 1$ [ $ExternalRiskEstimate<0.80 \eq 0$ [ $Inquiry<0.75 \eq 0$ [ $ExternalRiskEstimate<0.65 \eq 1$ [ $TradeWBalance<0.33 \eq 0$ [ $NumSatisfactoryTrades<0.5 \eq 0$ [ $class$ [ $1$ ] ] [ $class$ [ $1$ ] ] ] [ $TradeFrequency<0.45 \eq 0$ [ $class$ [ $1$ ] ] [ $class$ [ $0$ ] ] ] ] [ $NumSatisfactoryTrades<0.5 \eq 0$ [ $Delinquency<0.55 \eq 0$ [ $class$ [ $1$ ] ] [ $class$ [ $1$ ] ] ] [ $RevolvingBalance<0.6 \eq 1$ [ $class$ [ $0$ ] ] [ $class$ [ $1$ ] ] ] ] ] [ $ExternalRiskEstimate<0.65 \eq 0$ [ $NumSatisfactoryTrades<0.5 \eq 1$ [ $Installment<0.5 \eq 1$ [ $class$ [ $0$ ] ] [ $class$ [ $0$ ] ] ] [ $RevolvingBalance<0.6 \eq 1$ [ $class$ [ $0$ ] ] [ $class$ [ $1$ ] ] ] ] [ $RevolvingBalance<0.6 \eq 1$ [ $TradeOpenTime<0.6 \eq 0$ [ $class$ [ $0$ ] ] [ $class$ [ $0$ ] ] ] [ $Delinquency<0.75 \eq 1$ [ $class$ [ $0$ ] ] [ $class$ [ $0$ ] ] ] ] ] ] [ $TradeOpenTime<0.6 \eq 0$ [ $Delinquency<0.75 \eq 1$ [ $RevolvingBalance<0.6 \eq 0$ [ $Inquiry<0.75 \eq 1$ [ $class$ [ $0$ ] ] [ $class$ [ $0$ ] ] ] [ $Installment<0.5 \eq 0$ [ $class$ [ $0$ ] ] [ $class$ [ $0$ ] ] ] ] [ $Utilization<0.6 \eq 1$ [ $TradeWBalance<0.33 \eq 1$ [ $class$ [ $0$ ] ] [ $class$ [ $1$ ] ] ] [ $RevolvingBalance<0.6 \eq 0$ [ $class$ [ $1$ ] ] [ $class$ [ $0$ ] ] ] ] ] [ $Inquiry<0.75 \eq 1$ [ $Installment<0.5 \eq 1$ [ $RevolvingBalance<0.6 \eq 1$ [ $class$ [ $0$ ] ] [ $class$ [ $0$ ] ] ] [ $Delinquency<0.55 \eq 0$ [ $class$ [ $0$ ] ] [ $class$ [ $0$ ] ] ] ] [ $TradeFrequency<0.6 \eq 1$ [ $Utilization<0.6 \eq 0$ [ $class$ [ $0$ ] ] [ $class$ [ $0$ ] ] ] [ $NumSatisfactoryTrades<0.5 \eq 1$ [ $class$ [ $0$ ] ] [ $class$ [ $0$ ] ] ] ] ] ] ] [ $Inquiry<0.75 \eq 1$ [ $TradeOpenTime<0.85 \eq 1$ [ $TradeFrequency<0.6 \eq 0$ [ $Utilization<0.6 \eq 0$ [ $RevolvingBalance<0.6 \eq 1$ [ $class$ [ $0$ ] ] [ $class$ [ $0$ ] ] ] [ $class$ [ $1$ ] ] ] [ $RevolvingBalance<0.4 \eq 1$ [ $TradeWBalance<0.33 \eq 0$ [ $class$ [ $1$ ] ] [ $class$ [ $0$ ] ] ] [ $Delinquency<0.55 \eq 1$ [ $class$ [ $0$ ] ] [ $class$ [ $0$ ] ] ] ] ] [ $RevolvingBalance<0.4 \eq 0$ [ $Delinquency<0.55 \eq 0$ [ $Utilization<0.6 \eq 0$ [ $class$ [ $1$ ] ] [ $class$ [ $1$ ] ] ] [ $Delinquency<0.75 \eq 0$ [ $class$ [ $1$ ] ] [ $class$ [ $0$ ] ] ] ] [ $Utilization<0.6 \eq 0$ [ $NumSatisfactoryTrades<0.5 \eq 0$ [ $class$ [ $1$ ] ] [ $class$ [ $1$ ] ] ] [ $Installment<0.5 \eq 1$ [ $class$ [ $0$ ] ] [ $class$ [ $1$ ] ] ] ] ] ] [ $Utilization<0.6 \eq 0$ [ $TradeOpenTime<0.6 \eq 0$ [ $RevolvingBalance<0.6 \eq 0$ [ $Delinquency<0.55 \eq 1$ [ $class$ [ $1$ ] ] [ $class$ [ $1$ ] ] ] [ $TradeWBalance<0.33 \eq 1$ [ $class$ [ $1$ ] ] [ $class$ [ $0$ ] ] ] ] [ $Delinquency<0.55 \eq 0$ [ $NumSatisfactoryTrades<0.5 \eq 1$ [ $class$ [ $1$ ] ] [ $class$ [ $1$ ] ] ] [ $TradeFrequency<0.6 \eq 1$ [ $class$ [ $1$ ] ] [ $class$ [ $1$ ] ] ] ] ] [ $TradeOpenTime<0.6 \eq 1$ [ $TradeWBalance<0.33 \eq 0$ [ $class$ [ $1$ ] ] [ $TradeFrequency<0.45 \eq 1$ [ $class$ [ $1$ ] ] [ $class$ [ $1$ ] ] ] ] [ $TradeFrequency<0.45 \eq 1$ [ $Installment<0.5 \eq 0$ [ $class$ [ $1$ ] ] [ $class$ [ $1$ ] ] ] [ $class$ [ $0$ ] ] ] ] ] ] ]
4,8368,17,34,0.01865977980196476,7,60,119,72.6935946462715,71.73601147776183,[ $ExternalRiskEstimate<0.49 \eq 1$ [ $ExternalRiskEstimate<0.80 \eq 1$ [ $Inquiry<0.75 \eq 1$ [ $TradeOpenTime<0.6 \eq 0$ [ $Delinquency<0.75 \eq 0$ [ $TradeFrequency<0.45 \eq 1$ [ $class$ [ $0$ ] ] [ $class$ [ $0$ ] ] ] [ $RevolvingBalance<0.6 \eq 1$ [ $class$ [ $0$ ] ] [ $class$ [ $0$ ] ] ] ] [ $Installment<0.5 \eq 1$ [ $RevolvingBalance<0.6 \eq 1$ [ $class$ [ $0$ ] ] [ $class$ [ $0$ ] ] ] [ $TradeOpenTime<0.85 \eq 1$ [ $class$ [ $0$ ] ] [ $class$ [ $0$ ] ] ] ] ] [ $TradeFrequency<0.6 \eq 1$ [ $TradeWBalance<0.33 \eq 1$ [ $Installment<0.5 \eq 0$ [ $class$ [ $0$ ] ] [ $class$ [ $0$ ] ] ] [ $Delinquency<0.75 \eq 1$ [ $class$ [ $0$ ] ] [ $class$ [ $1$ ] ] ] ] [ $TradeOpenTime<0.85 \eq 1$ [ $Utilization<0.6 \eq 1$ [ $class$ [ $0$ ] ] [ $class$ [ $0$ ] ] ] [ $NumSatisfactoryTrades<0.5 \eq 1$ [ $class$ [ $0$ ] ] [ $class$ [ $0$ ] ] ] ] ] ] [ $Inquiry<0.75 \eq 0$ [ $ExternalRiskEstimate<0.65 \eq 0$ [ $NumSatisfactoryTrades<0.5 \eq 0$ [ $Delinquency<0.55 \eq 0$ [ $class$ [ $1$ ] ] [ $class$ [ $1$ ] ] ] [ $TradeOpenTime<0.85 \eq 0$ [ $class$ [ $1$ ] ] [ $class$ [ $0$ ] ] ] ] [ $NumSatisfactoryTrades<0.5 \eq 0$ [ $Utilization<0.6 \eq 0$ [ $class$ [ $1$ ] ] [ $class$ [ $0$ ] ] ] [ $Delinquency<0.75 \eq 1$ [ $class$ [ $0$ ] ] [ $class$ [ $0$ ] ] ] ] ] [ $ExternalRiskEstimate<0.65 \eq 1$ [ $RevolvingBalance<0.6 \eq 1$ [ $NumSatisfactoryTrades<0.5 \eq 0$ [ $class$ [ $0$ ] ] [ $class$ [ $0$ ] ] ] [ $Delinquency<0.75 \eq 0$ [ $class$ [ $0$ ] ] [ $class$ [ $0$ ] ] ] ] [ $NumSatisfactoryTrades<0.5 \eq 0$ [ $TradeFrequency<0.45 \eq 0$ [ $class$ [ $1$ ] ] [ $class$ [ $0$ ] ] ] [ $Installment<0.5 \eq 0$ [ $class$ [ $0$ ] ] [ $class$ [ $0$ ] ] ] ] ] ] ] [ $Inquiry<0.75 \eq 0$ [ $Utilization<0.6 \eq 0$ [ $RevolvingBalance<0.6 \eq 1$ [ $Delinquency<0.55 \eq 0$ [ $TradeFrequency<0.6 \eq 0$ [ $class$ [ $1$ ] ] [ $class$ [ $1$ ] ] ] [ $TradeOpenTime<0.6 \eq 0$ [ $class$ [ $1$ ] ] [ $class$ [ $1$ ] ] ] ] [ $Delinquency<0.55 \eq 0$ [ $NumSatisfactoryTrades<0.5 \eq 0$ [ $class$ [ $1$ ] ] [ $class$ [ $1$ ] ] ] [ $TradeOpenTime<0.6 \eq 0$ [ $class$ [ $1$ ] ] [ $class$ [ $1$ ] ] ] ] ] [ $TradeOpenTime<0.85 \eq 1$ [ $class$ [ $0$ ] ] [ $Delinquency<0.55 \eq 0$ [ $TradeOpenTime<0.6 \eq 1$ [ $class$ [ $1$ ] ] [ $class$ [ $1$ ] ] ] [ $TradeWBalance<0.33 \eq 1$ [ $class$ [ $0$ ] ] [ $class$ [ $1$ ] ] ] ] ] ] [ $TradeFrequency<0.6 \eq 1$ [ $RevolvingBalance<0.6 \eq 0$ [ $TradeOpenTime<0.6 \eq 1$ [ $NumSatisfactoryTrades<0.5 \eq 1$ [ $class$ [ $0$ ] ] [ $class$ [ $1$ ] ] ] [ $Utilization<0.6 \eq 0$ [ $class$ [ $1$ ] ] [ $class$ [ $0$ ] ] ] ] [ $Delinquency<0.55 \eq 0$ [ $TradeOpenTime<0.6 \eq 1$ [ $class$ [ $0$ ] ] [ $class$ [ $0$ ] ] ] [ $class$ [ $1$ ] ] ] ] [ $RevolvingBalance<0.4 \eq 0$ [ $Delinquency<0.55 \eq 0$ [ $TradeOpenTime<0.85 \eq 1$ [ $class$ [ $0$ ] ] [ $class$ [ $1$ ] ] ] [ $Delinquency<0.75 \eq 0$ [ $class$ [ $1$ ] ] [ $class$ [ $0$ ] ] ] ] [ $Delinquency<0.75 \eq 1$ [ $TradeWBalance<0.33 \eq 0$ [ $class$ [ $0$ ] ] [ $class$ [ $0$ ] ] ] [ $TradeOpenTime<0.6 \eq 1$ [ $class$ [ $1$ ] ] [ $class$ [ $1$ ] ] ] ] ] ] ] ]
0,8367,17,34,0.020251430105417967,8,114,227,74.84163977530775,64.10133843212236,[ $ExternalRiskEstimate<0.49 \eq 1$ [ $Inquiry<0.75 \eq 0$ [ $ExternalRiskEstimate<0.80 \eq 0$ [ $TradeOpenTime<0.6 \eq 1$ [ $ExternalRiskEstimate<0.65 \eq 0$ [ $NumSatisfactoryTrades<0.5 \eq 0$ [ $Delinquency<0.55 \eq 0$ [ $class$ [ $1$ ] ] [ $class$ [ $1$ ] ] ] [ $TradeWBalance<0.33 \eq 0$ [ $class$ [ $1$ ] ] [ $class$ [ $0$ ] ] ] ] [ $TradeWBalance<0.33 \eq 1$ [ $TradeOpenTime<0.85 \eq 0$ [ $class$ [ $0$ ] ] [ $class$ [ $0$ ] ] ] [ $Installment<0.5 \eq 1$ [ $class$ [ $0$ ] ] [ $class$ [ $1$ ] ] ] ] ] [ $Delinquency<0.75 \eq 0$ [ $Utilization<0.6 \eq 1$ [ $ExternalRiskEstimate<0.65 \eq 1$ [ $class$ [ $0$ ] ] [ $class$ [ $1$ ] ] ] [ $TradeFrequency<0.45 \eq 0$ [ $class$ [ $1$ ] ] [ $class$ [ $1$ ] ] ] ] [ $Utilization<0.6 \eq 1$ [ $TradeWBalance<0.33 \eq 1$ [ $class$ [ $0$ ] ] [ $class$ [ $1$ ] ] ] [ $ExternalRiskEstimate<0.65 \eq 1$ [ $class$ [ $1$ ] ] [ $class$ [ $0$ ] ] ] ] ] ] [ $NumSatisfactoryTrades<0.5 \eq 0$ [ $Utilization<0.6 \eq 1$ [ $TradeFrequency<0.6 \eq 0$ [ $RevolvingBalance<0.6 \eq 1$ [ $class$ [ $0$ ] ] [ $class$ [ $0$ ] ] ] [ $TradeWBalance<0.33 \eq 0$ [ $class$ [ $1$ ] ] [ $class$ [ $0$ ] ] ] ] [ $Installment<0.5 \eq 0$ [ $RevolvingBalance<0.6 \eq 1$ [ $class$ [ $0$ ] ] [ $class$ [ $1$ ] ] ] [ $TradeWBalance<0.33 \eq 1$ [ $class$ [ $0$ ] ] [ $class$ [ $1$ ] ] ] ] ] [ $TradeFrequency<0.6 \eq 1$ [ $TradeWBalance<0.33 \eq 1$ [ $Delinquency<0.75 \eq 1$ [ $class$ [ $0$ ] ] [ $class$ [ $0$ ] ] ] [ $Delinquency<0.75 \eq 1$ [ $class$ [ $0$ ] ] [ $class$ [ $1$ ] ] ] ] [ $Delinquency<0.75 \eq 1$ [ $Installment<0.5 \eq 0$ [ $class$ [ $0$ ] ] [ $class$ [ $0$ ] ] ] [ $TradeFrequency<0.45 \eq 0$ [ $class$ [ $1$ ] ] [ $class$ [ $0$ ] ] ] ] ] ] ] [ $ExternalRiskEstimate<0.65 \eq 0$ [ $NumSatisfactoryTrades<0.5 \eq 1$ [ $Installment<0.5 \eq 1$ [ $TradeOpenTime<0.6 \eq 1$ [ $Utilization<0.6 \eq 0$ [ $class$ [ $0$ ] ] [ $class$ [ $0$ ] ] ] [ $Installment<0.7 \eq 1$ [ $class$ [ $1$ ] ] [ $class$ [ $0$ ] ] ] ] [ $TradeOpenTime<0.6 \eq 0$ [ $Delinquency<0.55 \eq 0$ [ $class$ [ $1$ ] ] [ $class$ [ $0$ ] ] ] [ $Delinquency<0.75 \eq 0$ [ $class$ [ $0$ ] ] [ $class$ [ $0$ ] ] ] ] ] [ $TradeFrequency<0.45 \eq 0$ [ $RevolvingBalance<0.6 \eq 1$ [ $Installment<0.5 \eq 1$ [ $class$ [ $0$ ] ] [ $class$ [ $1$ ] ] ] [ $Delinquency<0.55 \eq 0$ [ $class$ [ $1$ ] ] [ $class$ [ $1$ ] ] ] ] [ $RevolvingBalance<0.4 \eq 1$ [ $TradeWBalance<0.33 \eq 1$ [ $class$ [ $0$ ] ] [ $class$ [ $1$ ] ] ] [ $Installment<0.5 \eq 0$ [ $class$ [ $1$ ] ] [ $class$ [ $0$ ] ] ] ] ] ] [ $ExternalRiskEstimate<0.80 \eq 1$ [ $TradeOpenTime<0.6 \eq 1$ [ $RevolvingBalance<0.6 \eq 1$ [ $Installment<0.5 \eq 0$ [ $class$ [ $0$ ] ] [ $class$ [ $0$ ] ] ] [ $TradeWBalance<0.33 \eq 1$ [ $class$ [ $0$ ] ] [ $class$ [ $0$ ] ] ] ] [ $Delinquency<0.75 \eq 0$ [ $TradeFrequency<0.45 \eq 0$ [ $class$ [ $0$ ] ] [ $class$ [ $0$ ] ] ] [ $Installment<0.5 \eq 0$ [ $class$ [ $0$ ] ] [ $class$ [ $0$ ] ] ] ] ] [ $NumSatisfactoryTrades<0.5 \eq 1$ [ $RevolvingBalance<0.6 \eq 0$ [ $Delinquency<0.75 \eq 1$ [ $class$ [ $0$ ] ] [ $class$ [ $0$ ] ] ] [ $Installment<0.5 \eq 0$ [ $class$ [ $0$ ] ] [ $class$ [ $0$ ] ] ] ] [ $TradeFrequency<0.45 \eq 1$ [ $Utilization<0.6 \eq 0$ [ $class$ [ $0$ ] ] [ $class$ [ $0$ ] ] ] [ $RevolvingBalance<0.4 \eq 0$ [ $class$ [ $1$ ] ] [ $class$ [ $0$ ] ] ] ] ] ] ] ] [ $Inquiry<0.75 \eq 1$ [ $TradeOpenTime<0.85 \eq 0$ [ $RevolvingBalance<0.6 \eq 0$ [ $Delinquency<0.75 \eq 1$ [ $TradeOpenTime<0.6 \eq 1$ [ $NumSatisfactoryTrades<0.5 \eq 1$ [ $class$ [ $0$ ] ] [ $class$ [ $1$ ] ] ] [ $NumSatisfactoryTrades<0.5 \eq 0$ [ $class$ [ $0$ ] ] [ $class$ [ $0$ ] ] ] ] [ $TradeOpenTime<0.6 \eq 1$ [ $Installment<0.5 \eq 1$ [ $class$ [ $1$ ] ] [ $class$ [ $1$ ] ] ] [ $NumSatisfactoryTrades<0.5 \eq 1$ [ $class$ [ $1$ ] ] [ $class$ [ $1$ ] ] ] ] ] [ $TradeFrequency<0.6 \eq 1$ [ $Delinquency<0.55 \eq 0$ [ $Utilization<0.6 \eq 1$ [ $class$ [ $0$ ] ] [ $class$ [ $0$ ] ] ] [ $class$ [ $1$ ] ] ] [ $TradeOpenTime<0.6 \eq 1$ [ $Delinquency<0.55 \eq 1$ [ $class$ [ $0$ ] ] [ $class$ [ $0$ ] ] ] [ $Delinquency<0.75 \eq 0$ [ $class$ [ $1$ ] ] [ $class$ [ $0$ ] ] ] ] ] ] [ $RevolvingBalance<0.6 \eq 1$ [ $class$ [ $0$ ] ] [ $TradeFrequency<0.6 \eq 0$ [ $Installment<0.5 \eq 1$ [ $Delinquency<0.55 \eq 0$ [ $class$ [ $0$ ] ] [ $class$ [ $1$ ] ] ] [ $Delinquency<0.55 \eq 0$ [ $class$ [ $0$ ] ] [ $class$ [ $0$ ] ] ] ] [ $RevolvingBalance<0.4 \eq 1$ [ $TradeWBalance<0.33 \eq 0$ [ $class$ [ $1$ ] ] [ $class$ [ $0$ ] ] ] [ $TradeWBalance<0.33 \eq 0$ [ $class$ [ $0$ ] ] [ $class$ [ $0$ ] ] ] ] ] ] ] [ $Utilization<0.6 \eq 1$ [ $TradeOpenTime<0.6 \eq 1$ [ $Delinquency<0.55 \eq 0$ [ $TradeOpenTime<0.85 \eq 0$ [ $RevolvingBalance<0.6 \eq 0$ [ $class$ [ $1$ ] ] [ $class$ [ $1$ ] ] ] [ $Installment<0.5 \eq 1$ [ $class$ [ $1$ ] ] [ $class$ [ $0$ ] ] ] ] [ $RevolvingBalance<0.6 \eq 1$ [ $class$ [ $1$ ] ] [ $Installment<0.5 \eq 0$ [ $class$ [ $1$ ] ] [ $class$ [ $0$ ] ] ] ] ] [ $TradeFrequency<0.45 \eq 1$ [ $TradeFrequency<0.6 \eq 0$ [ $Delinquency<0.55 \eq 0$ [ $class$ [ $0$ ] ] [ $class$ [ $1$ ] ] ] [ $Delinquency<0.55 \eq 1$ [ $class$ [ $0$ ] ] [ $class$ [ $1$ ] ] ] ] [ $class$ [ $0$ ] ] ] ] [ $RevolvingBalance<0.6 \eq 1$ [ $Delinquency<0.55 \eq 0$ [ $Installment<0.5 \eq 1$ [ $TradeFrequency<0.45 \eq 1$ [ $class$ [ $1$ ] ] [ $class$ [ $1$ ] ] ] [ $TradeFrequency<0.6 \eq 1$ [ $class$ [ $1$ ] ] [ $class$ [ $1$ ] ] ] ] [ $Installment<0.5 \eq 1$ [ $class$ [ $0$ ] ] [ $class$ [ $1$ ] ] ] ] [ $Delinquency<0.55 \eq 1$ [ $TradeOpenTime<0.6 \eq 1$ [ $TradeFrequency<0.45 \eq 1$ [ $class$ [ $1$ ] ] [ $class$ [ $1$ ] ] ] [ $Installment<0.5 \eq 0$ [ $class$ [ $1$ ] ] [ $class$ [ $1$ ] ] ] ] [ $NumSatisfactoryTrades<0.5 \eq 0$ [ $TradeFrequency<0.45 \eq 1$ [ $class$ [ $1$ ] ] [ $class$ [ $1$ ] ] ] [ $RevolvingBalance<0.4 \eq 0$ [ $class$ [ $1$ ] ] [ $class$ [ $1$ ] ] ] ] ] ] ] ] ]
1,8367,17,34,0.018749133218079805,8,110,219,73.49109597227202,69.93307839388146,[ $ExternalRiskEstimate<0.49 \eq 1$ [ $ExternalRiskEstimate<0.80 \eq 0$ [ $Inquiry<0.75 \eq 1$ [ $ExternalRiskEstimate<0.65 \eq 0$ [ $TradeFrequency<0.45 \eq 0$ [ $RevolvingBalance<0.6 \eq 0$ [ $Delinquency<0.55 \eq 1$ [ $class$ [ $1$ ] ] [ $class$ [ $1$ ] ] ] [ $TradeOpenTime<0.6 \eq 0$ [ $class$ [ $0$ ] ] [ $class$ [ $1$ ] ] ] ] [ $Installment<0.5 \eq 1$ [ $NumSatisfactoryTrades<0.5 \eq 1$ [ $class$ [ $0$ ] ] [ $class$ [ $0$ ] ] ] [ $TradeFrequency<0.6 \eq 0$ [ $class$ [ $0$ ] ] [ $class$ [ $0$ ] ] ] ] ] [ $NumSatisfactoryTrades<0.5 \eq 0$ [ $RevolvingBalance<0.4 \eq 0$ [ $Delinquency<0.75 \eq 1$ [ $class$ [ $0$ ] ] [ $class$ [ $1$ ] ] ] [ $TradeOpenTime<0.6 \eq 0$ [ $class$ [ $0$ ] ] [ $class$ [ $0$ ] ] ] ] [ $RevolvingBalance<0.6 \eq 1$ [ $Installment<0.5 \eq 1$ [ $class$ [ $0$ ] ] [ $class$ [ $0$ ] ] ] [ $Utilization<0.6 \eq 0$ [ $class$ [ $0$ ] ] [ $class$ [ $0$ ] ] ] ] ] ] [ $ExternalRiskEstimate<0.65 \eq 0$ [ $NumSatisfactoryTrades<0.5 \eq 0$ [ $Delinquency<0.55 \eq 1$ [ $TradeWBalance<0.33 \eq 0$ [ $class$ [ $0$ ] ] [ $class$ [ $1$ ] ] ] [ $RevolvingBalance<0.6 \eq 1$ [ $class$ [ $1$ ] ] [ $class$ [ $1$ ] ] ] ] [ $TradeOpenTime<0.6 \eq 0$ [ $Installment<0.5 \eq 1$ [ $class$ [ $0$ ] ] [ $class$ [ $1$ ] ] ] [ $TradeWBalance<0.33 \eq 0$ [ $class$ [ $1$ ] ] [ $class$ [ $0$ ] ] ] ] ] [ $NumSatisfactoryTrades<0.5 \eq 0$ [ $RevolvingBalance<0.4 \eq 0$ [ $Installment<0.5 \eq 1$ [ $class$ [ $0$ ] ] [ $class$ [ $1$ ] ] ] [ $TradeFrequency<0.6 \eq 1$ [ $class$ [ $0$ ] ] [ $class$ [ $1$ ] ] ] ] [ $RevolvingBalance<0.6 \eq 0$ [ $Installment<0.5 \eq 1$ [ $class$ [ $0$ ] ] [ $class$ [ $1$ ] ] ] [ $TradeWBalance<0.33 \eq 0$ [ $class$ [ $1$ ] ] [ $class$ [ $0$ ] ] ] ] ] ] ] [ $Inquiry<0.75 \eq 1$ [ $TradeOpenTime<0.6 \eq 0$ [ $Delinquency<0.55 \eq 0$ [ $Installment<0.5 \eq 1$ [ $class$ [ $1$ ] ] [ $TradeFrequency<0.45 \eq 0$ [ $class$ [ $0$ ] ] [ $class$ [ $0$ ] ] ] ] [ $TradeFrequency<0.45 \eq 0$ [ $RevolvingBalance<0.6 \eq 0$ [ $class$ [ $0$ ] ] [ $class$ [ $0$ ] ] ] [ $Delinquency<0.75 \eq 0$ [ $class$ [ $0$ ] ] [ $class$ [ $0$ ] ] ] ] ] [ $RevolvingBalance<0.6 \eq 0$ [ $TradeWBalance<0.33 \eq 0$ [ $Utilization<0.6 \eq 1$ [ $class$ [ $0$ ] ] [ $class$ [ $0$ ] ] ] [ $Delinquency<0.75 \eq 0$ [ $class$ [ $0$ ] ] [ $class$ [ $0$ ] ] ] ] [ $Installment<0.5 \eq 1$ [ $Delinquency<0.75 \eq 1$ [ $class$ [ $0$ ] ] [ $class$ [ $0$ ] ] ] [ $Delinquency<0.55 \eq 0$ [ $class$ [ $0$ ] ] [ $class$ [ $0$ ] ] ] ] ] ] [ $TradeWBalance<0.33 \eq 1$ [ $TradeFrequency<0.6 \eq 1$ [ $TradeOpenTime<0.6 \eq 1$ [ $Utilization<0.6 \eq 1$ [ $class$ [ $0$ ] ] [ $class$ [ $0$ ] ] ] [ $Delinquency<0.75 \eq 0$ [ $class$ [ $0$ ] ] [ $class$ [ $0$ ] ] ] ] [ $TradeOpenTime<0.6 \eq 1$ [ $Installment<0.5 \eq 1$ [ $class$ [ $0$ ] ] [ $class$ [ $0$ ] ] ] [ $RevolvingBalance<0.6 \eq 1$ [ $class$ [ $0$ ] ] [ $class$ [ $0$ ] ] ] ] ] [ $Delinquency<0.75 \eq 1$ [ $Installment<0.5 \eq 1$ [ $TradeOpenTime<0.6 \eq 1$ [ $class$ [ $0$ ] ] [ $class$ [ $1$ ] ] ] [ $class$ [ $0$ ] ] ] [ $TradeFrequency<0.45 \eq 1$ [ $NumSatisfactoryTrades<0.5 \eq 1$ [ $class$ [ $1$ ] ] [ $class$ [ $1$ ] ] ] [ $class$ [ $0$ ] ] ] ] ] ] ] [ $Inquiry<0.75 \eq 0$ [ $RevolvingBalance<0.6 \eq 1$ [ $Delinquency<0.55 \eq 1$ [ $Installment<0.5 \eq 1$ [ $Utilization<0.6 \eq 0$ [ $Delinquency<0.75 \eq 0$ [ $class$ [ $0$ ] ] [ $class$ [ $1$ ] ] ] [ $class$ [ $1$ ] ] ] [ $class$ [ $1$ ] ] ] [ $TradeFrequency<0.45 \eq 1$ [ $TradeOpenTime<0.85 \eq 1$ [ $Installment<0.5 \eq 0$ [ $class$ [ $0$ ] ] [ $class$ [ $1$ ] ] ] [ $TradeFrequency<0.6 \eq 0$ [ $class$ [ $1$ ] ] [ $class$ [ $1$ ] ] ] ] [ $Utilization<0.6 \eq 1$ [ $class$ [ $0$ ] ] [ $Installment<0.5 \eq 0$ [ $class$ [ $0$ ] ] [ $class$ [ $1$ ] ] ] ] ] ] [ $Utilization<0.6 \eq 0$ [ $Delinquency<0.55 \eq 0$ [ $TradeFrequency<0.6 \eq 1$ [ $RevolvingBalance<0.4 \eq 1$ [ $class$ [ $1$ ] ] [ $class$ [ $1$ ] ] ] [ $RevolvingBalance<0.4 \eq 0$ [ $class$ [ $1$ ] ] [ $class$ [ $1$ ] ] ] ] [ $TradeFrequency<0.6 \eq 0$ [ $TradeOpenTime<0.6 \eq 1$ [ $class$ [ $1$ ] ] [ $class$ [ $1$ ] ] ] [ $TradeWBalance<0.33 \eq 0$ [ $class$ [ $1$ ] ] [ $class$ [ $1$ ] ] ] ] ] [ $NumSatisfactoryTrades<0.5 \eq 0$ [ $class$ [ $1$ ] ] [ $Delinquency<0.55 \eq 1$ [ $TradeFrequency<0.6 \eq 1$ [ $class$ [ $0$ ] ] [ $class$ [ $0$ ] ] ] [ $TradeOpenTime<0.85 \eq 0$ [ $class$ [ $1$ ] ] [ $class$ [ $0$ ] ] ] ] ] ] ] [ $TradeOpenTime<0.85 \eq 0$ [ $RevolvingBalance<0.6 \eq 1$ [ $Utilization<0.6 \eq 0$ [ $Delinquency<0.75 \eq 1$ [ $class$ [ $0$ ] ] [ $TradeFrequency<0.6 \eq 0$ [ $class$ [ $1$ ] ] [ $class$ [ $0$ ] ] ] ] [ $Installment<0.5 \eq 0$ [ $TradeFrequency<0.45 \eq 1$ [ $class$ [ $0$ ] ] [ $class$ [ $0$ ] ] ] [ $TradeOpenTime<0.6 \eq 1$ [ $class$ [ $0$ ] ] [ $class$ [ $0$ ] ] ] ] ] [ $Delinquency<0.55 \eq 0$ [ $RevolvingBalance<0.4 \eq 1$ [ $Installment<0.5 \eq 0$ [ $class$ [ $1$ ] ] [ $class$ [ $1$ ] ] ] [ $TradeOpenTime<0.6 \eq 1$ [ $class$ [ $1$ ] ] [ $class$ [ $1$ ] ] ] ] [ $NumSatisfactoryTrades<0.5 \eq 1$ [ $TradeFrequency<0.6 \eq 0$ [ $class$ [ $1$ ] ] [ $class$ [ $0$ ] ] ] [ $Delinquency<0.75 \eq 0$ [ $class$ [ $1$ ] ] [ $class$ [ $0$ ] ] ] ] ] ] [ $RevolvingBalance<0.4 \eq 0$ [ $TradeFrequency<0.6 \eq 1$ [ $Delinquency<0.55 \eq 1$ [ $class$ [ $0$ ] ] [ $Installment<0.5 \eq 0$ [ $class$ [ $0$ ] ] [ $class$ [ $0$ ] ] ] ] [ $Utilization<0.6 \eq 1$ [ $class$ [ $1$ ] ] [ $TradeWBalance<0.33 \eq 1$ [ $class$ [ $0$ ] ] [ $class$ [ $1$ ] ] ] ] ] [ $Installment<0.5 \eq 0$ [ $class$ [ $0$ ] ] [ $Utilization<0.6 \eq 1$ [ $class$ [ $0$ ] ] [ $TradeFrequency<0.6 \eq 1$ [ $class$ [ $0$ ] ] [ $class$ [ $0$ ] ] ] ] ] ] ] ] ]
2,8367,17,34,0.0189416678622365,8,121,241,73.16839966535198,72.27533460803059,[ $ExternalRiskEstimate<0.65 \eq 1$ [ $Inquiry<0.75 \eq 1$ [ $ExternalRiskEstimate<0.80 \eq 1$ [ $Installment<0.5 \eq 0$ [ $RevolvingBalance<0.6 \eq 1$ [ $TradeOpenTime<0.85 \eq 0$ [ $TradeFrequency<0.45 \eq 1$ [ $class$ [ $0$ ] ] [ $class$ [ $0$ ] ] ] [ $NumSatisfactoryTrades<0.5 \eq 0$ [ $class$ [ $0$ ] ] [ $class$ [ $0$ ] ] ] ] [ $TradeWBalance<0.33 \eq 1$ [ $TradeOpenTime<0.6 \eq 1$ [ $class$ [ $0$ ] ] [ $class$ [ $0$ ] ] ] [ $TradeOpenTime<0.6 \eq 1$ [ $class$ [ $0$ ] ] [ $class$ [ $0$ ] ] ] ] ] [ $TradeOpenTime<0.6 \eq 0$ [ $Delinquency<0.75 \eq 0$ [ $RevolvingBalance<0.6 \eq 1$ [ $class$ [ $0$ ] ] [ $class$ [ $0$ ] ] ] [ $RevolvingBalance<0.4 \eq 0$ [ $class$ [ $0$ ] ] [ $class$ [ $0$ ] ] ] ] [ $RevolvingBalance<0.6 \eq 1$ [ $TradeFrequency<0.6 \eq 0$ [ $class$ [ $0$ ] ] [ $class$ [ $0$ ] ] ] [ $Delinquency<0.75 \eq 1$ [ $class$ [ $0$ ] ] [ $class$ [ $0$ ] ] ] ] ] ] [ $NumSatisfactoryTrades<0.5 \eq 1$ [ $Installment<0.5 \eq 1$ [ $RevolvingBalance<0.6 \eq 0$ [ $Utilization<0.6 \eq 1$ [ $class$ [ $0$ ] ] [ $class$ [ $0$ ] ] ] [ $Installment<0.7 \eq 1$ [ $class$ [ $0$ ] ] [ $class$ [ $0$ ] ] ] ] [ $TradeWBalance<0.33 \eq 1$ [ $TradeOpenTime<0.6 \eq 1$ [ $class$ [ $0$ ] ] [ $class$ [ $0$ ] ] ] [ $Delinquency<0.55 \eq 0$ [ $class$ [ $0$ ] ] [ $class$ [ $0$ ] ] ] ] ] [ $TradeOpenTime<0.6 \eq 0$ [ $RevolvingBalance<0.4 \eq 0$ [ $Delinquency<0.75 \eq 1$ [ $class$ [ $0$ ] ] [ $class$ [ $1$ ] ] ] [ $Delinquency<0.55 \eq 0$ [ $class$ [ $0$ ] ] [ $class$ [ $0$ ] ] ] ] [ $Utilization<0.6 \eq 1$ [ $TradeFrequency<0.45 \eq 0$ [ $class$ [ $0$ ] ] [ $class$ [ $0$ ] ] ] [ $TradeFrequency<0.6 \eq 0$ [ $class$ [ $0$ ] ] [ $class$ [ $0$ ] ] ] ] ] ] ] [ $ExternalRiskEstimate<0.80 \eq 0$ [ $TradeWBalance<0.33 \eq 0$ [ $NumSatisfactoryTrades<0.5 \eq 0$ [ $RevolvingBalance<0.6 \eq 0$ [ $RevolvingBalance<0.4 \eq 1$ [ $class$ [ $1$ ] ] [ $class$ [ $1$ ] ] ] [ $class$ [ $0$ ] ] ] [ $Utilization<0.6 \eq 1$ [ $class$ [ $0$ ] ] [ $RevolvingBalance<0.6 \eq 0$ [ $class$ [ $1$ ] ] [ $class$ [ $1$ ] ] ] ] ] [ $TradeFrequency<0.45 \eq 1$ [ $TradeOpenTime<0.85 \eq 0$ [ $Utilization<0.6 \eq 1$ [ $class$ [ $0$ ] ] [ $class$ [ $0$ ] ] ] [ $Utilization<0.6 \eq 1$ [ $class$ [ $0$ ] ] [ $class$ [ $0$ ] ] ] ] [ $Delinquency<0.75 \eq 0$ [ $TradeOpenTime<0.6 \eq 1$ [ $class$ [ $1$ ] ] [ $class$ [ $1$ ] ] ] [ $Installment<0.5 \eq 1$ [ $class$ [ $0$ ] ] [ $class$ [ $0$ ] ] ] ] ] ] [ $NumSatisfactoryTrades<0.5 \eq 0$ [ $TradeFrequency<0.6 \eq 1$ [ $Installment<0.5 \eq 0$ [ $RevolvingBalance<0.6 \eq 0$ [ $class$ [ $1$ ] ] [ $class$ [ $0$ ] ] ] [ $TradeOpenTime<0.85 \eq 1$ [ $class$ [ $0$ ] ] [ $class$ [ $0$ ] ] ] ] [ $Utilization<0.6 \eq 0$ [ $TradeOpenTime<0.85 \eq 0$ [ $class$ [ $0$ ] ] [ $class$ [ $0$ ] ] ] [ $RevolvingBalance<0.6 \eq 0$ [ $class$ [ $0$ ] ] [ $class$ [ $0$ ] ] ] ] ] [ $TradeFrequency<0.6 \eq 1$ [ $TradeWBalance<0.33 \eq 1$ [ $Utilization<0.6 \eq 0$ [ $class$ [ $0$ ] ] [ $class$ [ $0$ ] ] ] [ $Delinquency<0.75 \eq 1$ [ $class$ [ $0$ ] ] [ $class$ [ $1$ ] ] ] ] [ $TradeWBalance<0.33 \eq 0$ [ $class$ [ $0$ ] ] [ $Installment<0.5 \eq 0$ [ $class$ [ $0$ ] ] [ $class$ [ $0$ ] ] ] ] ] ] ] ] [ $ExternalRiskEstimate<0.49 \eq 0$ [ $Inquiry<0.75 \eq 0$ [ $Utilization<0.6 \eq 1$ [ $TradeOpenTime<0.6 \eq 0$ [ $TradeFrequency<0.45 \eq 0$ [ $class$ [ $0$ ] ] [ $Installment<0.7 \eq 0$ [ $class$ [ $0$ ] ] [ $class$ [ $0$ ] ] ] ] [ $Delinquency<0.55 \eq 1$ [ $RevolvingBalance<0.6 \eq 0$ [ $class$ [ $0$ ] ] [ $class$ [ $1$ ] ] ] [ $TradeFrequency<0.6 \eq 0$ [ $class$ [ $1$ ] ] [ $class$ [ $0$ ] ] ] ] ] [ $Delinquency<0.55 \eq 1$ [ $TradeOpenTime<0.6 \eq 0$ [ $Delinquency<0.75 \eq 1$ [ $class$ [ $1$ ] ] [ $class$ [ $1$ ] ] ] [ $TradeFrequency<0.6 \eq 0$ [ $class$ [ $1$ ] ] [ $class$ [ $1$ ] ] ] ] [ $RevolvingBalance<0.6 \eq 1$ [ $Installment<0.5 \eq 0$ [ $class$ [ $1$ ] ] [ $class$ [ $1$ ] ] ] [ $NumSatisfactoryTrades<0.5 \eq 1$ [ $class$ [ $1$ ] ] [ $class$ [ $1$ ] ] ] ] ] ] [ $TradeOpenTime<0.85 \eq 0$ [ $RevolvingBalance<0.6 \eq 1$ [ $TradeFrequency<0.6 \eq 0$ [ $TradeOpenTime<0.6 \eq 0$ [ $class$ [ $1$ ] ] [ $class$ [ $0$ ] ] ] [ $TradeWBalance<0.33 \eq 0$ [ $class$ [ $1$ ] ] [ $class$ [ $0$ ] ] ] ] [ $Delinquency<0.55 \eq 1$ [ $Delinquency<0.75 \eq 1$ [ $class$ [ $0$ ] ] [ $class$ [ $1$ ] ] ] [ $TradeOpenTime<0.6 \eq 1$ [ $class$ [ $1$ ] ] [ $class$ [ $1$ ] ] ] ] ] [ $TradeFrequency<0.6 \eq 0$ [ $Utilization<0.6 \eq 0$ [ $RevolvingBalance<0.6 \eq 1$ [ $class$ [ $0$ ] ] [ $class$ [ $0$ ] ] ] [ $class$ [ $1$ ] ] ] [ $Utilization<0.6 \eq 0$ [ $Installment<0.5 \eq 0$ [ $class$ [ $0$ ] ] [ $class$ [ $0$ ] ] ] [ $class$ [ $0$ ] ] ] ] ] ] [ $Inquiry<0.75 \eq 1$ [ $NumSatisfactoryTrades<0.5 \eq 1$ [ $Installment<0.5 \eq 0$ [ $TradeOpenTime<0.6 \eq 0$ [ $RevolvingBalance<0.6 \eq 0$ [ $class$ [ $1$ ] ] [ $class$ [ $0$ ] ] ] [ $Delinquency<0.75 \eq 1$ [ $class$ [ $0$ ] ] [ $class$ [ $0$ ] ] ] ] [ $TradeOpenTime<0.6 \eq 0$ [ $Installment<0.7 \eq 1$ [ $class$ [ $1$ ] ] [ $class$ [ $0$ ] ] ] [ $TradeOpenTime<0.85 \eq 0$ [ $class$ [ $0$ ] ] [ $class$ [ $0$ ] ] ] ] ] [ $RevolvingBalance<0.6 \eq 1$ [ $Delinquency<0.55 \eq 0$ [ $TradeWBalance<0.33 \eq 1$ [ $class$ [ $0$ ] ] [ $class$ [ $0$ ] ] ] [ $TradeWBalance<0.33 \eq 0$ [ $class$ [ $1$ ] ] [ $class$ [ $0$ ] ] ] ] [ $Delinquency<0.55 \eq 0$ [ $TradeFrequency<0.45 \eq 0$ [ $class$ [ $1$ ] ] [ $class$ [ $1$ ] ] ] [ $TradeOpenTime<0.85 \eq 1$ [ $class$ [ $0$ ] ] [ $class$ [ $0$ ] ] ] ] ] ] [ $Delinquency<0.75 \eq 1$ [ $RevolvingBalance<0.6 \eq 0$ [ $Installment<0.5 \eq 1$ [ $TradeOpenTime<0.6 \eq 0$ [ $class$ [ $0$ ] ] [ $class$ [ $1$ ] ] ] [ $TradeFrequency<0.45 \eq 1$ [ $class$ [ $0$ ] ] [ $class$ [ $0$ ] ] ] ] [ $Installment<0.5 \eq 1$ [ $class$ [ $0$ ] ] [ $Utilization<0.6 \eq 0$ [ $class$ [ $0$ ] ] [ $class$ [ $1$ ] ] ] ] ] [ $NumSatisfactoryTrades<0.5 \eq 1$ [ $Delinquency<0.55 \eq 1$ [ $TradeOpenTime<0.85 \eq 1$ [ $class$ [ $0$ ] ] [ $class$ [ $1$ ] ] ] [ $Utilization<0.6 \eq 0$ [ $class$ [ $1$ ] ] [ $class$ [ $0$ ] ] ] ] [ $Delinquency<0.55 \eq 0$ [ $RevolvingBalance<0.6 \eq 0$ [ $class$ [ $1$ ] ] [ $class$ [ $1$ ] ] ] [ $TradeOpenTime<0.85 \eq 0$ [ $class$ [ $1$ ] ] [ $class$ [ $0$ ] ] ] ] ] ] ] ] ]
3,8367,17,34,0.019753805827349424,8,113,225,73.19230309549421,70.50669216061185,[ $ExternalRiskEstimate<0.49 \eq 0$ [ $Inquiry<0.75 \eq 1$ [ $TradeOpenTime<0.85 \eq 1$ [ $TradeFrequency<0.6 \eq 0$ [ $Utilization<0.6 \eq 1$ [ $class$ [ $1$ ] ] [ $RevolvingBalance<0.6 \eq 0$ [ $NumSatisfactoryTrades<0.5 \eq 1$ [ $class$ [ $0$ ] ] [ $class$ [ $0$ ] ] ] [ $class$ [ $0$ ] ] ] ] [ $RevolvingBalance<0.4 \eq 1$ [ $TradeWBalance<0.33 \eq 0$ [ $class$ [ $1$ ] ] [ $Installment<0.5 \eq 1$ [ $class$ [ $0$ ] ] [ $class$ [ $0$ ] ] ] ] [ $Delinquency<0.55 \eq 1$ [ $class$ [ $0$ ] ] [ $TradeWBalance<0.33 \eq 1$ [ $class$ [ $0$ ] ] [ $class$ [ $0$ ] ] ] ] ] ] [ $RevolvingBalance<0.4 \eq 1$ [ $Utilization<0.6 \eq 0$ [ $NumSatisfactoryTrades<0.5 \eq 0$ [ $TradeOpenTime<0.6 \eq 0$ [ $class$ [ $1$ ] ] [ $class$ [ $1$ ] ] ] [ $TradeOpenTime<0.6 \eq 1$ [ $class$ [ $1$ ] ] [ $class$ [ $1$ ] ] ] ] [ $Installment<0.5 \eq 0$ [ $RevolvingBalance<0.6 \eq 1$ [ $class$ [ $0$ ] ] [ $class$ [ $1$ ] ] ] [ $NumSatisfactoryTrades<0.5 \eq 0$ [ $class$ [ $0$ ] ] [ $class$ [ $0$ ] ] ] ] ] [ $Delinquency<0.55 \eq 1$ [ $Delinquency<0.75 \eq 0$ [ $NumSatisfactoryTrades<0.5 \eq 0$ [ $class$ [ $1$ ] ] [ $class$ [ $1$ ] ] ] [ $TradeOpenTime<0.6 \eq 0$ [ $class$ [ $0$ ] ] [ $class$ [ $1$ ] ] ] ] [ $Utilization<0.6 \eq 0$ [ $TradeOpenTime<0.6 \eq 0$ [ $class$ [ $1$ ] ] [ $class$ [ $1$ ] ] ] [ $TradeFrequency<0.6 \eq 0$ [ $class$ [ $1$ ] ] [ $class$ [ $0$ ] ] ] ] ] ] ] [ $Utilization<0.6 \eq 1$ [ $TradeOpenTime<0.6 \eq 0$ [ $TradeFrequency<0.45 \eq 0$ [ $class$ [ $0$ ] ] [ $Installment<0.5 \eq 1$ [ $Installment<0.7 \eq 1$ [ $class$ [ $0$ ] ] [ $class$ [ $1$ ] ] ] [ $TradeFrequency<0.6 \eq 1$ [ $class$ [ $1$ ] ] [ $class$ [ $0$ ] ] ] ] ] [ $TradeWBalance<0.33 \eq 0$ [ $class$ [ $1$ ] ] [ $TradeFrequency<0.45 \eq 1$ [ $Delinquency<0.55 \eq 0$ [ $class$ [ $1$ ] ] [ $class$ [ $0$ ] ] ] [ $class$ [ $1$ ] ] ] ] ] [ $TradeOpenTime<0.6 \eq 0$ [ $RevolvingBalance<0.6 \eq 1$ [ $TradeWBalance<0.33 \eq 1$ [ $TradeFrequency<0.6 \eq 1$ [ $class$ [ $1$ ] ] [ $class$ [ $1$ ] ] ] [ $NumSatisfactoryTrades<0.5 \eq 1$ [ $class$ [ $0$ ] ] [ $class$ [ $1$ ] ] ] ] [ $Delinquency<0.55 \eq 0$ [ $TradeFrequency<0.6 \eq 1$ [ $class$ [ $1$ ] ] [ $class$ [ $1$ ] ] ] [ $NumSatisfactoryTrades<0.5 \eq 1$ [ $class$ [ $1$ ] ] [ $class$ [ $1$ ] ] ] ] ] [ $Delinquency<0.55 \eq 1$ [ $TradeFrequency<0.6 \eq 0$ [ $TradeFrequency<0.45 \eq 0$ [ $class$ [ $1$ ] ] [ $class$ [ $1$ ] ] ] [ $RevolvingBalance<0.4 \eq 0$ [ $class$ [ $1$ ] ] [ $class$ [ $1$ ] ] ] ] [ $NumSatisfactoryTrades<0.5 \eq 1$ [ $RevolvingBalance<0.4 \eq 1$ [ $class$ [ $1$ ] ] [ $class$ [ $1$ ] ] ] [ $TradeFrequency<0.6 \eq 0$ [ $class$ [ $1$ ] ] [ $class$ [ $1$ ] ] ] ] ] ] ] ] [ $ExternalRiskEstimate<0.80 \eq 0$ [ $Inquiry<0.75 \eq 0$ [ $ExternalRiskEstimate<0.65 \eq 1$ [ $TradeWBalance<0.33 \eq 1$ [ $TradeFrequency<0.45 \eq 1$ [ $Utilization<0.6 \eq 0$ [ $class$ [ $0$ ] ] [ $class$ [ $0$ ] ] ] [ $TradeOpenTime<0.6 \eq 0$ [ $class$ [ $1$ ] ] [ $class$ [ $0$ ] ] ] ] [ $NumSatisfactoryTrades<0.5 \eq 1$ [ $TradeFrequency<0.6 \eq 1$ [ $class$ [ $0$ ] ] [ $class$ [ $1$ ] ] ] [ $RevolvingBalance<0.6 \eq 1$ [ $class$ [ $0$ ] ] [ $class$ [ $1$ ] ] ] ] ] [ $NumSatisfactoryTrades<0.5 \eq 1$ [ $RevolvingBalance<0.6 \eq 1$ [ $TradeOpenTime<0.6 \eq 0$ [ $class$ [ $1$ ] ] [ $class$ [ $0$ ] ] ] [ $TradeWBalance<0.33 \eq 1$ [ $class$ [ $1$ ] ] [ $class$ [ $1$ ] ] ] ] [ $Delinquency<0.55 \eq 0$ [ $RevolvingBalance<0.6 \eq 1$ [ $class$ [ $1$ ] ] [ $class$ [ $1$ ] ] ] [ $RevolvingBalance<0.6 \eq 1$ [ $class$ [ $1$ ] ] [ $class$ [ $1$ ] ] ] ] ] ] [ $ExternalRiskEstimate<0.65 \eq 0$ [ $NumSatisfactoryTrades<0.5 \eq 1$ [ $Installment<0.5 \eq 0$ [ $Delinquency<0.75 \eq 1$ [ $class$ [ $0$ ] ] [ $class$ [ $0$ ] ] ] [ $TradeOpenTime<0.6 \eq 0$ [ $class$ [ $0$ ] ] [ $class$ [ $0$ ] ] ] ] [ $RevolvingBalance<0.6 \eq 1$ [ $TradeOpenTime<0.85 \eq 0$ [ $class$ [ $0$ ] ] [ $class$ [ $0$ ] ] ] [ $TradeFrequency<0.45 \eq 1$ [ $class$ [ $0$ ] ] [ $class$ [ $1$ ] ] ] ] ] [ $RevolvingBalance<0.6 \eq 0$ [ $Delinquency<0.75 \eq 0$ [ $TradeOpenTime<0.6 \eq 1$ [ $class$ [ $0$ ] ] [ $class$ [ $1$ ] ] ] [ $Utilization<0.6 \eq 1$ [ $class$ [ $0$ ] ] [ $class$ [ $0$ ] ] ] ] [ $TradeOpenTime<0.6 \eq 0$ [ $Delinquency<0.75 \eq 1$ [ $class$ [ $0$ ] ] [ $class$ [ $0$ ] ] ] [ $TradeFrequency<0.45 \eq 1$ [ $class$ [ $0$ ] ] [ $class$ [ $0$ ] ] ] ] ] ] ] [ $TradeOpenTime<0.6 \eq 1$ [ $Inquiry<0.75 \eq 0$ [ $TradeFrequency<0.6 \eq 0$ [ $NumSatisfactoryTrades<0.5 \eq 1$ [ $Installment<0.5 \eq 1$ [ $class$ [ $0$ ] ] [ $class$ [ $0$ ] ] ] [ $TradeOpenTime<0.85 \eq 1$ [ $class$ [ $0$ ] ] [ $class$ [ $0$ ] ] ] ] [ $Utilization<0.6 \eq 1$ [ $class$ [ $0$ ] ] [ $NumSatisfactoryTrades<0.5 \eq 0$ [ $class$ [ $0$ ] ] [ $class$ [ $0$ ] ] ] ] ] [ $Installment<0.5 \eq 0$ [ $Delinquency<0.55 \eq 0$ [ $RevolvingBalance<0.4 \eq 0$ [ $class$ [ $0$ ] ] [ $class$ [ $0$ ] ] ] [ $Delinquency<0.75 \eq 0$ [ $class$ [ $0$ ] ] [ $class$ [ $0$ ] ] ] ] [ $RevolvingBalance<0.6 \eq 1$ [ $NumSatisfactoryTrades<0.5 \eq 0$ [ $class$ [ $0$ ] ] [ $class$ [ $0$ ] ] ] [ $TradeOpenTime<0.85 \eq 0$ [ $class$ [ $0$ ] ] [ $class$ [ $0$ ] ] ] ] ] ] [ $Delinquency<0.75 \eq 1$ [ $RevolvingBalance<0.6 \eq 0$ [ $Inquiry<0.75 \eq 0$ [ $NumSatisfactoryTrades<0.5 \eq 1$ [ $class$ [ $0$ ] ] [ $class$ [ $1$ ] ] ] [ $RevolvingBalance<0.4 \eq 0$ [ $class$ [ $0$ ] ] [ $class$ [ $0$ ] ] ] ] [ $Installment<0.5 \eq 1$ [ $TradeFrequency<0.6 \eq 1$ [ $class$ [ $0$ ] ] [ $class$ [ $0$ ] ] ] [ $TradeWBalance<0.33 \eq 1$ [ $class$ [ $0$ ] ] [ $class$ [ $0$ ] ] ] ] ] [ $Utilization<0.6 \eq 1$ [ $TradeWBalance<0.33 \eq 0$ [ $class$ [ $1$ ] ] [ $RevolvingBalance<0.6 \eq 1$ [ $class$ [ $0$ ] ] [ $class$ [ $0$ ] ] ] ] [ $RevolvingBalance<0.6 \eq 0$ [ $Installment<0.5 \eq 1$ [ $class$ [ $0$ ] ] [ $class$ [ $1$ ] ] ] [ $Delinquency<0.55 \eq 1$ [ $class$ [ $0$ ] ] [ $class$ [ $1$ ] ] ] ] ] ] ] ] ]
4,8368,17,34,0.02014731802046299,8,115,229,73.14770554493309,71.16212338593975,[ $ExternalRiskEstimate<0.49 \eq 0$ [ $Inquiry<0.75 \eq 0$ [ $Utilization<0.6 \eq 1$ [ $TradeOpenTime<0.85 \eq 0$ [ $Delinquency<0.55 \eq 1$ [ $TradeWBalance<0.33 \eq 1$ [ $NumSatisfactoryTrades<0.5 \eq 1$ [ $class$ [ $0$ ] ] [ $class$ [ $0$ ] ] ] [ $RevolvingBalance<0.4 \eq 0$ [ $class$ [ $0$ ] ] [ $class$ [ $1$ ] ] ] ] [ $TradeOpenTime<0.6 \eq 1$ [ $TradeFrequency<0.45 \eq 0$ [ $class$ [ $1$ ] ] [ $class$ [ $1$ ] ] ] [ $Installment<0.5 \eq 0$ [ $class$ [ $0$ ] ] [ $class$ [ $1$ ] ] ] ] ] [ $class$ [ $0$ ] ] ] [ $RevolvingBalance<0.6 \eq 0$ [ $Delinquency<0.55 \eq 0$ [ $NumSatisfactoryTrades<0.5 \eq 0$ [ $TradeFrequency<0.45 \eq 1$ [ $class$ [ $1$ ] ] [ $class$ [ $1$ ] ] ] [ $RevolvingBalance<0.4 \eq 1$ [ $class$ [ $1$ ] ] [ $class$ [ $1$ ] ] ] ] [ $TradeOpenTime<0.6 \eq 1$ [ $TradeFrequency<0.6 \eq 1$ [ $class$ [ $1$ ] ] [ $class$ [ $1$ ] ] ] [ $RevolvingBalance<0.4 \eq 0$ [ $class$ [ $1$ ] ] [ $class$ [ $1$ ] ] ] ] ] [ $Delinquency<0.55 \eq 1$ [ $Installment<0.5 \eq 0$ [ $class$ [ $1$ ] ] [ $Delinquency<0.75 \eq 0$ [ $class$ [ $0$ ] ] [ $class$ [ $1$ ] ] ] ] [ $TradeFrequency<0.6 \eq 0$ [ $TradeFrequency<0.45 \eq 1$ [ $class$ [ $1$ ] ] [ $class$ [ $1$ ] ] ] [ $TradeOpenTime<0.6 \eq 0$ [ $class$ [ $1$ ] ] [ $class$ [ $1$ ] ] ] ] ] ] ] [ $TradeFrequency<0.6 \eq 1$ [ $RevolvingBalance<0.6 \eq 1$ [ $Delinquency<0.55 \eq 0$ [ $TradeOpenTime<0.6 \eq 0$ [ $Installment<0.5 \eq 1$ [ $class$ [ $0$ ] ] [ $class$ [ $0$ ] ] ] [ $NumSatisfactoryTrades<0.5 \eq 0$ [ $class$ [ $1$ ] ] [ $class$ [ $0$ ] ] ] ] [ $class$ [ $1$ ] ] ] [ $TradeOpenTime<0.6 \eq 1$ [ $NumSatisfactoryTrades<0.5 \eq 1$ [ $Utilization<0.6 \eq 0$ [ $class$ [ $0$ ] ] [ $class$ [ $0$ ] ] ] [ $TradeWBalance<0.33 \eq 1$ [ $class$ [ $1$ ] ] [ $class$ [ $1$ ] ] ] ] [ $Utilization<0.6 \eq 0$ [ $Installment<0.5 \eq 0$ [ $class$ [ $1$ ] ] [ $class$ [ $1$ ] ] ] [ $Installment<0.7 \eq 0$ [ $class$ [ $0$ ] ] [ $class$ [ $0$ ] ] ] ] ] ] [ $RevolvingBalance<0.4 \eq 1$ [ $Delinquency<0.75 \eq 1$ [ $TradeWBalance<0.33 \eq 0$ [ $RevolvingBalance<0.6 \eq 1$ [ $class$ [ $0$ ] ] [ $class$ [ $1$ ] ] ] [ $class$ [ $0$ ] ] ] [ $TradeOpenTime<0.6 \eq 0$ [ $TradeWBalance<0.33 \eq 0$ [ $class$ [ $1$ ] ] [ $class$ [ $1$ ] ] ] [ $RevolvingBalance<0.6 \eq 0$ [ $class$ [ $1$ ] ] [ $class$ [ $1$ ] ] ] ] ] [ $Delinquency<0.55 \eq 0$ [ $TradeOpenTime<0.85 \eq 1$ [ $Utilization<0.6 \eq 1$ [ $class$ [ $1$ ] ] [ $class$ [ $0$ ] ] ] [ $TradeOpenTime<0.6 \eq 1$ [ $class$ [ $1$ ] ] [ $class$ [ $1$ ] ] ] ] [ $Delinquency<0.75 \eq 1$ [ $NumSatisfactoryTrades<0.5 \eq 1$ [ $class$ [ $0$ ] ] [ $class$ [ $0$ ] ] ] [ $Installment<0.5 \eq 0$ [ $class$ [ $1$ ] ] [ $class$ [ $1$ ] ] ] ] ] ] ] ] [ $ExternalRiskEstimate<0.80 \eq 1$ [ $Inquiry<0.75 \eq 0$ [ $TradeFrequency<0.6 \eq 0$ [ $TradeOpenTime<0.85 \eq 1$ [ $Utilization<0.6 \eq 1$ [ $NumSatisfactoryTrades<0.5 \eq 0$ [ $class$ [ $0$ ] ] [ $class$ [ $1$ ] ] ] [ $class$ [ $0$ ] ] ] [ $NumSatisfactoryTrades<0.5 \eq 1$ [ $Delinquency<0.55 \eq 0$ [ $class$ [ $0$ ] ] [ $class$ [ $0$ ] ] ] [ $Utilization<0.6 \eq 0$ [ $class$ [ $0$ ] ] [ $class$ [ $0$ ] ] ] ] ] [ $TradeWBalance<0.33 \eq 0$ [ $Delinquency<0.75 \eq 0$ [ $RevolvingBalance<0.6 \eq 0$ [ $class$ [ $1$ ] ] [ $class$ [ $1$ ] ] ] [ $Installment<0.5 \eq 0$ [ $class$ [ $0$ ] ] [ $class$ [ $0$ ] ] ] ] [ $Installment<0.5 \eq 1$ [ $RevolvingBalance<0.4 \eq 0$ [ $class$ [ $0$ ] ] [ $class$ [ $0$ ] ] ] [ $TradeOpenTime<0.6 \eq 0$ [ $class$ [ $0$ ] ] [ $class$ [ $0$ ] ] ] ] ] ] [ $TradeOpenTime<0.6 \eq 1$ [ $Installment<0.5 \eq 0$ [ $TradeOpenTime<0.85 \eq 0$ [ $TradeFrequency<0.6 \eq 0$ [ $class$ [ $0$ ] ] [ $class$ [ $0$ ] ] ] [ $RevolvingBalance<0.4 \eq 1$ [ $class$ [ $0$ ] ] [ $class$ [ $0$ ] ] ] ] [ $RevolvingBalance<0.6 \eq 1$ [ $TradeFrequency<0.6 \eq 1$ [ $class$ [ $0$ ] ] [ $class$ [ $0$ ] ] ] [ $Delinquency<0.75 \eq 0$ [ $class$ [ $0$ ] ] [ $class$ [ $0$ ] ] ] ] ] [ $Delinquency<0.75 \eq 1$ [ $RevolvingBalance<0.6 \eq 0$ [ $NumSatisfactoryTrades<0.5 \eq 1$ [ $class$ [ $0$ ] ] [ $class$ [ $0$ ] ] ] [ $Installment<0.5 \eq 1$ [ $class$ [ $0$ ] ] [ $class$ [ $0$ ] ] ] ] [ $TradeFrequency<0.45 \eq 0$ [ $Installment<0.5 \eq 1$ [ $class$ [ $0$ ] ] [ $class$ [ $0$ ] ] ] [ $Delinquency<0.55 \eq 1$ [ $class$ [ $0$ ] ] [ $class$ [ $1$ ] ] ] ] ] ] ] [ $Inquiry<0.75 \eq 1$ [ $ExternalRiskEstimate<0.65 \eq 1$ [ $RevolvingBalance<0.6 \eq 0$ [ $Delinquency<0.75 \eq 1$ [ $TradeFrequency<0.45 \eq 1$ [ $class$ [ $0$ ] ] [ $class$ [ $0$ ] ] ] [ $RevolvingBalance<0.4 \eq 1$ [ $class$ [ $0$ ] ] [ $class$ [ $0$ ] ] ] ] [ $NumSatisfactoryTrades<0.5 \eq 0$ [ $TradeOpenTime<0.6 \eq 1$ [ $class$ [ $0$ ] ] [ $class$ [ $0$ ] ] ] [ $Installment<0.5 \eq 0$ [ $class$ [ $0$ ] ] [ $class$ [ $0$ ] ] ] ] ] [ $NumSatisfactoryTrades<0.5 \eq 1$ [ $Installment<0.5 \eq 0$ [ $RevolvingBalance<0.6 \eq 0$ [ $class$ [ $0$ ] ] [ $class$ [ $0$ ] ] ] [ $TradeOpenTime<0.6 \eq 0$ [ $class$ [ $0$ ] ] [ $class$ [ $0$ ] ] ] ] [ $TradeFrequency<0.45 \eq 1$ [ $RevolvingBalance<0.4 \eq 1$ [ $class$ [ $0$ ] ] [ $class$ [ $1$ ] ] ] [ $RevolvingBalance<0.6 \eq 1$ [ $class$ [ $0$ ] ] [ $class$ [ $1$ ] ] ] ] ] ] [ $ExternalRiskEstimate<0.65 \eq 1$ [ $NumSatisfactoryTrades<0.5 \eq 0$ [ $Utilization<0.6 \eq 1$ [ $TradeFrequency<0.6 \eq 0$ [ $class$ [ $0$ ] ] [ $class$ [ $0$ ] ] ] [ $RevolvingBalance<0.4 \eq 0$ [ $class$ [ $1$ ] ] [ $class$ [ $1$ ] ] ] ] [ $Delinquency<0.75 \eq 0$ [ $Delinquency<0.55 \eq 0$ [ $class$ [ $0$ ] ] [ $class$ [ $1$ ] ] ] [ $Installment<0.7 \eq 1$ [ $class$ [ $1$ ] ] [ $class$ [ $0$ ] ] ] ] ] [ $NumSatisfactoryTrades<0.5 \eq 1$ [ $TradeOpenTime<0.85 \eq 0$ [ $Delinquency<0.75 \eq 1$ [ $class$ [ $0$ ] ] [ $class$ [ $1$ ] ] ] [ $TradeWBalance<0.33 \eq 0$ [ $class$ [ $1$ ] ] [ $class$ [ $0$ ] ] ] ] [ $Delinquency<0.55 \eq 1$ [ $Delinquency<0.75 \eq 1$ [ $class$ [ $0$ ] ] [ $class$ [ $1$ ] ] ] [ $RevolvingBalance<0.6 \eq 1$ [ $class$ [ $1$ ] ] [ $class$ [ $1$ ] ] ] ] ] ] ] ] ]
