fold_index,samples,features,binary_features,time,depth,leaves,nodes,training,test,tex
NA,1,23,46,0.002293952275067568,1,1,1,100.0,46.44644644644645,[ $class$ [ $0$ ] ]
NA,2,23,46,0.0024369489401578903,2,2,3,100.0,44.48897795591182,[ $NumRevolvingTradesWBalance \eq 1$ [ $class$ [ $0$ ] ] [ $class$ [ $1$ ] ] ]
NA,3,23,60,0.0030170041136443615,2,2,3,100.0,42.82848545636911,[ $NumInqLast6M \eq 0$ [ $class$ [ $0$ ] ] [ $class$ [ $1$ ] ] ]
NA,4,23,74,0.0024471692740917206,2,2,3,100.0,64.95983935742971,[ $NetFractionRevolvingBurden \ge 36.0$ [ $class$ [ $0$ ] ] [ $class$ [ $1$ ] ] ]
NA,5,23,89,0.002443361561745405,2,2,3,100.0,40.60301507537689,[ $AverageMInFile \ge 65.5$ [ $class$ [ $0$ ] ] [ $class$ [ $1$ ] ] ]
NA,6,23,100,0.0025872401893138885,2,2,3,100.0,60.26156941649899,[ $PercentTradesWBalance \ge 47.0$ [ $class$ [ $0$ ] ] [ $class$ [ $1$ ] ] ]
NA,7,23,115,0.0024843825958669186,2,2,3,100.0,60.22155085599194,[ $PercentTradesWBalance \ge 47.0$ [ $class$ [ $0$ ] ] [ $class$ [ $1$ ] ] ]
NA,8,23,125,0.002476905006915331,3,3,5,100.0,58.266129032258064,[ $PercentTradesWBalance \ge 47.0$ [ $NumInstallTradesWBalance \ge 1.5$ [ $class$ [ $0$ ] ] [ $class$ [ $1$ ] ] ] [ $class$ [ $1$ ] ] ]
NA,9,23,134,0.0025970730930566788,3,3,5,100.0,48.03229061553986,[ $NumInstallTradesWBalance \ge 1.5$ [ $AverageMInFile \ge 77.0$ [ $class$ [ $0$ ] ] [ $class$ [ $1$ ] ] ] [ $class$ [ $1$ ] ] ]
NA,10,23,144,0.0025873598642647266,3,3,5,100.0,47.97979797979798,[ $NumInstallTradesWBalance \ge 1.5$ [ $AverageMInFile \ge 77.0$ [ $class$ [ $0$ ] ] [ $class$ [ $1$ ] ] ] [ $class$ [ $1$ ] ] ]
NA,11,23,156,0.002540921326726675,3,3,5,90.9090909090909,42.568250758341755,[ $NumInqLast6M \ge 0.5$ [ $class$ [ $1$ ] ] [ $NumBank2NatlTradesWHighUtilization \ge 0.5$ [ $class$ [ $1$ ] ] [ $class$ [ $0$ ] ] ] ]
NA,12,23,163,0.002538127824664116,3,3,5,100.0,47.874493927125506,[ $AverageMInFile \ge 77.0$ [ $NumInstallTradesWBalance \ge 1.5$ [ $class$ [ $0$ ] ] [ $class$ [ $1$ ] ] ] [ $class$ [ $1$ ] ] ]
NA,13,23,186,0.0026470227167010307,3,3,5,92.3076923076923,52.68490374873353,[ $NetFractionRevolvingBurden \ge 0.5$ [ $class$ [ $0$ ] ] [ $NumTotalTrades \ge 33.0$ [ $class$ [ $1$ ] ] [ $class$ [ $0$ ] ] ] ]
NA,14,23,186,0.00258310092613101,3,3,5,92.85714285714286,39.046653144016226,[ $AverageMInFile \ge 63.0$ [ $class$ [ $0$ ] ] [ $NumInqLast6Mexcl7days \ge 3.5$ [ $class$ [ $1$ ] ] [ $class$ [ $0$ ] ] ] ]
NA,15,23,195,0.0026288600638508797,3,3,5,93.33333333333333,52.588832487309645,[ $NetFractionRevolvingBurden \ge 0.5$ [ $class$ [ $0$ ] ] [ $NumTotalTrades \ge 33.0$ [ $class$ [ $1$ ] ] [ $class$ [ $0$ ] ] ] ]
NA,16,23,206,0.0026810551062226295,3,3,5,93.75,52.4390243902439,[ $NetFractionRevolvingBurden \ge 0.5$ [ $class$ [ $0$ ] ] [ $NumTotalTrades \ge 34.5$ [ $class$ [ $1$ ] ] [ $class$ [ $0$ ] ] ] ]
NA,17,23,216,0.0026912870816886425,3,3,5,94.11764705882352,53.00101729399797,[ $NetFractionRevolvingBurden \ge 0.5$ [ $class$ [ $0$ ] ] [ $NumSatisfactoryTrades \ge 33.5$ [ $class$ [ $1$ ] ] [ $class$ [ $0$ ] ] ] ]
NA,18,23,229,0.0026517538353800774,3,3,5,88.88888888888889,52.953156822810584,[ $NetFractionRevolvingBurden \ge 0.5$ [ $class$ [ $0$ ] ] [ $MSinceMostRecentTradeOpen \ge 12.0$ [ $class$ [ $1$ ] ] [ $class$ [ $1$ ] ] ] ]
NA,19,23,229,0.0026959339156746864,3,3,5,84.21052631578947,53.00713557594292,[ $NetFractionRevolvingBurden \ge 0.5$ [ $class$ [ $0$ ] ] [ $PercentTradesWBalance \ge 52.0$ [ $class$ [ $1$ ] ] [ $class$ [ $1$ ] ] ] ]
NA,20,23,236,0.0027364580892026424,3,3,5,85.0,57.55102040816327,[ $PercentTradesWBalance \ge 52.0$ [ $PercentInstallTrades \ge 21.0$ [ $class$ [ $1$ ] ] [ $class$ [ $0$ ] ] ] [ $class$ [ $1$ ] ] ]
NA,22,23,248,0.0026943478733301163,3,3,5,81.81818181818183,54.70347648261759,[ $NumInstallTradesWBalance \ge 1.5$ [ $NumSatisfactoryTrades \ge 20.5$ [ $class$ [ $1$ ] ] [ $class$ [ $0$ ] ] ] [ $class$ [ $1$ ] ] ]
NA,24,23,263,0.0026968573220074177,3,3,5,87.5,57.377049180327866,[ $PercentTradesWBalance \ge 52.0$ [ $PercentInstallTrades \ge 21.0$ [ $class$ [ $1$ ] ] [ $class$ [ $0$ ] ] ] [ $class$ [ $1$ ] ] ]
NA,26,23,280,0.0026523731648921967,3,3,5,88.46153846153845,57.28952772073922,[ $PercentTradesWBalance \ge 52.0$ [ $PercentInstallTrades \ge 21.0$ [ $class$ [ $1$ ] ] [ $class$ [ $0$ ] ] ] [ $class$ [ $1$ ] ] ]
NA,28,23,305,0.0028247609734535217,3,3,5,85.71428571428571,57.3045267489712,[ $PercentTradesWBalance \ge 52.0$ [ $PercentInstallTrades \ge 21.0$ [ $class$ [ $1$ ] ] [ $class$ [ $0$ ] ] ] [ $class$ [ $1$ ] ] ]
NA,30,23,320,0.0028359531424939632,3,3,5,80.0,66.18556701030927,[ $NetFractionRevolvingBurden \ge 16.5$ [ $class$ [ $0$ ] ] [ $PercentTradesWBalance \ge 52.0$ [ $class$ [ $0$ ] ] [ $class$ [ $1$ ] ] ] ]
NA,32,23,329,0.0028255456127226353,3,3,5,81.25,66.11570247933885,[ $NetFractionRevolvingBurden \ge 16.5$ [ $class$ [ $0$ ] ] [ $PercentTradesWBalance \ge 52.0$ [ $class$ [ $0$ ] ] [ $class$ [ $1$ ] ] ] ]
NA,34,23,346,0.0031194831244647503,3,3,5,82.35294117647058,55.48654244306418,[ $NetFractionRevolvingBurden \ge 30.0$ [ $MSinceMostRecentDelq \ge 15.0$ [ $class$ [ $1$ ] ] [ $class$ [ $0$ ] ] ] [ $class$ [ $1$ ] ] ]
NA,36,23,360,0.0031334743835031986,3,3,5,80.55555555555556,55.497925311203325,[ $NetFractionRevolvingBurden \ge 30.0$ [ $MSinceMostRecentDelq \ge 15.0$ [ $class$ [ $1$ ] ] [ $class$ [ $0$ ] ] ] [ $class$ [ $1$ ] ] ]
NA,38,23,371,0.003083108924329281,3,3,5,78.94736842105263,55.50935550935551,[ $NetFractionRevolvingBurden \ge 30.0$ [ $MSinceMostRecentDelq \ge 15.0$ [ $class$ [ $1$ ] ] [ $class$ [ $0$ ] ] ] [ $class$ [ $1$ ] ] ]
NA,40,23,383,0.0030377097427845,3,3,5,77.5,65.9375,[ $NetFractionRevolvingBurden \ge 30.0$ [ $MSinceMostRecentInqexcl7days \ge 3.5$ [ $class$ [ $0$ ] ] [ $class$ [ $0$ ] ] ] [ $class$ [ $1$ ] ] ]
NA,45,23,410,0.0031971530988812447,3,3,5,84.44444444444444,57.696335078534034,[ $MSinceMostRecentInqexcl7days \ge 0.5$ [ $class$ [ $1$ ] ] [ $MSinceOldestTradeOpen \ge 114.5$ [ $class$ [ $1$ ] ] [ $class$ [ $0$ ] ] ] ]
NA,50,23,434,0.0032508880831301212,3,3,5,82.0,57.684210526315795,[ $MSinceMostRecentInqexcl7days \ge 0.5$ [ $class$ [ $1$ ] ] [ $MSinceOldestTradeOpen \ge 114.5$ [ $class$ [ $1$ ] ] [ $class$ [ $0$ ] ] ] ]
NA,55,23,458,0.0033981562592089176,3,3,5,78.18181818181819,59.04761904761905,[ $NetFractionRevolvingBurden \ge 30.0$ [ $MSinceMostRecentInqexcl7days \ge 0.5$ [ $class$ [ $1$ ] ] [ $class$ [ $0$ ] ] ] [ $class$ [ $1$ ] ] ]
NA,60,23,486,0.003587994258850813,3,3,5,78.33333333333333,65.53191489361701,[ $NetFractionRevolvingBurden \ge 30.0$ [ $class$ [ $0$ ] ] [ $PercentTradesWBalance \ge 46.5$ [ $class$ [ $0$ ] ] [ $class$ [ $1$ ] ] ] ]
NA,65,23,508,0.0036582020111382008,3,3,5,78.46153846153847,65.56149732620321,[ $NetFractionRevolvingBurden \ge 30.0$ [ $class$ [ $0$ ] ] [ $ExternalRiskEstimate \ge 70.5$ [ $class$ [ $1$ ] ] [ $class$ [ $0$ ] ] ] ]
NA,70,23,538,0.003753713332116604,3,3,5,78.57142857142857,66.88172043010752,[ $NetFractionRevolvingBurden \ge 20.5$ [ $class$ [ $0$ ] ] [ $ExternalRiskEstimate \ge 70.5$ [ $class$ [ $1$ ] ] [ $class$ [ $0$ ] ] ] ]
NA,75,23,558,0.0039135729894042015,3,3,5,77.33333333333333,66.91891891891892,[ $ExternalRiskEstimate \ge 70.5$ [ $NetFractionRevolvingBurden \ge 20.5$ [ $class$ [ $0$ ] ] [ $class$ [ $1$ ] ] ] [ $class$ [ $0$ ] ] ]
NA,80,23,582,0.003985522780567408,3,3,5,77.5,65.1086956521739,[ $ExternalRiskEstimate \ge 71.5$ [ $MSinceMostRecentInqexcl7days \ge 0.5$ [ $class$ [ $1$ ] ] [ $class$ [ $0$ ] ] ] [ $class$ [ $0$ ] ] ]
NA,85,23,601,0.004122487735003233,3,3,5,75.29411764705883,65.46448087431695,[ $ExternalRiskEstimate \ge 70.5$ [ $MSinceMostRecentInqexcl7days \ge 0.5$ [ $class$ [ $1$ ] ] [ $class$ [ $0$ ] ] ] [ $class$ [ $0$ ] ] ]
NA,90,23,616,0.004189434926956892,3,3,5,76.66666666666667,66.8131868131868,[ $ExternalRiskEstimate \ge 70.5$ [ $NetFractionRevolvingBurden \ge 20.5$ [ $class$ [ $0$ ] ] [ $class$ [ $1$ ] ] ] [ $class$ [ $0$ ] ] ]
NA,100,23,655,0.004469461739063263,3,3,5,75.0,66.66666666666666,[ $ExternalRiskEstimate \ge 70.5$ [ $NetFractionRevolvingBurden \ge 21.5$ [ $class$ [ $0$ ] ] [ $class$ [ $1$ ] ] ] [ $class$ [ $0$ ] ] ]
NA,110,23,683,0.004882057197391987,3,3,5,75.45454545454545,66.62921348314606,[ $ExternalRiskEstimate \ge 71.5$ [ $NetFractionRevolvingBurden \ge 21.5$ [ $class$ [ $0$ ] ] [ $class$ [ $1$ ] ] ] [ $class$ [ $0$ ] ] ]
NA,120,23,716,0.004927085246890783,3,3,5,75.0,70.45454545454545,[ $ExternalRiskEstimate \ge 70.5$ [ $class$ [ $1$ ] ] [ $AverageMInFile \ge 38.0$ [ $class$ [ $1$ ] ] [ $class$ [ $0$ ] ] ] ]
NA,130,23,748,0.00515205692499876,3,3,5,75.38461538461539,70.22988505747126,[ $ExternalRiskEstimate \ge 70.5$ [ $class$ [ $1$ ] ] [ $AverageMInFile \ge 35.0$ [ $class$ [ $1$ ] ] [ $class$ [ $0$ ] ] ] ]
NA,140,23,777,0.005748683121055365,3,3,5,74.28571428571429,66.74418604651163,[ $ExternalRiskEstimate \ge 74.5$ [ $MSinceMostRecentInqexcl7days \ge 0.5$ [ $class$ [ $1$ ] ] [ $class$ [ $0$ ] ] ] [ $class$ [ $0$ ] ] ]
NA,150,23,800,0.006014818791300058,3,3,5,72.0,70.70588235294117,[ $ExternalRiskEstimate \ge 74.5$ [ $NetFractionRevolvingBurden \ge 71.0$ [ $class$ [ $1$ ] ] [ $class$ [ $1$ ] ] ] [ $class$ [ $0$ ] ] ]
NA,160,23,817,0.006015954073518515,3,3,5,76.25,69.88095238095238,[ $ExternalRiskEstimate \ge 70.5$ [ $class$ [ $1$ ] ] [ $AverageMInFile \ge 35.0$ [ $class$ [ $1$ ] ] [ $class$ [ $0$ ] ] ] ]
NA,170,23,827,0.006209600251168013,3,3,5,77.05882352941177,69.63855421686746,[ $ExternalRiskEstimate \ge 70.5$ [ $class$ [ $1$ ] ] [ $AverageMInFile \ge 35.0$ [ $class$ [ $1$ ] ] [ $class$ [ $0$ ] ] ] ]
NA,180,23,844,0.0064022596925497055,3,3,5,76.66666666666667,69.7560975609756,[ $ExternalRiskEstimate \ge 70.5$ [ $class$ [ $1$ ] ] [ $AverageMInFile \ge 37.0$ [ $class$ [ $1$ ] ] [ $class$ [ $0$ ] ] ] ]
NA,200,23,871,0.0070949881337583065,3,3,5,75.5,69.75,[ $ExternalRiskEstimate \ge 70.5$ [ $class$ [ $1$ ] ] [ $AverageMInFile \ge 35.0$ [ $class$ [ $1$ ] ] [ $class$ [ $0$ ] ] ] ]
NA,220,23,913,0.007595531642436981,3,3,5,75.0,69.74358974358974,[ $ExternalRiskEstimate \ge 70.5$ [ $class$ [ $1$ ] ] [ $AverageMInFile \ge 35.0$ [ $class$ [ $1$ ] ] [ $class$ [ $0$ ] ] ] ]
NA,240,23,937,0.008219013921916485,3,3,5,75.83333333333333,69.47368421052632,[ $ExternalRiskEstimate \ge 70.5$ [ $class$ [ $1$ ] ] [ $AverageMInFile \ge 36.5$ [ $class$ [ $1$ ] ] [ $class$ [ $0$ ] ] ] ]
NA,260,23,966,0.008917407132685184,3,3,5,76.15384615384615,69.1891891891892,[ $ExternalRiskEstimate \ge 70.5$ [ $class$ [ $1$ ] ] [ $AverageMInFile \ge 36.5$ [ $class$ [ $1$ ] ] [ $class$ [ $0$ ] ] ] ]
NA,280,23,992,0.009455916937440634,3,3,5,75.0,69.44444444444444,[ $ExternalRiskEstimate \ge 70.5$ [ $class$ [ $1$ ] ] [ $AverageMInFile \ge 36.5$ [ $class$ [ $1$ ] ] [ $class$ [ $0$ ] ] ] ]
NA,300,23,1021,0.01074406923726201,3,3,5,73.66666666666667,69.71428571428572,[ $ExternalRiskEstimate \ge 74.5$ [ $NetFractionRevolvingBurden \ge 60.5$ [ $class$ [ $1$ ] ] [ $class$ [ $1$ ] ] ] [ $class$ [ $0$ ] ] ]
NA,325,23,1055,0.011813152115792036,3,3,5,72.61538461538461,70.07407407407408,[ $ExternalRiskEstimate \ge 74.5$ [ $NetFractionRevolvingBurden \ge 70.5$ [ $class$ [ $1$ ] ] [ $class$ [ $1$ ] ] ] [ $class$ [ $0$ ] ] ]
NA,350,23,1083,0.011809112038463354,3,3,5,75.14285714285714,68.76923076923077,[ $ExternalRiskEstimate \ge 70.5$ [ $class$ [ $1$ ] ] [ $AverageMInFile \ge 37.5$ [ $class$ [ $1$ ] ] [ $class$ [ $0$ ] ] ] ]
NA,375,23,1100,0.012693101074546576,3,3,5,74.93333333333332,68.64,[ $ExternalRiskEstimate \ge 70.5$ [ $class$ [ $1$ ] ] [ $AverageMInFile \ge 37.5$ [ $class$ [ $1$ ] ] [ $class$ [ $0$ ] ] ] ]
NA,400,23,1122,0.01334721501916647,3,3,5,74.5,68.66666666666667,[ $ExternalRiskEstimate \ge 70.5$ [ $class$ [ $1$ ] ] [ $AverageMInFile \ge 37.5$ [ $class$ [ $1$ ] ] [ $class$ [ $0$ ] ] ] ]
NA,425,23,1148,0.014779163058847189,3,3,5,73.1764705882353,67.13043478260869,[ $ExternalRiskEstimate \ge 70.5$ [ $class$ [ $1$ ] ] [ $ExternalRiskEstimate \ge 79.5$ [ $class$ [ $0$ ] ] [ $class$ [ $0$ ] ] ] ]
NA,450,23,1165,0.01593726361170411,3,3,5,72.44444444444444,67.45454545454545,[ $ExternalRiskEstimate \ge 70.5$ [ $class$ [ $1$ ] ] [ $ExternalRiskEstimate \ge 82.5$ [ $class$ [ $0$ ] ] [ $class$ [ $0$ ] ] ] ]
NA,475,23,1182,0.017742472235113382,3,3,5,72.63157894736842,68.95238095238095,[ $ExternalRiskEstimate \ge 72.5$ [ $NetFractionRevolvingBurden \ge 25.0$ [ $class$ [ $1$ ] ] [ $class$ [ $1$ ] ] ] [ $class$ [ $0$ ] ] ]
NA,500,23,1191,0.018787370063364506,3,3,5,72.39999999999999,69.19999999999999,[ $ExternalRiskEstimate \ge 73.5$ [ $NetFractionRevolvingBurden \ge 25.0$ [ $class$ [ $1$ ] ] [ $class$ [ $1$ ] ] ] [ $class$ [ $0$ ] ] ]
NA,550,23,1221,0.022312732879072428,3,3,5,72.36363636363636,68.88888888888889,[ $ExternalRiskEstimate \ge 73.5$ [ $NetFractionRevolvingBurden \ge 25.5$ [ $class$ [ $1$ ] ] [ $class$ [ $1$ ] ] ] [ $class$ [ $0$ ] ] ]
NA,600,23,1250,0.024901044089347124,3,3,5,72.33333333333334,68.5,[ $ExternalRiskEstimate \ge 73.5$ [ $PercentTradesWBalance \ge 55.5$ [ $class$ [ $1$ ] ] [ $class$ [ $1$ ] ] ] [ $class$ [ $0$ ] ] ]
NA,650,23,1266,0.02782980492338538,3,3,5,71.23076923076923,70.0,[ $ExternalRiskEstimate \ge 73.5$ [ $PercentTradesWBalance \ge 55.5$ [ $class$ [ $1$ ] ] [ $class$ [ $1$ ] ] ] [ $class$ [ $0$ ] ] ]
NA,700,23,1284,0.029415107797831297,3,3,5,70.28571428571428,71.66666666666667,[ $ExternalRiskEstimate \ge 72.5$ [ $class$ [ $1$ ] ] [ $ExternalRiskEstimate \ge 80.5$ [ $class$ [ $0$ ] ] [ $class$ [ $0$ ] ] ] ]
NA,750,23,1311,0.032985439989715815,3,3,5,69.6,74.0,[ $ExternalRiskEstimate \ge 72.5$ [ $class$ [ $1$ ] ] [ $ExternalRiskEstimate \ge 82.5$ [ $class$ [ $0$ ] ] [ $class$ [ $0$ ] ] ] ]
NA,800,23,1335,0.036111685913056135,3,3,5,69.875,74.5,[ $ExternalRiskEstimate \ge 73.5$ [ $class$ [ $1$ ] ] [ $ExternalRiskEstimate \ge 82.5$ [ $class$ [ $0$ ] ] [ $class$ [ $0$ ] ] ] ]
NA,850,23,1357,0.03997262893244624,3,3,5,70.11764705882354,74.66666666666667,[ $ExternalRiskEstimate \ge 73.5$ [ $class$ [ $1$ ] ] [ $ExternalRiskEstimate \ge 82.5$ [ $class$ [ $0$ ] ] [ $class$ [ $0$ ] ] ] ]
NA,900,23,1374,0.049953342881053686,3,3,5,69.88888888888889,75.0,[ $ExternalRiskEstimate \ge 78.5$ [ $ExternalRiskEstimate \ge 63.5$ [ $class$ [ $1$ ] ] [ $class$ [ $1$ ] ] ] [ $class$ [ $0$ ] ] ]
NA,950,23,1385,0.053442882373929024,3,3,5,70.63157894736842,80.0,[ $ExternalRiskEstimate \ge 78.5$ [ $PercentTradesWBalance \ge 55.5$ [ $class$ [ $0$ ] ] [ $class$ [ $1$ ] ] ] [ $class$ [ $0$ ] ] ]
NA,1000,23,1407,-1,-1,-1,-1,-1,-1,NA

