fold_index,samples,features,binary_features,time,depth,leaves,nodes,training,test,tex
NA,1,22,44,0.1505598360672593,1,1,1,100.0,69.62590731434952,[ $class$ [ $0$ ] ]
NA,2,22,44,0.0024627759121358395,1,1,1,100.0,69.62308050255933,[ $class$ [ $0$ ] ]
NA,3,22,49,0.0019879667088389397,1,1,1,100.0,69.62025316455697,[ $class$ [ $0$ ] ]
NA,4,22,58,0.0020244172774255276,1,1,1,100.0,69.61742530019548,[ $class$ [ $0$ ] ]
NA,5,22,64,0.0020317332819104195,1,1,1,100.0,69.61459690932787,[ $class$ [ $0$ ] ]
NA,6,22,67,0.0019844132475554943,1,1,1,100.0,69.6117679918071,[ $class$ [ $0$ ] ]
NA,7,22,69,0.0019482988864183426,1,1,1,100.0,69.60893854748603,[ $class$ [ $0$ ] ]
NA,8,22,78,0.1406572419218719,2,2,3,100.0,68.87978396498742,[ $p_misdemassault_arrest \ge 2.0$ [ $class$ [ $1$ ] ] [ $class$ [ $0$ ] ] ]
NA,9,22,83,2.197128496132791,3,4,7,100.0,61.56639970199292,[ $p_felony_count_person \ge 2.5$ [ $p_misdemassault_arrest \ge 0.5$ [ $class$ [ $1$ ] ] [ $class$ [ $0$ ] ] ] [ $p_felony_count_person \ge 0.5$ [ $class$ [ $1$ ] ] [ $class$ [ $0$ ] ] ] ]
NA,10,22,86,3.1825182088650763,3,4,7,100.0,61.56282015460557,[ $p_felony_count_person \ge 2.5$ [ $p_misdemassault_arrest \ge 0.5$ [ $class$ [ $1$ ] ] [ $class$ [ $0$ ] ] ] [ $p_felony_count_person \ge 0.5$ [ $class$ [ $1$ ] ] [ $class$ [ $0$ ] ] ] ]
NA,11,22,89,4.8878165958449244,3,4,7,100.0,61.55923994038748,[ $p_felony_count_person \ge 2.5$ [ $p_misdemassault_arrest \ge 0.5$ [ $class$ [ $1$ ] ] [ $class$ [ $0$ ] ] ] [ $p_felony_count_person \ge 0.5$ [ $class$ [ $1$ ] ] [ $class$ [ $0$ ] ] ] ]
NA,12,22,92,7.405503038782626,3,4,7,100.0,63.87517466231951,[ $p_felony_count_person \ge 1.5$ [ $p_misdemassault_arrest \ge 0.5$ [ $class$ [ $1$ ] ] [ $class$ [ $0$ ] ] ] [ $p_felony_count_person \ge 0.5$ [ $class$ [ $1$ ] ] [ $class$ [ $0$ ] ] ] ]
NA,13,22,101,19.395324849989265,3,4,7,100.0,63.871809204397245,[ $p_felony_count_person \ge 1.5$ [ $p_misdemassault_arrest \ge 0.5$ [ $class$ [ $1$ ] ] [ $class$ [ $0$ ] ] ] [ $p_felony_count_person \ge 0.5$ [ $class$ [ $1$ ] ] [ $class$ [ $0$ ] ] ] ]
NA,14,22,106,32.606568766757846,3,4,7,100.0,66.65424392061865,[ $p_felony_count_person \ge 3.5$ [ $p_misdemassault_arrest \ge 0.5$ [ $class$ [ $1$ ] ] [ $class$ [ $0$ ] ] ] [ $p_age_first_offense \ge 19.5$ [ $class$ [ $0$ ] ] [ $class$ [ $1$ ] ] ] ]
NA,15,22,112,62.002774961758405,3,4,7,100.0,66.92135669027208,[ $p_felony_count_person \ge 3.5$ [ $p_misdemassault_arrest \ge 2.0$ [ $class$ [ $1$ ] ] [ $class$ [ $0$ ] ] ] [ $p_age_first_offense \ge 19.5$ [ $class$ [ $0$ ] ] [ $class$ [ $1$ ] ] ] ]
NA,16,22,115,81.9419088200666,4,5,9,100.0,66.68530425868978,[ $p_felony_count_person \ge 0.5$ [ $p_felony_count_person \ge 3.5$ [ $p_misdemassault_arrest \ge 2.0$ [ $class$ [ $1$ ] ] [ $class$ [ $0$ ] ] ] [ $p_misdem_count_person \ge 1.5$ [ $class$ [ $1$ ] ] [ $class$ [ $0$ ] ] ] ] [ $class$ [ $0$ ] ] ]
NA,17,22,117,93.90876843128353,4,5,9,100.0,66.68219944082013,[ $p_felony_count_person \ge 0.5$ [ $p_felony_count_person \ge 3.5$ [ $p_misdemassault_arrest \ge 2.0$ [ $class$ [ $1$ ] ] [ $class$ [ $0$ ] ] ] [ $p_misdem_count_person \ge 1.5$ [ $class$ [ $1$ ] ] [ $class$ [ $0$ ] ] ] ] [ $class$ [ $0$ ] ] ]
NA,18,22,118,111.02149314805865,4,7,13,100.0,65.86820766147824,[ $p_felony_count_person \ge 0.5$ [ $p_felony_count_person \ge 3.5$ [ $p_misdemassault_arrest \ge 2.0$ [ $class$ [ $1$ ] ] [ $class$ [ $0$ ] ] ] [ $p_misdem_count_person \ge 1.5$ [ $class$ [ $1$ ] ] [ $class$ [ $0$ ] ] ] ] [ $p_misdem_count_person \ge 0.5$ [ $p_current_age \ge 25.5$ [ $class$ [ $0$ ] ] [ $class$ [ $1$ ] ] ] [ $class$ [ $0$ ] ] ] ]
NA,19,22,120,128.6575988610275,4,7,13,100.0,65.86502609992543,[ $p_felony_count_person \ge 0.5$ [ $p_felony_count_person \ge 3.5$ [ $p_misdemassault_arrest \ge 2.0$ [ $class$ [ $1$ ] ] [ $class$ [ $0$ ] ] ] [ $p_misdem_count_person \ge 1.5$ [ $class$ [ $1$ ] ] [ $class$ [ $0$ ] ] ] ] [ $p_misdem_count_person \ge 0.5$ [ $p_current_age \ge 25.5$ [ $class$ [ $0$ ] ] [ $class$ [ $1$ ] ] ] [ $class$ [ $0$ ] ] ] ]
NA,20,22,120,128.9521762719378,4,7,13,100.0,66.71017059755756,[ $p_felony_count_person \ge 0.5$ [ $p_felony_count_person \ge 3.5$ [ $p_misdemassault_arrest \ge 2.0$ [ $class$ [ $1$ ] ] [ $class$ [ $0$ ] ] ] [ $p_misdem_count_person \ge 1.5$ [ $class$ [ $1$ ] ] [ $class$ [ $0$ ] ] ] ] [ $p_misdem_count_person \ge 3.0$ [ $class$ [ $0$ ] ] [ $p_n_on_probation \ge 0.5$ [ $class$ [ $1$ ] ] [ $class$ [ $0$ ] ] ] ] ]
NA,22,22,125,182.2523715342395,4,7,13,100.0,65.37995337995338,[ $p_felony_count_person \ge 1.5$ [ $p_misdem_count_person \ge 5.0$ [ $p_felony_count_person \ge 3.5$ [ $class$ [ $0$ ] ] [ $class$ [ $1$ ] ] ] [ $p_charge \ge 5.5$ [ $class$ [ $1$ ] ] [ $class$ [ $0$ ] ] ] ] [ $p_misdem_count_person \ge 3.0$ [ $class$ [ $0$ ] ] [ $p_probation \ge 0.5$ [ $class$ [ $1$ ] ] [ $class$ [ $0$ ] ] ] ] ]
NA,24,22,130,253.2327196719125,4,7,13,100.0,65.3734962230719,[ $p_felony_count_person \ge 1.5$ [ $p_misdem_count_person \ge 5.0$ [ $p_felony_count_person \ge 3.5$ [ $class$ [ $0$ ] ] [ $class$ [ $1$ ] ] ] [ $p_charge \ge 5.5$ [ $class$ [ $1$ ] ] [ $class$ [ $0$ ] ] ] ] [ $p_misdem_count_person \ge 3.0$ [ $class$ [ $0$ ] ] [ $p_probation \ge 0.5$ [ $class$ [ $1$ ] ] [ $class$ [ $0$ ] ] ] ] ]
NA,26,22,133,300.02875807881355,4,7,13,100.0,65.36703665702827,[ $p_felony_count_person \ge 1.5$ [ $p_misdem_count_person \ge 5.0$ [ $p_felony_count_person \ge 3.5$ [ $class$ [ $0$ ] ] [ $class$ [ $1$ ] ] ] [ $p_charge \ge 5.5$ [ $class$ [ $1$ ] ] [ $class$ [ $0$ ] ] ] ] [ $p_misdem_count_person \ge 3.0$ [ $class$ [ $0$ ] ] [ $p_probation \ge 0.5$ [ $class$ [ $1$ ] ] [ $class$ [ $0$ ] ] ] ] ]
NA,28,22,137,300.01503189187497,4,8,15,100.0,66.26550984233603,[ $p_felony_count_person \ge 1.5$ [ $p_misdem_count_person \ge 5.0$ [ $p_felony_count_person \ge 3.5$ [ $class$ [ $0$ ] ] [ $class$ [ $1$ ] ] ] [ $p_charge \ge 5.5$ [ $class$ [ $1$ ] ] [ $class$ [ $0$ ] ] ] ] [ $p_charge_violent \ge 0.5$ [ $p_age_first_offense \ge 17.5$ [ $class$ [ $0$ ] ] [ $class$ [ $1$ ] ] ] [ $p_n_on_probation \ge 0.5$ [ $class$ [ $1$ ] ] [ $class$ [ $0$ ] ] ] ] ]
NA,30,22,140,300.0336755439639,4,8,15,100.0,63.51590930297658,[ $p_felony_count_person \ge 1.5$ [ $p_misdem_count_person \ge 5.0$ [ $p_felony_count_person \ge 3.5$ [ $class$ [ $0$ ] ] [ $class$ [ $1$ ] ] ] [ $p_charge \ge 5.5$ [ $class$ [ $1$ ] ] [ $class$ [ $0$ ] ] ] ] [ $p_current_age \ge 23.5$ [ $p_current_age \ge 25.5$ [ $class$ [ $0$ ] ] [ $class$ [ $1$ ] ] ] [ $p_age_first_offense \ge 18.5$ [ $class$ [ $0$ ] ] [ $class$ [ $1$ ] ] ] ] ]
NA,32,22,141,-1,-1,-1,-1,-1,-1,NA
NA,34,22,147,-1,-1,-1,-1,-1,-1,NA
NA,36,22,149,-1,-1,-1,-1,-1,-1,NA
NA,38,22,152,-1,-1,-1,-1,-1,-1,NA
NA,40,22,154,-1,-1,-1,-1,-1,-1,NA
NA,45,22,163,-1,-1,-1,-1,-1,-1,NA
NA,50,22,174,-1,-1,-1,-1,-1,-1,NA
NA,55,22,174,-1,-1,-1,-1,-1,-1,NA
NA,60,22,185,-1,-1,-1,-1,-1,-1,NA
NA,65,22,189,-1,-1,-1,-1,-1,-1,NA
NA,70,22,197,-1,-1,-1,-1,-1,-1,NA
NA,75,22,206,-1,-1,-1,-1,-1,-1,NA
NA,80,22,210,-1,-1,-1,-1,-1,-1,NA
NA,85,22,213,-1,-1,-1,-1,-1,-1,NA
NA,90,22,213,-1,-1,-1,-1,-1,-1,NA
NA,100,22,220,-1,-1,-1,-1,-1,-1,NA
NA,110,22,227,-1,-1,-1,-1,-1,-1,NA
NA,120,22,232,-1,-1,-1,-1,-1,-1,NA
NA,130,22,241,-1,-1,-1,-1,-1,-1,NA
NA,140,22,243,-1,-1,-1,-1,-1,-1,NA
NA,150,22,247,-1,-1,-1,-1,-1,-1,NA
NA,160,22,252,-1,-1,-1,-1,-1,-1,NA
NA,170,22,255,-1,-1,-1,-1,-1,-1,NA
NA,180,22,258,-1,-1,-1,-1,-1,-1,NA
NA,200,22,261,-1,-1,-1,-1,-1,-1,NA
NA,220,22,266,-1,-1,-1,-1,-1,-1,NA
NA,240,22,271,-1,-1,-1,-1,-1,-1,NA
NA,260,22,286,-1,-1,-1,-1,-1,-1,NA
NA,280,22,295,-1,-1,-1,-1,-1,-1,NA
NA,300,22,299,-1,-1,-1,-1,-1,-1,NA
NA,325,22,307,-1,-1,-1,-1,-1,-1,NA
NA,350,22,317,-1,-1,-1,-1,-1,-1,NA
NA,375,22,329,-1,-1,-1,-1,-1,-1,NA
NA,400,22,331,-1,-1,-1,-1,-1,-1,NA
NA,425,22,331,-1,-1,-1,-1,-1,-1,NA
NA,450,22,342,-1,-1,-1,-1,-1,-1,NA
NA,475,22,346,-1,-1,-1,-1,-1,-1,NA
NA,500,22,347,-1,-1,-1,-1,-1,-1,NA
NA,550,22,356,-1,-1,-1,-1,-1,-1,NA
NA,600,22,361,-1,-1,-1,-1,-1,-1,NA
NA,650,22,369,-1,-1,-1,-1,-1,-1,NA
NA,700,22,371,-1,-1,-1,-1,-1,-1,NA
NA,750,22,375,-1,-1,-1,-1,-1,-1,NA
NA,800,22,384,-1,-1,-1,-1,-1,-1,NA
NA,850,22,387,-1,-1,-1,-1,-1,-1,NA
NA,900,22,389,-1,-1,-1,-1,-1,-1,NA
NA,950,22,405,-1,-1,-1,-1,-1,-1,NA
NA,1000,22,408,-1,-1,-1,-1,-1,-1,NA
NA,1100,22,422,-1,-1,-1,-1,-1,-1,NA
NA,1200,22,433,-1,-1,-1,-1,-1,-1,NA
NA,1300,22,441,-1,-1,-1,-1,-1,-1,NA
NA,1400,22,444,-1,-1,-1,-1,-1,-1,NA
NA,1500,22,447,-1,-1,-1,-1,-1,-1,NA
NA,1600,22,459,-1,-1,-1,-1,-1,-1,NA
NA,1700,22,463,-1,-1,-1,-1,-1,-1,NA
NA,1800,22,463,-1,-1,-1,-1,-1,-1,NA
NA,1900,22,465,-1,-1,-1,-1,-1,-1,NA
NA,2000,22,470,-1,-1,-1,-1,-1,-1,NA
NA,2200,22,479,-1,-1,-1,-1,-1,-1,NA
NA,2400,22,485,-1,-1,-1,-1,-1,-1,NA
NA,2600,22,492,-1,-1,-1,-1,-1,-1,NA
NA,2800,22,499,-1,-1,-1,-1,-1,-1,NA
NA,3000,22,502,-1,-1,-1,-1,-1,-1,NA
NA,3200,22,508,-1,-1,-1,-1,-1,-1,NA
NA,3400,22,510,-1,-1,-1,-1,-1,-1,NA
NA,3600,22,511,-1,-1,-1,-1,-1,-1,NA
NA,3800,22,517,-1,-1,-1,-1,-1,-1,NA
NA,4000,22,523,-1,-1,-1,-1,-1,-1,NA
NA,5000,22,532,-1,-1,-1,-1,-1,-1,NA
NA,6000,22,542,-1,-1,-1,-1,-1,-1,NA
NA,7000,22,561,-1,-1,-1,-1,-1,-1,NA
NA,8000,22,573,-1,-1,-1,-1,-1,-1,NA
NA,9000,22,592,-1,-1,-1,-1,-1,-1,NA
NA,10000,22,612,-1,-1,-1,-1,-1,-1,NA
