fold_index,samples,features,binary_features,time,depth,leaves,nodes,training,test,tex
NA,1,4,8,-1,-1,-1,-1,-1,-1,NA
NA,2,4,8,-1,-1,-1,-1,-1,-1,NA
NA,3,4,12,0.09578271955251694,6,32,63,100.0,53.74149659863946,[ $sepal_length \ge 5.65$ [ $sepal_length \ge 5.65$ [ $sepal_length \ge 5.65$ [ $sepal_length \ge 5.65$ [ $sepal_length \ge 5.65$ [ $class$ [ $0$ ] ] [ $class$ [ $0$ ] ] ] [ $sepal_length \ge 5.65$ [ $class$ [ $0$ ] ] [ $class$ [ $0$ ] ] ] ] [ $sepal_length \ge 5.65$ [ $sepal_length \ge 5.65$ [ $class$ [ $0$ ] ] [ $class$ [ $0$ ] ] ] [ $sepal_length \ge 5.65$ [ $class$ [ $0$ ] ] [ $class$ [ $0$ ] ] ] ] ] [ $sepal_length \ge 5.65$ [ $sepal_length \ge 5.65$ [ $sepal_length \ge 5.65$ [ $class$ [ $0$ ] ] [ $class$ [ $0$ ] ] ] [ $sepal_length \ge 5.65$ [ $class$ [ $0$ ] ] [ $class$ [ $0$ ] ] ] ] [ $sepal_length \ge 5.65$ [ $sepal_length \ge 5.65$ [ $class$ [ $0$ ] ] [ $class$ [ $0$ ] ] ] [ $sepal_length \ge 5.65$ [ $class$ [ $0$ ] ] [ $class$ [ $0$ ] ] ] ] ] ] [ $sepal_length \ge 5.9$ [ $petal_width \ge 1.7$ [ $sepal_length \ge 5.65$ [ $sepal_length \ge 5.65$ [ $class$ [ $0$ ] ] [ $class$ [ $1$ ] ] ] [ $sepal_length \ge 5.65$ [ $class$ [ $0$ ] ] [ $class$ [ $0$ ] ] ] ] [ $sepal_length \ge 5.65$ [ $sepal_length \ge 5.65$ [ $class$ [ $0$ ] ] [ $class$ [ $0$ ] ] ] [ $sepal_length \ge 5.65$ [ $class$ [ $0$ ] ] [ $class$ [ $0$ ] ] ] ] ] [ $sepal_length \ge 5.65$ [ $sepal_length \ge 5.65$ [ $sepal_length \ge 5.65$ [ $class$ [ $0$ ] ] [ $class$ [ $0$ ] ] ] [ $sepal_length \ge 5.65$ [ $class$ [ $0$ ] ] [ $class$ [ $0$ ] ] ] ] [ $sepal_length \ge 5.65$ [ $sepal_length \ge 5.65$ [ $class$ [ $0$ ] ] [ $class$ [ $0$ ] ] ] [ $sepal_length \ge 5.65$ [ $class$ [ $0$ ] ] [ $class$ [ $1$ ] ] ] ] ] ] ]
NA,4,4,16,0.11559490626677871,6,32,63,100.0,77.3972602739726,[ $petal_width \ge 2.1$ [ $sepal_length \ge 5.65$ [ $sepal_length \ge 5.65$ [ $sepal_length \ge 5.65$ [ $sepal_length \ge 5.65$ [ $class$ [ $0$ ] ] [ $class$ [ $0$ ] ] ] [ $sepal_length \ge 5.65$ [ $class$ [ $0$ ] ] [ $class$ [ $0$ ] ] ] ] [ $sepal_length \ge 5.65$ [ $sepal_length \ge 5.65$ [ $class$ [ $0$ ] ] [ $class$ [ $0$ ] ] ] [ $sepal_length \ge 5.65$ [ $class$ [ $0$ ] ] [ $class$ [ $0$ ] ] ] ] ] [ $petal_length \ge 4.55$ [ $petal_length \ge 4.55$ [ $petal_length \ge 4.55$ [ $class$ [ $1$ ] ] [ $class$ [ $0$ ] ] ] [ $sepal_length \ge 5.65$ [ $class$ [ $0$ ] ] [ $class$ [ $0$ ] ] ] ] [ $sepal_length \ge 5.65$ [ $sepal_length \ge 5.65$ [ $class$ [ $0$ ] ] [ $class$ [ $0$ ] ] ] [ $sepal_length \ge 5.65$ [ $class$ [ $0$ ] ] [ $class$ [ $0$ ] ] ] ] ] ] [ $petal_length \ge 4.55$ [ $petal_length \ge 4.55$ [ $petal_length \ge 4.55$ [ $petal_length \ge 4.55$ [ $class$ [ $0$ ] ] [ $class$ [ $0$ ] ] ] [ $sepal_length \ge 5.65$ [ $class$ [ $0$ ] ] [ $class$ [ $0$ ] ] ] ] [ $sepal_length \ge 5.65$ [ $sepal_length \ge 5.65$ [ $class$ [ $0$ ] ] [ $class$ [ $0$ ] ] ] [ $sepal_length \ge 5.65$ [ $class$ [ $0$ ] ] [ $class$ [ $0$ ] ] ] ] ] [ $sepal_length \ge 5.65$ [ $sepal_length \ge 5.65$ [ $sepal_length \ge 5.65$ [ $class$ [ $0$ ] ] [ $class$ [ $0$ ] ] ] [ $sepal_length \ge 5.65$ [ $class$ [ $0$ ] ] [ $class$ [ $0$ ] ] ] ] [ $petal_length \ge 4.55$ [ $petal_length \ge 4.55$ [ $class$ [ $0$ ] ] [ $class$ [ $0$ ] ] ] [ $sepal_length \ge 5.65$ [ $class$ [ $0$ ] ] [ $class$ [ $0$ ] ] ] ] ] ] ]
NA,5,4,19,0.3450135551393032,6,32,63,100.0,73.79310344827587,[ $sepal_length \ge 5.65$ [ $sepal_length \ge 5.25$ [ $sepal_length \ge 5.25$ [ $sepal_length \ge 5.25$ [ $sepal_length \ge 5.25$ [ $class$ [ $0$ ] ] [ $class$ [ $0$ ] ] ] [ $sepal_length \ge 5.25$ [ $class$ [ $0$ ] ] [ $class$ [ $0$ ] ] ] ] [ $sepal_length \ge 5.25$ [ $sepal_length \ge 5.25$ [ $class$ [ $0$ ] ] [ $class$ [ $0$ ] ] ] [ $sepal_length \ge 5.25$ [ $class$ [ $0$ ] ] [ $class$ [ $0$ ] ] ] ] ] [ $sepal_length \ge 5.25$ [ $sepal_length \ge 5.25$ [ $sepal_length \ge 5.25$ [ $class$ [ $0$ ] ] [ $class$ [ $0$ ] ] ] [ $sepal_length \ge 5.25$ [ $class$ [ $0$ ] ] [ $class$ [ $0$ ] ] ] ] [ $sepal_length \ge 5.25$ [ $sepal_length \ge 5.25$ [ $class$ [ $0$ ] ] [ $class$ [ $0$ ] ] ] [ $sepal_length \ge 5.25$ [ $class$ [ $0$ ] ] [ $class$ [ $0$ ] ] ] ] ] ] [ $sepal_length \ge 5.25$ [ $sepal_length \ge 5.25$ [ $sepal_length \ge 5.25$ [ $sepal_length \ge 5.25$ [ $class$ [ $0$ ] ] [ $class$ [ $0$ ] ] ] [ $sepal_length \ge 5.25$ [ $class$ [ $0$ ] ] [ $class$ [ $0$ ] ] ] ] [ $sepal_length \ge 5.25$ [ $sepal_length \ge 5.25$ [ $class$ [ $0$ ] ] [ $class$ [ $0$ ] ] ] [ $sepal_length \ge 5.25$ [ $class$ [ $0$ ] ] [ $class$ [ $0$ ] ] ] ] ] [ $petal_width \ge 1.4$ [ $sepal_length \ge 5.25$ [ $sepal_length \ge 5.25$ [ $class$ [ $0$ ] ] [ $class$ [ $0$ ] ] ] [ $sepal_length \ge 5.25$ [ $class$ [ $1$ ] ] [ $class$ [ $1$ ] ] ] ] [ $sepal_length \ge 5.25$ [ $sepal_length \ge 5.25$ [ $class$ [ $0$ ] ] [ $class$ [ $0$ ] ] ] [ $sepal_length \ge 5.25$ [ $class$ [ $0$ ] ] [ $class$ [ $0$ ] ] ] ] ] ] ]
NA,6,4,23,0.18376440042629838,6,32,63,100.0,68.75,[ $sepal_length \ge 5.25$ [ $sepal_length \ge 5.25$ [ $sepal_length \ge 5.25$ [ $sepal_length \ge 5.25$ [ $sepal_length \ge 5.25$ [ $class$ [ $0$ ] ] [ $class$ [ $0$ ] ] ] [ $sepal_length \ge 5.25$ [ $class$ [ $0$ ] ] [ $class$ [ $0$ ] ] ] ] [ $sepal_length \ge 5.25$ [ $sepal_length \ge 5.25$ [ $class$ [ $0$ ] ] [ $class$ [ $0$ ] ] ] [ $sepal_length \ge 5.25$ [ $class$ [ $0$ ] ] [ $class$ [ $0$ ] ] ] ] ] [ $sepal_length \ge 5.25$ [ $sepal_length \ge 5.25$ [ $sepal_length \ge 5.25$ [ $class$ [ $0$ ] ] [ $class$ [ $0$ ] ] ] [ $sepal_length \ge 5.25$ [ $class$ [ $0$ ] ] [ $class$ [ $0$ ] ] ] ] [ $sepal_length \ge 5.25$ [ $sepal_length \ge 5.25$ [ $class$ [ $0$ ] ] [ $class$ [ $0$ ] ] ] [ $sepal_length \ge 5.25$ [ $class$ [ $0$ ] ] [ $class$ [ $0$ ] ] ] ] ] ] [ $sepal_width \ge 2.5$ [ $sepal_length \ge 5.25$ [ $sepal_length \ge 5.65$ [ $sepal_length \ge 5.25$ [ $class$ [ $1$ ] ] [ $class$ [ $1$ ] ] ] [ $sepal_length \ge 5.25$ [ $class$ [ $0$ ] ] [ $class$ [ $0$ ] ] ] ] [ $sepal_length \ge 5.25$ [ $sepal_length \ge 5.25$ [ $class$ [ $0$ ] ] [ $class$ [ $0$ ] ] ] [ $sepal_length \ge 5.25$ [ $class$ [ $0$ ] ] [ $class$ [ $1$ ] ] ] ] ] [ $sepal_length \ge 5.25$ [ $sepal_length \ge 5.25$ [ $sepal_length \ge 5.25$ [ $class$ [ $0$ ] ] [ $class$ [ $0$ ] ] ] [ $sepal_length \ge 5.25$ [ $class$ [ $0$ ] ] [ $class$ [ $0$ ] ] ] ] [ $sepal_length \ge 5.25$ [ $sepal_length \ge 5.25$ [ $class$ [ $0$ ] ] [ $class$ [ $0$ ] ] ] [ $sepal_length \ge 5.25$ [ $class$ [ $0$ ] ] [ $class$ [ $0$ ] ] ] ] ] ] ]
NA,7,4,26,0.23954763123765588,6,32,63,100.0,68.53146853146853,[ $sepal_length \ge 5.25$ [ $petal_width \ge 2.45$ [ $sepal_length \ge 5.25$ [ $sepal_length \ge 5.25$ [ $sepal_length \ge 5.25$ [ $class$ [ $0$ ] ] [ $class$ [ $0$ ] ] ] [ $sepal_length \ge 5.25$ [ $class$ [ $0$ ] ] [ $class$ [ $0$ ] ] ] ] [ $sepal_length \ge 5.25$ [ $sepal_length \ge 5.25$ [ $class$ [ $1$ ] ] [ $class$ [ $0$ ] ] ] [ $sepal_length \ge 5.25$ [ $class$ [ $0$ ] ] [ $class$ [ $0$ ] ] ] ] ] [ $sepal_length \ge 5.25$ [ $sepal_length \ge 5.25$ [ $sepal_length \ge 5.25$ [ $class$ [ $0$ ] ] [ $class$ [ $0$ ] ] ] [ $sepal_length \ge 5.25$ [ $class$ [ $0$ ] ] [ $class$ [ $0$ ] ] ] ] [ $sepal_length \ge 5.25$ [ $sepal_length \ge 5.25$ [ $class$ [ $0$ ] ] [ $class$ [ $0$ ] ] ] [ $sepal_length \ge 5.25$ [ $class$ [ $0$ ] ] [ $class$ [ $0$ ] ] ] ] ] ] [ $sepal_length \ge 5.25$ [ $sepal_length \ge 5.25$ [ $sepal_length \ge 5.25$ [ $sepal_length \ge 5.25$ [ $class$ [ $0$ ] ] [ $class$ [ $0$ ] ] ] [ $sepal_length \ge 5.25$ [ $class$ [ $0$ ] ] [ $class$ [ $0$ ] ] ] ] [ $sepal_length \ge 5.25$ [ $sepal_length \ge 5.25$ [ $class$ [ $0$ ] ] [ $class$ [ $0$ ] ] ] [ $sepal_length \ge 5.25$ [ $class$ [ $0$ ] ] [ $class$ [ $0$ ] ] ] ] ] [ $sepal_length \ge 5.25$ [ $petal_length \ge 5.55$ [ $sepal_length \ge 5.25$ [ $class$ [ $1$ ] ] [ $class$ [ $0$ ] ] ] [ $sepal_length \ge 5.25$ [ $class$ [ $0$ ] ] [ $class$ [ $0$ ] ] ] ] [ $sepal_length \ge 5.25$ [ $sepal_length \ge 5.25$ [ $class$ [ $1$ ] ] [ $class$ [ $0$ ] ] ] [ $sepal_width \ge 2.5$ [ $class$ [ $1$ ] ] [ $class$ [ $0$ ] ] ] ] ] ] ]
NA,8,4,30,0.5159368272870779,6,32,63,100.0,69.71830985915493,[ $sepal_length \ge 5.9$ [ $sepal_length \ge 5.25$ [ $sepal_length \ge 5.25$ [ $sepal_length \ge 5.25$ [ $sepal_length \ge 5.25$ [ $class$ [ $0$ ] ] [ $class$ [ $1$ ] ] ] [ $sepal_length \ge 5.25$ [ $class$ [ $0$ ] ] [ $class$ [ $0$ ] ] ] ] [ $sepal_length \ge 5.25$ [ $sepal_length \ge 5.25$ [ $class$ [ $0$ ] ] [ $class$ [ $0$ ] ] ] [ $sepal_length \ge 5.25$ [ $class$ [ $0$ ] ] [ $class$ [ $0$ ] ] ] ] ] [ $sepal_length \ge 5.25$ [ $sepal_length \ge 5.25$ [ $sepal_length \ge 5.25$ [ $class$ [ $0$ ] ] [ $class$ [ $0$ ] ] ] [ $sepal_length \ge 5.25$ [ $class$ [ $1$ ] ] [ $class$ [ $0$ ] ] ] ] [ $sepal_length \ge 5.25$ [ $sepal_length \ge 5.25$ [ $class$ [ $0$ ] ] [ $class$ [ $0$ ] ] ] [ $sepal_length \ge 5.25$ [ $class$ [ $0$ ] ] [ $class$ [ $0$ ] ] ] ] ] ] [ $sepal_length \ge 5.25$ [ $sepal_length \ge 5.25$ [ $sepal_length \ge 5.25$ [ $sepal_length \ge 5.25$ [ $class$ [ $0$ ] ] [ $class$ [ $0$ ] ] ] [ $sepal_length \ge 5.25$ [ $class$ [ $0$ ] ] [ $class$ [ $0$ ] ] ] ] [ $sepal_length \ge 5.25$ [ $sepal_length \ge 5.25$ [ $class$ [ $0$ ] ] [ $class$ [ $0$ ] ] ] [ $sepal_length \ge 5.25$ [ $class$ [ $0$ ] ] [ $class$ [ $0$ ] ] ] ] ] [ $sepal_length \ge 5.25$ [ $sepal_length \ge 5.25$ [ $sepal_length \ge 5.25$ [ $class$ [ $0$ ] ] [ $class$ [ $0$ ] ] ] [ $sepal_length \ge 5.25$ [ $class$ [ $0$ ] ] [ $class$ [ $0$ ] ] ] ] [ $sepal_length \ge 5.25$ [ $sepal_length \ge 5.25$ [ $class$ [ $0$ ] ] [ $class$ [ $0$ ] ] ] [ $petal_length \ge 5.55$ [ $class$ [ $1$ ] ] [ $class$ [ $0$ ] ] ] ] ] ] ]
NA,9,4,33,0.4375543538480997,6,32,63,100.0,82.26950354609929,[ $sepal_length \ge 5.25$ [ $sepal_length \ge 5.25$ [ $sepal_length \ge 5.25$ [ $sepal_length \ge 5.25$ [ $sepal_length \ge 5.25$ [ $class$ [ $0$ ] ] [ $class$ [ $0$ ] ] ] [ $sepal_length \ge 5.25$ [ $class$ [ $0$ ] ] [ $class$ [ $1$ ] ] ] ] [ $sepal_length \ge 5.25$ [ $sepal_length \ge 5.25$ [ $class$ [ $0$ ] ] [ $class$ [ $0$ ] ] ] [ $sepal_length \ge 5.25$ [ $class$ [ $0$ ] ] [ $class$ [ $0$ ] ] ] ] ] [ $sepal_length \ge 5.25$ [ $sepal_length \ge 5.25$ [ $sepal_length \ge 5.25$ [ $class$ [ $0$ ] ] [ $class$ [ $0$ ] ] ] [ $sepal_length \ge 5.25$ [ $class$ [ $0$ ] ] [ $class$ [ $0$ ] ] ] ] [ $sepal_length \ge 5.25$ [ $sepal_length \ge 5.25$ [ $class$ [ $0$ ] ] [ $class$ [ $0$ ] ] ] [ $sepal_length \ge 5.25$ [ $class$ [ $0$ ] ] [ $class$ [ $0$ ] ] ] ] ] ] [ $sepal_length \ge 5.25$ [ $sepal_length \ge 5.25$ [ $sepal_length \ge 5.25$ [ $sepal_length \ge 5.25$ [ $class$ [ $0$ ] ] [ $class$ [ $0$ ] ] ] [ $sepal_length \ge 5.25$ [ $class$ [ $0$ ] ] [ $class$ [ $0$ ] ] ] ] [ $sepal_length \ge 5.25$ [ $sepal_length \ge 5.25$ [ $class$ [ $0$ ] ] [ $class$ [ $0$ ] ] ] [ $sepal_length \ge 5.25$ [ $class$ [ $0$ ] ] [ $class$ [ $0$ ] ] ] ] ] [ $sepal_length \ge 5.65$ [ $sepal_length \ge 5.25$ [ $sepal_length \ge 5.25$ [ $class$ [ $0$ ] ] [ $class$ [ $0$ ] ] ] [ $sepal_length \ge 5.25$ [ $class$ [ $0$ ] ] [ $class$ [ $0$ ] ] ] ] [ $sepal_length \ge 5.25$ [ $sepal_length \ge 5.25$ [ $class$ [ $0$ ] ] [ $class$ [ $0$ ] ] ] [ $petal_length \ge 4.949999999999999$ [ $class$ [ $1$ ] ] [ $class$ [ $0$ ] ] ] ] ] ] ]
NA,10,4,35,0.5341578340157866,6,32,63,100.0,82.14285714285714,[ $sepal_length \ge 5.25$ [ $sepal_length \ge 5.25$ [ $sepal_length \ge 5.25$ [ $sepal_length \ge 5.25$ [ $petal_width \ge 2.45$ [ $class$ [ $0$ ] ] [ $class$ [ $1$ ] ] ] [ $petal_length \ge 4.949999999999999$ [ $class$ [ $1$ ] ] [ $class$ [ $0$ ] ] ] ] [ $sepal_length \ge 5.25$ [ $sepal_length \ge 5.25$ [ $class$ [ $0$ ] ] [ $class$ [ $0$ ] ] ] [ $petal_width \ge 2.45$ [ $class$ [ $0$ ] ] [ $class$ [ $0$ ] ] ] ] ] [ $sepal_length \ge 5.25$ [ $sepal_length \ge 5.25$ [ $sepal_length \ge 5.25$ [ $class$ [ $0$ ] ] [ $class$ [ $0$ ] ] ] [ $sepal_length \ge 5.25$ [ $class$ [ $0$ ] ] [ $class$ [ $0$ ] ] ] ] [ $petal_width \ge 2.45$ [ $sepal_length \ge 5.25$ [ $class$ [ $0$ ] ] [ $class$ [ $1$ ] ] ] [ $sepal_length \ge 5.25$ [ $class$ [ $0$ ] ] [ $class$ [ $0$ ] ] ] ] ] ] [ $petal_width \ge 2.45$ [ $sepal_length \ge 5.65$ [ $sepal_length \ge 5.25$ [ $sepal_length \ge 5.25$ [ $class$ [ $0$ ] ] [ $class$ [ $0$ ] ] ] [ $sepal_length \ge 5.25$ [ $class$ [ $0$ ] ] [ $class$ [ $0$ ] ] ] ] [ $petal_length \ge 4.949999999999999$ [ $petal_length \ge 4.949999999999999$ [ $class$ [ $1$ ] ] [ $class$ [ $0$ ] ] ] [ $sepal_length \ge 5.25$ [ $class$ [ $0$ ] ] [ $class$ [ $0$ ] ] ] ] ] [ $sepal_length \ge 5.25$ [ $sepal_length \ge 5.25$ [ $sepal_length \ge 5.25$ [ $class$ [ $0$ ] ] [ $class$ [ $0$ ] ] ] [ $sepal_length \ge 5.25$ [ $class$ [ $0$ ] ] [ $class$ [ $0$ ] ] ] ] [ $sepal_length \ge 5.25$ [ $sepal_length \ge 5.25$ [ $class$ [ $0$ ] ] [ $class$ [ $0$ ] ] ] [ $petal_width \ge 2.45$ [ $class$ [ $0$ ] ] [ $class$ [ $0$ ] ] ] ] ] ] ]
NA,11,4,37,0.348841005936265,6,32,63,100.0,82.01438848920863,[ $sepal_length \ge 5.65$ [ $petal_width \ge 2.45$ [ $sepal_length \ge 5.25$ [ $sepal_length \ge 5.25$ [ $sepal_length \ge 5.25$ [ $class$ [ $0$ ] ] [ $class$ [ $0$ ] ] ] [ $sepal_length \ge 5.25$ [ $class$ [ $1$ ] ] [ $class$ [ $0$ ] ] ] ] [ $sepal_length \ge 5.25$ [ $sepal_length \ge 5.25$ [ $class$ [ $0$ ] ] [ $class$ [ $0$ ] ] ] [ $sepal_length \ge 5.25$ [ $class$ [ $0$ ] ] [ $class$ [ $0$ ] ] ] ] ] [ $sepal_length \ge 5.25$ [ $sepal_length \ge 5.25$ [ $sepal_length \ge 5.25$ [ $class$ [ $0$ ] ] [ $class$ [ $0$ ] ] ] [ $sepal_length \ge 5.25$ [ $class$ [ $0$ ] ] [ $class$ [ $1$ ] ] ] ] [ $petal_length \ge 4.949999999999999$ [ $petal_length \ge 4.949999999999999$ [ $class$ [ $0$ ] ] [ $class$ [ $0$ ] ] ] [ $sepal_length \ge 5.25$ [ $class$ [ $0$ ] ] [ $class$ [ $0$ ] ] ] ] ] ] [ $petal_width \ge 2.45$ [ $petal_width \ge 2.45$ [ $petal_length \ge 4.949999999999999$ [ $petal_length \ge 4.949999999999999$ [ $class$ [ $1$ ] ] [ $class$ [ $0$ ] ] ] [ $sepal_length \ge 5.25$ [ $class$ [ $0$ ] ] [ $class$ [ $0$ ] ] ] ] [ $petal_length \ge 4.949999999999999$ [ $sepal_length \ge 5.25$ [ $class$ [ $1$ ] ] [ $class$ [ $0$ ] ] ] [ $sepal_length \ge 5.25$ [ $class$ [ $0$ ] ] [ $class$ [ $0$ ] ] ] ] ] [ $sepal_length \ge 5.25$ [ $sepal_length \ge 5.25$ [ $sepal_length \ge 5.25$ [ $class$ [ $0$ ] ] [ $class$ [ $0$ ] ] ] [ $sepal_length \ge 5.25$ [ $class$ [ $0$ ] ] [ $class$ [ $0$ ] ] ] ] [ $sepal_length \ge 5.25$ [ $sepal_length \ge 5.25$ [ $class$ [ $0$ ] ] [ $class$ [ $0$ ] ] ] [ $sepal_length \ge 5.25$ [ $class$ [ $0$ ] ] [ $class$ [ $0$ ] ] ] ] ] ] ]
NA,12,4,40,0.6401430168189108,6,32,63,100.0,72.46376811594203,[ $petal_width \ge 2.45$ [ $sepal_length \ge 5.9$ [ $sepal_length \ge 5.25$ [ $sepal_length \ge 5.25$ [ $sepal_length \ge 5.25$ [ $class$ [ $0$ ] ] [ $class$ [ $0$ ] ] ] [ $sepal_length \ge 5.25$ [ $class$ [ $0$ ] ] [ $class$ [ $0$ ] ] ] ] [ $petal_width \ge 2.45$ [ $petal_width \ge 2.45$ [ $class$ [ $0$ ] ] [ $class$ [ $0$ ] ] ] [ $sepal_length \ge 5.25$ [ $class$ [ $0$ ] ] [ $class$ [ $0$ ] ] ] ] ] [ $sepal_length \ge 5.25$ [ $sepal_length \ge 5.65$ [ $sepal_length \ge 5.25$ [ $class$ [ $0$ ] ] [ $class$ [ $1$ ] ] ] [ $sepal_length \ge 5.25$ [ $class$ [ $0$ ] ] [ $class$ [ $0$ ] ] ] ] [ $petal_length \ge 5.35$ [ $sepal_length \ge 5.65$ [ $class$ [ $1$ ] ] [ $class$ [ $1$ ] ] ] [ $sepal_length \ge 5.25$ [ $class$ [ $0$ ] ] [ $class$ [ $0$ ] ] ] ] ] ] [ $sepal_length \ge 6.550000000000001$ [ $sepal_length \ge 5.25$ [ $sepal_length \ge 5.25$ [ $sepal_length \ge 5.25$ [ $class$ [ $0$ ] ] [ $class$ [ $0$ ] ] ] [ $sepal_length \ge 5.25$ [ $class$ [ $0$ ] ] [ $class$ [ $0$ ] ] ] ] [ $sepal_length \ge 6.550000000000001$ [ $sepal_length \ge 5.25$ [ $class$ [ $0$ ] ] [ $class$ [ $0$ ] ] ] [ $sepal_length \ge 5.25$ [ $class$ [ $0$ ] ] [ $class$ [ $1$ ] ] ] ] ] [ $sepal_length \ge 5.25$ [ $sepal_length \ge 5.25$ [ $sepal_length \ge 5.25$ [ $class$ [ $0$ ] ] [ $class$ [ $0$ ] ] ] [ $sepal_length \ge 5.25$ [ $class$ [ $0$ ] ] [ $class$ [ $0$ ] ] ] ] [ $sepal_length \ge 5.25$ [ $sepal_length \ge 5.25$ [ $class$ [ $0$ ] ] [ $class$ [ $0$ ] ] ] [ $sepal_length \ge 5.25$ [ $class$ [ $0$ ] ] [ $class$ [ $0$ ] ] ] ] ] ] ]
NA,13,4,41,0.8690054211765528,6,32,63,100.0,81.75182481751825,[ $sepal_length \ge 5.25$ [ $sepal_length \ge 5.25$ [ $sepal_length \ge 5.25$ [ $sepal_length \ge 5.25$ [ $sepal_length \ge 5.25$ [ $class$ [ $0$ ] ] [ $class$ [ $1$ ] ] ] [ $sepal_length \ge 5.25$ [ $class$ [ $1$ ] ] [ $class$ [ $1$ ] ] ] ] [ $sepal_length \ge 5.25$ [ $sepal_length \ge 5.25$ [ $class$ [ $0$ ] ] [ $class$ [ $0$ ] ] ] [ $sepal_length \ge 5.25$ [ $class$ [ $0$ ] ] [ $class$ [ $0$ ] ] ] ] ] [ $sepal_length \ge 5.25$ [ $sepal_length \ge 5.25$ [ $sepal_length \ge 5.25$ [ $class$ [ $0$ ] ] [ $class$ [ $0$ ] ] ] [ $sepal_length \ge 5.25$ [ $class$ [ $0$ ] ] [ $class$ [ $0$ ] ] ] ] [ $sepal_length \ge 5.25$ [ $sepal_length \ge 5.25$ [ $class$ [ $0$ ] ] [ $class$ [ $0$ ] ] ] [ $sepal_length \ge 5.25$ [ $class$ [ $0$ ] ] [ $class$ [ $0$ ] ] ] ] ] ] [ $sepal_length \ge 5.65$ [ $sepal_length \ge 5.25$ [ $sepal_length \ge 5.25$ [ $sepal_length \ge 5.25$ [ $class$ [ $0$ ] ] [ $class$ [ $1$ ] ] ] [ $sepal_length \ge 5.25$ [ $class$ [ $0$ ] ] [ $class$ [ $0$ ] ] ] ] [ $sepal_length \ge 5.25$ [ $sepal_length \ge 5.25$ [ $class$ [ $0$ ] ] [ $class$ [ $0$ ] ] ] [ $sepal_length \ge 5.25$ [ $class$ [ $0$ ] ] [ $class$ [ $0$ ] ] ] ] ] [ $petal_width \ge 2.45$ [ $petal_width \ge 2.45$ [ $petal_length \ge 4.949999999999999$ [ $class$ [ $1$ ] ] [ $class$ [ $0$ ] ] ] [ $sepal_length \ge 5.25$ [ $class$ [ $0$ ] ] [ $class$ [ $0$ ] ] ] ] [ $petal_width \ge 2.45$ [ $sepal_length \ge 5.25$ [ $class$ [ $0$ ] ] [ $class$ [ $1$ ] ] ] [ $sepal_length \ge 5.25$ [ $class$ [ $0$ ] ] [ $class$ [ $0$ ] ] ] ] ] ] ]
NA,14,4,43,0.550045448821038,6,32,63,100.0,72.05882352941177,[ $sepal_length \ge 5.25$ [ $sepal_length \ge 5.25$ [ $sepal_length \ge 5.25$ [ $sepal_length \ge 5.25$ [ $sepal_length \ge 5.25$ [ $class$ [ $0$ ] ] [ $class$ [ $0$ ] ] ] [ $sepal_length \ge 5.25$ [ $class$ [ $0$ ] ] [ $class$ [ $0$ ] ] ] ] [ $sepal_length \ge 5.25$ [ $sepal_length \ge 5.25$ [ $class$ [ $0$ ] ] [ $class$ [ $0$ ] ] ] [ $sepal_length \ge 5.25$ [ $class$ [ $0$ ] ] [ $class$ [ $0$ ] ] ] ] ] [ $sepal_length \ge 5.25$ [ $sepal_length \ge 5.25$ [ $sepal_length \ge 5.25$ [ $class$ [ $0$ ] ] [ $class$ [ $0$ ] ] ] [ $sepal_length \ge 5.25$ [ $class$ [ $0$ ] ] [ $class$ [ $1$ ] ] ] ] [ $sepal_length \ge 5.25$ [ $sepal_length \ge 5.25$ [ $class$ [ $0$ ] ] [ $class$ [ $0$ ] ] ] [ $sepal_length \ge 5.25$ [ $class$ [ $0$ ] ] [ $class$ [ $0$ ] ] ] ] ] ] [ $petal_length \ge 5.35$ [ $sepal_length \ge 5.25$ [ $sepal_length \ge 5.25$ [ $sepal_length \ge 5.25$ [ $class$ [ $0$ ] ] [ $class$ [ $0$ ] ] ] [ $sepal_length \ge 5.25$ [ $class$ [ $0$ ] ] [ $class$ [ $0$ ] ] ] ] [ $petal_width \ge 0.65$ [ $sepal_length \ge 5.25$ [ $class$ [ $1$ ] ] [ $class$ [ $0$ ] ] ] [ $sepal_length \ge 5.9$ [ $class$ [ $0$ ] ] [ $class$ [ $1$ ] ] ] ] ] [ $sepal_length \ge 5.25$ [ $sepal_length \ge 5.25$ [ $sepal_length \ge 5.25$ [ $class$ [ $0$ ] ] [ $class$ [ $0$ ] ] ] [ $sepal_length \ge 5.25$ [ $class$ [ $0$ ] ] [ $class$ [ $1$ ] ] ] ] [ $sepal_length \ge 5.25$ [ $sepal_length \ge 5.25$ [ $class$ [ $1$ ] ] [ $class$ [ $0$ ] ] ] [ $petal_width \ge 0.65$ [ $class$ [ $1$ ] ] [ $class$ [ $0$ ] ] ] ] ] ] ]
NA,15,4,43,0.7675292300991714,6,32,63,100.0,71.85185185185186,[ $sepal_length \ge 5.9$ [ $sepal_length \ge 5.25$ [ $sepal_length \ge 5.25$ [ $sepal_length \ge 5.25$ [ $sepal_length \ge 5.25$ [ $class$ [ $0$ ] ] [ $class$ [ $0$ ] ] ] [ $sepal_length \ge 5.25$ [ $class$ [ $0$ ] ] [ $class$ [ $0$ ] ] ] ] [ $sepal_length \ge 5.25$ [ $sepal_length \ge 5.25$ [ $class$ [ $1$ ] ] [ $class$ [ $0$ ] ] ] [ $sepal_length \ge 5.25$ [ $class$ [ $0$ ] ] [ $class$ [ $0$ ] ] ] ] ] [ $sepal_length \ge 5.25$ [ $sepal_length \ge 5.25$ [ $sepal_length \ge 5.25$ [ $class$ [ $0$ ] ] [ $class$ [ $1$ ] ] ] [ $sepal_length \ge 5.25$ [ $class$ [ $1$ ] ] [ $class$ [ $0$ ] ] ] ] [ $sepal_length \ge 5.25$ [ $sepal_length \ge 5.25$ [ $class$ [ $0$ ] ] [ $class$ [ $0$ ] ] ] [ $sepal_length \ge 5.25$ [ $class$ [ $0$ ] ] [ $class$ [ $0$ ] ] ] ] ] ] [ $petal_width \ge 2.45$ [ $sepal_length \ge 5.25$ [ $sepal_length \ge 5.25$ [ $sepal_length \ge 5.25$ [ $class$ [ $0$ ] ] [ $class$ [ $0$ ] ] ] [ $sepal_length \ge 5.25$ [ $class$ [ $0$ ] ] [ $class$ [ $0$ ] ] ] ] [ $sepal_length \ge 5.25$ [ $sepal_length \ge 5.25$ [ $class$ [ $0$ ] ] [ $class$ [ $0$ ] ] ] [ $petal_length \ge 5.35$ [ $class$ [ $1$ ] ] [ $class$ [ $0$ ] ] ] ] ] [ $petal_length \ge 6.15$ [ $sepal_length \ge 5.25$ [ $sepal_length \ge 5.25$ [ $class$ [ $0$ ] ] [ $class$ [ $0$ ] ] ] [ $sepal_width \ge 3.3499999999999996$ [ $class$ [ $0$ ] ] [ $class$ [ $0$ ] ] ] ] [ $sepal_length \ge 5.25$ [ $sepal_length \ge 5.25$ [ $class$ [ $1$ ] ] [ $class$ [ $0$ ] ] ] [ $sepal_length \ge 5.25$ [ $class$ [ $0$ ] ] [ $class$ [ $0$ ] ] ] ] ] ] ]
NA,16,4,45,0.9234224399551749,6,32,63,100.0,71.64179104477611,[ $petal_width \ge 2.45$ [ $sepal_length \ge 4.95$ [ $sepal_length \ge 5.25$ [ $sepal_length \ge 4.95$ [ $sepal_length \ge 4.95$ [ $class$ [ $0$ ] ] [ $class$ [ $1$ ] ] ] [ $sepal_length \ge 4.95$ [ $class$ [ $0$ ] ] [ $class$ [ $0$ ] ] ] ] [ $sepal_length \ge 4.95$ [ $sepal_length \ge 4.95$ [ $class$ [ $0$ ] ] [ $class$ [ $0$ ] ] ] [ $sepal_length \ge 4.95$ [ $class$ [ $0$ ] ] [ $class$ [ $0$ ] ] ] ] ] [ $sepal_length \ge 5.25$ [ $petal_length \ge 4.75$ [ $sepal_length \ge 5.25$ [ $class$ [ $0$ ] ] [ $class$ [ $1$ ] ] ] [ $petal_width \ge 2.45$ [ $class$ [ $0$ ] ] [ $class$ [ $0$ ] ] ] ] [ $petal_length \ge 5.35$ [ $sepal_length \ge 5.9$ [ $class$ [ $0$ ] ] [ $class$ [ $1$ ] ] ] [ $sepal_length \ge 4.95$ [ $class$ [ $0$ ] ] [ $class$ [ $0$ ] ] ] ] ] ] [ $sepal_length \ge 4.95$ [ $sepal_length \ge 4.95$ [ $sepal_length \ge 4.95$ [ $sepal_length \ge 4.95$ [ $class$ [ $0$ ] ] [ $class$ [ $0$ ] ] ] [ $sepal_length \ge 4.95$ [ $class$ [ $1$ ] ] [ $class$ [ $0$ ] ] ] ] [ $sepal_length \ge 4.95$ [ $sepal_length \ge 4.95$ [ $class$ [ $0$ ] ] [ $class$ [ $0$ ] ] ] [ $sepal_length \ge 4.95$ [ $class$ [ $0$ ] ] [ $class$ [ $0$ ] ] ] ] ] [ $sepal_length \ge 4.95$ [ $sepal_length \ge 4.95$ [ $sepal_length \ge 4.95$ [ $class$ [ $1$ ] ] [ $class$ [ $0$ ] ] ] [ $sepal_length \ge 4.95$ [ $class$ [ $0$ ] ] [ $class$ [ $0$ ] ] ] ] [ $sepal_length \ge 4.95$ [ $sepal_length \ge 4.95$ [ $class$ [ $0$ ] ] [ $class$ [ $0$ ] ] ] [ $sepal_length \ge 4.95$ [ $class$ [ $0$ ] ] [ $class$ [ $0$ ] ] ] ] ] ] ]
NA,17,4,45,0.6379340849816799,6,32,63,100.0,81.203007518797,[ $petal_length \ge 4.949999999999999$ [ $sepal_length \ge 4.95$ [ $sepal_length \ge 4.95$ [ $sepal_length \ge 4.95$ [ $sepal_length \ge 4.95$ [ $class$ [ $0$ ] ] [ $class$ [ $1$ ] ] ] [ $sepal_length \ge 4.95$ [ $class$ [ $0$ ] ] [ $class$ [ $1$ ] ] ] ] [ $sepal_length \ge 4.95$ [ $sepal_length \ge 4.95$ [ $class$ [ $0$ ] ] [ $class$ [ $0$ ] ] ] [ $sepal_length \ge 4.95$ [ $class$ [ $1$ ] ] [ $class$ [ $1$ ] ] ] ] ] [ $sepal_length \ge 5.65$ [ $sepal_length \ge 4.95$ [ $sepal_length \ge 4.95$ [ $class$ [ $0$ ] ] [ $class$ [ $1$ ] ] ] [ $sepal_length \ge 5.25$ [ $class$ [ $0$ ] ] [ $class$ [ $0$ ] ] ] ] [ $sepal_length \ge 4.95$ [ $sepal_length \ge 4.95$ [ $class$ [ $1$ ] ] [ $class$ [ $1$ ] ] ] [ $sepal_length \ge 4.95$ [ $class$ [ $1$ ] ] [ $class$ [ $1$ ] ] ] ] ] ] [ $sepal_length \ge 4.95$ [ $sepal_length \ge 4.95$ [ $sepal_length \ge 4.95$ [ $sepal_length \ge 4.95$ [ $class$ [ $1$ ] ] [ $class$ [ $0$ ] ] ] [ $sepal_length \ge 4.95$ [ $class$ [ $0$ ] ] [ $class$ [ $0$ ] ] ] ] [ $sepal_length \ge 4.95$ [ $sepal_length \ge 4.95$ [ $class$ [ $0$ ] ] [ $class$ [ $1$ ] ] ] [ $sepal_length \ge 4.95$ [ $class$ [ $0$ ] ] [ $class$ [ $1$ ] ] ] ] ] [ $sepal_length \ge 4.95$ [ $sepal_length \ge 4.95$ [ $sepal_length \ge 4.95$ [ $class$ [ $0$ ] ] [ $class$ [ $1$ ] ] ] [ $sepal_length \ge 4.95$ [ $class$ [ $0$ ] ] [ $class$ [ $1$ ] ] ] ] [ $sepal_length \ge 4.95$ [ $sepal_length \ge 4.95$ [ $class$ [ $0$ ] ] [ $class$ [ $1$ ] ] ] [ $sepal_length \ge 4.95$ [ $class$ [ $1$ ] ] [ $class$ [ $0$ ] ] ] ] ] ] ]
NA,18,4,46,1.1880626040510833,6,32,63,100.0,84.0909090909091,[ $petal_length \ge 4.45$ [ $sepal_length \ge 5.25$ [ $sepal_length \ge 4.95$ [ $sepal_length \ge 4.95$ [ $sepal_length \ge 4.95$ [ $class$ [ $0$ ] ] [ $class$ [ $0$ ] ] ] [ $sepal_length \ge 4.95$ [ $class$ [ $0$ ] ] [ $class$ [ $0$ ] ] ] ] [ $sepal_length \ge 4.95$ [ $sepal_length \ge 4.95$ [ $class$ [ $0$ ] ] [ $class$ [ $0$ ] ] ] [ $sepal_length \ge 4.95$ [ $class$ [ $0$ ] ] [ $class$ [ $0$ ] ] ] ] ] [ $sepal_length \ge 4.95$ [ $sepal_length \ge 4.95$ [ $sepal_length \ge 4.95$ [ $class$ [ $1$ ] ] [ $class$ [ $0$ ] ] ] [ $sepal_length \ge 4.95$ [ $class$ [ $1$ ] ] [ $class$ [ $0$ ] ] ] ] [ $sepal_length \ge 4.95$ [ $sepal_length \ge 4.95$ [ $class$ [ $0$ ] ] [ $class$ [ $0$ ] ] ] [ $sepal_width \ge 2.8499999999999996$ [ $class$ [ $1$ ] ] [ $class$ [ $0$ ] ] ] ] ] ] [ $sepal_length \ge 4.95$ [ $sepal_length \ge 4.95$ [ $sepal_length \ge 4.95$ [ $sepal_length \ge 4.95$ [ $class$ [ $0$ ] ] [ $class$ [ $0$ ] ] ] [ $sepal_length \ge 4.95$ [ $class$ [ $0$ ] ] [ $class$ [ $0$ ] ] ] ] [ $sepal_length \ge 4.95$ [ $sepal_length \ge 4.95$ [ $class$ [ $1$ ] ] [ $class$ [ $0$ ] ] ] [ $sepal_length \ge 4.95$ [ $class$ [ $0$ ] ] [ $class$ [ $0$ ] ] ] ] ] [ $sepal_length \ge 4.95$ [ $sepal_length \ge 4.95$ [ $sepal_length \ge 4.95$ [ $class$ [ $0$ ] ] [ $class$ [ $1$ ] ] ] [ $sepal_length \ge 4.95$ [ $class$ [ $0$ ] ] [ $class$ [ $0$ ] ] ] ] [ $sepal_length \ge 4.95$ [ $sepal_length \ge 4.95$ [ $class$ [ $0$ ] ] [ $class$ [ $0$ ] ] ] [ $petal_length \ge 4.949999999999999$ [ $class$ [ $1$ ] ] [ $class$ [ $0$ ] ] ] ] ] ] ]
NA,19,4,48,1.2434688187204301,6,32,63,100.0,90.83969465648855,[ $sepal_width \ge 3.25$ [ $petal_width \ge 2.45$ [ $petal_length \ge 4.949999999999999$ [ $sepal_length \ge 4.95$ [ $petal_width \ge 2.45$ [ $class$ [ $0$ ] ] [ $class$ [ $1$ ] ] ] [ $sepal_length \ge 4.85$ [ $class$ [ $0$ ] ] [ $class$ [ $1$ ] ] ] ] [ $sepal_length \ge 4.95$ [ $petal_width \ge 2.45$ [ $class$ [ $0$ ] ] [ $class$ [ $0$ ] ] ] [ $sepal_length \ge 5.25$ [ $class$ [ $0$ ] ] [ $class$ [ $0$ ] ] ] ] ] [ $sepal_length \ge 4.85$ [ $sepal_length \ge 4.85$ [ $sepal_length \ge 4.85$ [ $class$ [ $0$ ] ] [ $class$ [ $0$ ] ] ] [ $sepal_length \ge 4.85$ [ $class$ [ $0$ ] ] [ $class$ [ $1$ ] ] ] ] [ $sepal_length \ge 4.85$ [ $sepal_length \ge 4.85$ [ $class$ [ $0$ ] ] [ $class$ [ $0$ ] ] ] [ $sepal_length \ge 4.85$ [ $class$ [ $0$ ] ] [ $class$ [ $0$ ] ] ] ] ] ] [ $sepal_length \ge 4.85$ [ $sepal_length \ge 4.85$ [ $sepal_length \ge 4.85$ [ $sepal_length \ge 4.85$ [ $class$ [ $0$ ] ] [ $class$ [ $1$ ] ] ] [ $sepal_length \ge 4.85$ [ $class$ [ $0$ ] ] [ $class$ [ $0$ ] ] ] ] [ $sepal_length \ge 4.85$ [ $sepal_length \ge 4.85$ [ $class$ [ $1$ ] ] [ $class$ [ $0$ ] ] ] [ $sepal_length \ge 4.85$ [ $class$ [ $0$ ] ] [ $class$ [ $0$ ] ] ] ] ] [ $sepal_length \ge 4.85$ [ $sepal_length \ge 4.85$ [ $sepal_length \ge 4.85$ [ $class$ [ $0$ ] ] [ $class$ [ $0$ ] ] ] [ $sepal_length \ge 4.85$ [ $class$ [ $0$ ] ] [ $class$ [ $0$ ] ] ] ] [ $sepal_length \ge 4.85$ [ $sepal_length \ge 4.85$ [ $class$ [ $0$ ] ] [ $class$ [ $0$ ] ] ] [ $sepal_length \ge 4.85$ [ $class$ [ $0$ ] ] [ $class$ [ $0$ ] ] ] ] ] ] ]
NA,20,4,51,1.2437540288083255,6,32,63,100.0,90.0,[ $petal_width \ge 2.45$ [ $petal_width \ge 2.45$ [ $sepal_length \ge 5.45$ [ $sepal_length \ge 5.65$ [ $sepal_length \ge 5.65$ [ $class$ [ $0$ ] ] [ $class$ [ $0$ ] ] ] [ $sepal_length \ge 4.85$ [ $class$ [ $0$ ] ] [ $class$ [ $1$ ] ] ] ] [ $petal_width \ge 0.7$ [ $sepal_length \ge 4.85$ [ $class$ [ $1$ ] ] [ $class$ [ $0$ ] ] ] [ $petal_length \ge 4.949999999999999$ [ $class$ [ $1$ ] ] [ $class$ [ $0$ ] ] ] ] ] [ $sepal_length \ge 4.85$ [ $sepal_length \ge 4.85$ [ $sepal_length \ge 4.85$ [ $class$ [ $0$ ] ] [ $class$ [ $1$ ] ] ] [ $sepal_length \ge 4.85$ [ $class$ [ $0$ ] ] [ $class$ [ $0$ ] ] ] ] [ $sepal_length \ge 4.85$ [ $sepal_length \ge 4.85$ [ $class$ [ $0$ ] ] [ $class$ [ $0$ ] ] ] [ $sepal_length \ge 4.85$ [ $class$ [ $0$ ] ] [ $class$ [ $0$ ] ] ] ] ] ] [ $sepal_length \ge 4.85$ [ $sepal_length \ge 4.85$ [ $sepal_length \ge 4.85$ [ $sepal_length \ge 4.85$ [ $class$ [ $0$ ] ] [ $class$ [ $0$ ] ] ] [ $sepal_length \ge 4.85$ [ $class$ [ $0$ ] ] [ $class$ [ $0$ ] ] ] ] [ $sepal_length \ge 4.85$ [ $sepal_length \ge 4.85$ [ $class$ [ $0$ ] ] [ $class$ [ $0$ ] ] ] [ $sepal_length \ge 4.85$ [ $class$ [ $0$ ] ] [ $class$ [ $0$ ] ] ] ] ] [ $petal_width \ge 0.7$ [ $sepal_length \ge 4.85$ [ $sepal_length \ge 4.85$ [ $class$ [ $0$ ] ] [ $class$ [ $0$ ] ] ] [ $sepal_length \ge 4.85$ [ $class$ [ $0$ ] ] [ $class$ [ $1$ ] ] ] ] [ $petal_width \ge 2.1$ [ $sepal_length \ge 4.85$ [ $class$ [ $0$ ] ] [ $class$ [ $0$ ] ] ] [ $sepal_length \ge 4.85$ [ $class$ [ $0$ ] ] [ $class$ [ $0$ ] ] ] ] ] ] ]
NA,22,4,54,1.973323113285005,6,32,63,100.0,90.625,[ $sepal_length \ge 5.45$ [ $sepal_length \ge 4.95$ [ $sepal_length \ge 4.95$ [ $sepal_length \ge 4.95$ [ $petal_width \ge 2.45$ [ $class$ [ $0$ ] ] [ $class$ [ $1$ ] ] ] [ $sepal_length \ge 4.85$ [ $class$ [ $0$ ] ] [ $class$ [ $0$ ] ] ] ] [ $sepal_length \ge 4.85$ [ $sepal_length \ge 4.85$ [ $class$ [ $0$ ] ] [ $class$ [ $0$ ] ] ] [ $sepal_length \ge 4.85$ [ $class$ [ $0$ ] ] [ $class$ [ $1$ ] ] ] ] ] [ $petal_width \ge 1.9$ [ $sepal_length \ge 4.85$ [ $sepal_length \ge 4.85$ [ $class$ [ $1$ ] ] [ $class$ [ $0$ ] ] ] [ $sepal_length \ge 4.85$ [ $class$ [ $0$ ] ] [ $class$ [ $0$ ] ] ] ] [ $sepal_length \ge 4.85$ [ $sepal_length \ge 4.85$ [ $class$ [ $0$ ] ] [ $class$ [ $0$ ] ] ] [ $sepal_length \ge 4.85$ [ $class$ [ $0$ ] ] [ $class$ [ $0$ ] ] ] ] ] ] [ $sepal_length \ge 4.85$ [ $sepal_length \ge 4.85$ [ $sepal_length \ge 4.85$ [ $sepal_length \ge 4.85$ [ $class$ [ $0$ ] ] [ $class$ [ $0$ ] ] ] [ $sepal_length \ge 4.85$ [ $class$ [ $0$ ] ] [ $class$ [ $0$ ] ] ] ] [ $sepal_length \ge 4.85$ [ $sepal_length \ge 4.85$ [ $class$ [ $1$ ] ] [ $class$ [ $0$ ] ] ] [ $sepal_length \ge 4.85$ [ $class$ [ $0$ ] ] [ $class$ [ $0$ ] ] ] ] ] [ $petal_length \ge 2.75$ [ $sepal_length \ge 4.95$ [ $sepal_length \ge 4.85$ [ $class$ [ $0$ ] ] [ $class$ [ $0$ ] ] ] [ $sepal_length \ge 4.95$ [ $class$ [ $0$ ] ] [ $class$ [ $0$ ] ] ] ] [ $sepal_length \ge 4.85$ [ $sepal_length \ge 4.85$ [ $class$ [ $0$ ] ] [ $class$ [ $0$ ] ] ] [ $petal_length \ge 4.85$ [ $class$ [ $1$ ] ] [ $class$ [ $0$ ] ] ] ] ] ] ]
NA,24,4,56,2.0397435380145907,6,32,63,100.0,94.44444444444444,[ $sepal_length \ge 4.6$ [ $sepal_length \ge 5.2$ [ $sepal_length \ge 4.6$ [ $sepal_length \ge 4.6$ [ $sepal_length \ge 4.6$ [ $class$ [ $0$ ] ] [ $class$ [ $0$ ] ] ] [ $sepal_length \ge 4.6$ [ $class$ [ $0$ ] ] [ $class$ [ $0$ ] ] ] ] [ $sepal_length \ge 4.6$ [ $sepal_length \ge 4.6$ [ $class$ [ $0$ ] ] [ $class$ [ $0$ ] ] ] [ $sepal_length \ge 4.6$ [ $class$ [ $0$ ] ] [ $class$ [ $1$ ] ] ] ] ] [ $sepal_length \ge 4.6$ [ $sepal_length \ge 4.6$ [ $sepal_length \ge 4.6$ [ $class$ [ $0$ ] ] [ $class$ [ $0$ ] ] ] [ $sepal_length \ge 4.6$ [ $class$ [ $0$ ] ] [ $class$ [ $0$ ] ] ] ] [ $sepal_length \ge 4.6$ [ $sepal_length \ge 4.6$ [ $class$ [ $0$ ] ] [ $class$ [ $0$ ] ] ] [ $sepal_length \ge 4.6$ [ $class$ [ $0$ ] ] [ $class$ [ $0$ ] ] ] ] ] ] [ $sepal_length \ge 4.6$ [ $sepal_length \ge 4.6$ [ $sepal_length \ge 4.6$ [ $sepal_length \ge 4.6$ [ $class$ [ $0$ ] ] [ $class$ [ $0$ ] ] ] [ $sepal_length \ge 4.6$ [ $class$ [ $0$ ] ] [ $class$ [ $0$ ] ] ] ] [ $sepal_length \ge 4.6$ [ $sepal_length \ge 4.6$ [ $class$ [ $0$ ] ] [ $class$ [ $0$ ] ] ] [ $sepal_length \ge 4.6$ [ $class$ [ $0$ ] ] [ $class$ [ $0$ ] ] ] ] ] [ $petal_length \ge 4.85$ [ $petal_width \ge 2.45$ [ $petal_length \ge 2.95$ [ $class$ [ $0$ ] ] [ $class$ [ $1$ ] ] ] [ $sepal_length \ge 4.6$ [ $class$ [ $0$ ] ] [ $class$ [ $0$ ] ] ] ] [ $sepal_length \ge 4.85$ [ $sepal_length \ge 4.6$ [ $class$ [ $0$ ] ] [ $class$ [ $0$ ] ] ] [ $sepal_length \ge 4.6$ [ $class$ [ $0$ ] ] [ $class$ [ $0$ ] ] ] ] ] ] ]
NA,26,4,60,2.2871617693454027,6,32,63,100.0,91.12903225806451,[ $petal_width \ge 2.2$ [ $petal_width \ge 1.65$ [ $sepal_length \ge 5.2$ [ $petal_width \ge 2.45$ [ $sepal_length \ge 4.5$ [ $class$ [ $0$ ] ] [ $class$ [ $0$ ] ] ] [ $sepal_length \ge 4.5$ [ $class$ [ $0$ ] ] [ $class$ [ $1$ ] ] ] ] [ $petal_length \ge 4.85$ [ $sepal_width \ge 3.25$ [ $class$ [ $1$ ] ] [ $class$ [ $0$ ] ] ] [ $sepal_length \ge 4.5$ [ $class$ [ $0$ ] ] [ $class$ [ $0$ ] ] ] ] ] [ $sepal_length \ge 4.5$ [ $sepal_length \ge 4.5$ [ $sepal_length \ge 4.5$ [ $class$ [ $0$ ] ] [ $class$ [ $0$ ] ] ] [ $sepal_length \ge 4.5$ [ $class$ [ $0$ ] ] [ $class$ [ $1$ ] ] ] ] [ $sepal_length \ge 4.5$ [ $sepal_length \ge 4.5$ [ $class$ [ $0$ ] ] [ $class$ [ $0$ ] ] ] [ $sepal_length \ge 6.6$ [ $class$ [ $0$ ] ] [ $class$ [ $0$ ] ] ] ] ] ] [ $petal_width \ge 2.45$ [ $sepal_length \ge 4.5$ [ $petal_width \ge 2.45$ [ $petal_width \ge 2.45$ [ $class$ [ $0$ ] ] [ $class$ [ $0$ ] ] ] [ $sepal_length \ge 4.5$ [ $class$ [ $0$ ] ] [ $class$ [ $1$ ] ] ] ] [ $sepal_length \ge 4.5$ [ $sepal_length \ge 4.5$ [ $class$ [ $1$ ] ] [ $class$ [ $0$ ] ] ] [ $sepal_length \ge 4.5$ [ $class$ [ $0$ ] ] [ $class$ [ $0$ ] ] ] ] ] [ $sepal_length \ge 4.5$ [ $sepal_length \ge 4.5$ [ $sepal_length \ge 4.5$ [ $class$ [ $0$ ] ] [ $class$ [ $0$ ] ] ] [ $sepal_length \ge 4.5$ [ $class$ [ $0$ ] ] [ $class$ [ $0$ ] ] ] ] [ $sepal_length \ge 4.5$ [ $sepal_length \ge 4.5$ [ $class$ [ $0$ ] ] [ $class$ [ $0$ ] ] ] [ $sepal_length \ge 4.5$ [ $class$ [ $0$ ] ] [ $class$ [ $0$ ] ] ] ] ] ] ]
NA,28,4,63,2.644375670235604,6,32,63,100.0,72.95081967213115,[ $petal_width \ge 2.45$ [ $sepal_width \ge 2.95$ [ $petal_width \ge 1.65$ [ $petal_length \ge 4.85$ [ $sepal_length \ge 4.5$ [ $class$ [ $0$ ] ] [ $class$ [ $1$ ] ] ] [ $sepal_length \ge 5.45$ [ $class$ [ $0$ ] ] [ $class$ [ $0$ ] ] ] ] [ $sepal_length \ge 4.5$ [ $sepal_length \ge 4.5$ [ $class$ [ $0$ ] ] [ $class$ [ $0$ ] ] ] [ $sepal_length \ge 4.5$ [ $class$ [ $0$ ] ] [ $class$ [ $0$ ] ] ] ] ] [ $sepal_length \ge 4.5$ [ $sepal_length \ge 4.5$ [ $sepal_length \ge 4.5$ [ $class$ [ $0$ ] ] [ $class$ [ $0$ ] ] ] [ $sepal_length \ge 4.5$ [ $class$ [ $0$ ] ] [ $class$ [ $0$ ] ] ] ] [ $sepal_length \ge 5.55$ [ $sepal_length \ge 4.699999999999999$ [ $class$ [ $0$ ] ] [ $class$ [ $0$ ] ] ] [ $sepal_length \ge 4.5$ [ $class$ [ $0$ ] ] [ $class$ [ $1$ ] ] ] ] ] ] [ $sepal_length \ge 4.5$ [ $sepal_length \ge 4.5$ [ $sepal_length \ge 4.5$ [ $sepal_length \ge 4.5$ [ $class$ [ $0$ ] ] [ $class$ [ $0$ ] ] ] [ $sepal_length \ge 4.5$ [ $class$ [ $0$ ] ] [ $class$ [ $0$ ] ] ] ] [ $sepal_length \ge 4.5$ [ $sepal_length \ge 4.5$ [ $class$ [ $1$ ] ] [ $class$ [ $0$ ] ] ] [ $sepal_length \ge 4.5$ [ $class$ [ $0$ ] ] [ $class$ [ $0$ ] ] ] ] ] [ $sepal_length \ge 4.5$ [ $sepal_length \ge 4.5$ [ $sepal_length \ge 4.5$ [ $class$ [ $0$ ] ] [ $class$ [ $0$ ] ] ] [ $sepal_length \ge 4.5$ [ $class$ [ $1$ ] ] [ $class$ [ $0$ ] ] ] ] [ $sepal_length \ge 4.5$ [ $sepal_length \ge 4.5$ [ $class$ [ $1$ ] ] [ $class$ [ $0$ ] ] ] [ $sepal_length \ge 4.5$ [ $class$ [ $0$ ] ] [ $class$ [ $0$ ] ] ] ] ] ] ]
NA,30,4,66,2.340415480080992,6,32,63,100.0,96.66666666666667,[ $petal_width \ge 2.45$ [ $petal_length \ge 5.35$ [ $petal_width \ge 1.65$ [ $petal_length \ge 2.5999999999999996$ [ $sepal_length \ge 4.5$ [ $class$ [ $0$ ] ] [ $class$ [ $0$ ] ] ] [ $sepal_length \ge 4.5$ [ $class$ [ $0$ ] ] [ $class$ [ $1$ ] ] ] ] [ $sepal_length \ge 4.5$ [ $sepal_length \ge 4.5$ [ $class$ [ $0$ ] ] [ $class$ [ $0$ ] ] ] [ $sepal_length \ge 4.5$ [ $class$ [ $0$ ] ] [ $class$ [ $0$ ] ] ] ] ] [ $sepal_length \ge 4.5$ [ $sepal_length \ge 4.5$ [ $sepal_length \ge 4.5$ [ $class$ [ $0$ ] ] [ $class$ [ $0$ ] ] ] [ $sepal_length \ge 4.5$ [ $class$ [ $0$ ] ] [ $class$ [ $0$ ] ] ] ] [ $sepal_length \ge 4.5$ [ $sepal_length \ge 4.5$ [ $class$ [ $0$ ] ] [ $class$ [ $0$ ] ] ] [ $sepal_length \ge 4.5$ [ $class$ [ $0$ ] ] [ $class$ [ $0$ ] ] ] ] ] ] [ $sepal_length \ge 4.5$ [ $sepal_length \ge 4.5$ [ $sepal_length \ge 4.5$ [ $sepal_length \ge 4.5$ [ $class$ [ $0$ ] ] [ $class$ [ $0$ ] ] ] [ $sepal_length \ge 4.5$ [ $class$ [ $0$ ] ] [ $class$ [ $0$ ] ] ] ] [ $sepal_length \ge 4.5$ [ $sepal_length \ge 4.5$ [ $class$ [ $0$ ] ] [ $class$ [ $0$ ] ] ] [ $sepal_length \ge 4.5$ [ $class$ [ $0$ ] ] [ $class$ [ $0$ ] ] ] ] ] [ $sepal_length \ge 4.5$ [ $sepal_length \ge 4.5$ [ $sepal_length \ge 4.5$ [ $class$ [ $0$ ] ] [ $class$ [ $0$ ] ] ] [ $sepal_length \ge 4.5$ [ $class$ [ $0$ ] ] [ $class$ [ $0$ ] ] ] ] [ $sepal_length \ge 4.5$ [ $sepal_length \ge 4.5$ [ $class$ [ $0$ ] ] [ $class$ [ $0$ ] ] ] [ $sepal_length \ge 6.75$ [ $class$ [ $0$ ] ] [ $class$ [ $0$ ] ] ] ] ] ] ]
NA,32,4,67,3.1668088417500257,6,32,63,100.0,90.67796610169492,[ $sepal_length \ge 6.45$ [ $petal_width \ge 0.7$ [ $petal_width \ge 2.45$ [ $sepal_length \ge 4.5$ [ $petal_width \ge 2.45$ [ $class$ [ $0$ ] ] [ $class$ [ $0$ ] ] ] [ $sepal_width \ge 3.3499999999999996$ [ $class$ [ $0$ ] ] [ $class$ [ $0$ ] ] ] ] [ $sepal_length \ge 4.5$ [ $sepal_length \ge 4.5$ [ $class$ [ $0$ ] ] [ $class$ [ $0$ ] ] ] [ $sepal_length \ge 4.5$ [ $class$ [ $0$ ] ] [ $class$ [ $0$ ] ] ] ] ] [ $sepal_length \ge 4.5$ [ $sepal_length \ge 4.5$ [ $sepal_length \ge 4.5$ [ $class$ [ $1$ ] ] [ $class$ [ $1$ ] ] ] [ $sepal_length \ge 4.5$ [ $class$ [ $1$ ] ] [ $class$ [ $0$ ] ] ] ] [ $petal_length \ge 4.75$ [ $sepal_length \ge 4.5$ [ $class$ [ $0$ ] ] [ $class$ [ $1$ ] ] ] [ $sepal_length \ge 4.5$ [ $class$ [ $0$ ] ] [ $class$ [ $0$ ] ] ] ] ] ] [ $sepal_length \ge 4.5$ [ $sepal_length \ge 4.5$ [ $sepal_length \ge 4.5$ [ $sepal_length \ge 4.5$ [ $class$ [ $0$ ] ] [ $class$ [ $0$ ] ] ] [ $sepal_length \ge 4.5$ [ $class$ [ $0$ ] ] [ $class$ [ $0$ ] ] ] ] [ $sepal_length \ge 4.5$ [ $sepal_length \ge 4.5$ [ $class$ [ $0$ ] ] [ $class$ [ $0$ ] ] ] [ $sepal_length \ge 4.5$ [ $class$ [ $0$ ] ] [ $class$ [ $0$ ] ] ] ] ] [ $sepal_length \ge 4.5$ [ $sepal_length \ge 4.5$ [ $sepal_length \ge 4.5$ [ $class$ [ $0$ ] ] [ $class$ [ $0$ ] ] ] [ $sepal_length \ge 4.5$ [ $class$ [ $0$ ] ] [ $class$ [ $0$ ] ] ] ] [ $sepal_width \ge 3.1500000000000004$ [ $petal_length \ge 5.55$ [ $class$ [ $1$ ] ] [ $class$ [ $0$ ] ] ] [ $sepal_length \ge 4.5$ [ $class$ [ $0$ ] ] [ $class$ [ $0$ ] ] ] ] ] ] ]
NA,34,4,68,4.13342778198421,6,32,63,100.0,95.6896551724138,[ $petal_width \ge 1.9$ [ $petal_width \ge 1.65$ [ $petal_length \ge 4.85$ [ $petal_width \ge 1.9$ [ $petal_length \ge 2.5999999999999996$ [ $class$ [ $0$ ] ] [ $class$ [ $1$ ] ] ] [ $sepal_length \ge 4.95$ [ $class$ [ $1$ ] ] [ $class$ [ $0$ ] ] ] ] [ $sepal_length \ge 4.5$ [ $sepal_length \ge 4.5$ [ $class$ [ $0$ ] ] [ $class$ [ $0$ ] ] ] [ $sepal_length \ge 4.5$ [ $class$ [ $0$ ] ] [ $class$ [ $0$ ] ] ] ] ] [ $petal_length \ge 5.55$ [ $sepal_length \ge 4.5$ [ $sepal_length \ge 4.5$ [ $class$ [ $0$ ] ] [ $class$ [ $1$ ] ] ] [ $sepal_length \ge 4.5$ [ $class$ [ $1$ ] ] [ $class$ [ $0$ ] ] ] ] [ $petal_length \ge 5.0$ [ $sepal_length \ge 4.5$ [ $class$ [ $0$ ] ] [ $class$ [ $1$ ] ] ] [ $sepal_length \ge 4.5$ [ $class$ [ $0$ ] ] [ $class$ [ $0$ ] ] ] ] ] ] [ $petal_width \ge 2.45$ [ $petal_width \ge 2.45$ [ $petal_width \ge 2.45$ [ $petal_width \ge 2.45$ [ $class$ [ $0$ ] ] [ $class$ [ $0$ ] ] ] [ $petal_width \ge 2.45$ [ $class$ [ $1$ ] ] [ $class$ [ $0$ ] ] ] ] [ $sepal_length \ge 4.5$ [ $sepal_length \ge 4.5$ [ $class$ [ $1$ ] ] [ $class$ [ $0$ ] ] ] [ $sepal_length \ge 4.5$ [ $class$ [ $0$ ] ] [ $class$ [ $0$ ] ] ] ] ] [ $sepal_length \ge 4.5$ [ $sepal_length \ge 4.5$ [ $sepal_length \ge 4.5$ [ $class$ [ $0$ ] ] [ $class$ [ $0$ ] ] ] [ $sepal_length \ge 4.5$ [ $class$ [ $0$ ] ] [ $class$ [ $1$ ] ] ] ] [ $sepal_length \ge 4.5$ [ $sepal_length \ge 4.5$ [ $class$ [ $0$ ] ] [ $class$ [ $0$ ] ] ] [ $sepal_length \ge 4.5$ [ $class$ [ $0$ ] ] [ $class$ [ $0$ ] ] ] ] ] ] ]
NA,36,4,71,2.955778256058693,6,32,63,100.0,92.10526315789474,[ $petal_length \ge 3.5999999999999996$ [ $petal_width \ge 2.45$ [ $petal_width \ge 2.45$ [ $petal_width \ge 2.45$ [ $sepal_width \ge 2.45$ [ $class$ [ $1$ ] ] [ $class$ [ $0$ ] ] ] [ $sepal_length \ge 4.5$ [ $class$ [ $0$ ] ] [ $class$ [ $0$ ] ] ] ] [ $sepal_length \ge 4.5$ [ $sepal_length \ge 4.5$ [ $class$ [ $0$ ] ] [ $class$ [ $0$ ] ] ] [ $sepal_length \ge 4.5$ [ $class$ [ $0$ ] ] [ $class$ [ $0$ ] ] ] ] ] [ $sepal_length \ge 4.5$ [ $petal_length \ge 3.95$ [ $sepal_length \ge 4.5$ [ $class$ [ $0$ ] ] [ $class$ [ $0$ ] ] ] [ $sepal_length \ge 4.5$ [ $class$ [ $0$ ] ] [ $class$ [ $0$ ] ] ] ] [ $sepal_length \ge 4.5$ [ $sepal_length \ge 4.5$ [ $class$ [ $0$ ] ] [ $class$ [ $0$ ] ] ] [ $sepal_length \ge 4.5$ [ $class$ [ $0$ ] ] [ $class$ [ $0$ ] ] ] ] ] ] [ $sepal_length \ge 4.5$ [ $sepal_length \ge 4.5$ [ $sepal_length \ge 4.5$ [ $sepal_length \ge 4.5$ [ $class$ [ $0$ ] ] [ $class$ [ $1$ ] ] ] [ $sepal_length \ge 4.5$ [ $class$ [ $0$ ] ] [ $class$ [ $0$ ] ] ] ] [ $sepal_length \ge 4.5$ [ $sepal_length \ge 4.5$ [ $class$ [ $1$ ] ] [ $class$ [ $1$ ] ] ] [ $sepal_length \ge 4.5$ [ $class$ [ $0$ ] ] [ $class$ [ $0$ ] ] ] ] ] [ $petal_width \ge 2.45$ [ $sepal_length \ge 6.25$ [ $petal_length \ge 4.75$ [ $class$ [ $1$ ] ] [ $class$ [ $0$ ] ] ] [ $petal_width \ge 1.65$ [ $class$ [ $1$ ] ] [ $class$ [ $0$ ] ] ] ] [ $sepal_length \ge 4.5$ [ $sepal_length \ge 4.5$ [ $class$ [ $0$ ] ] [ $class$ [ $1$ ] ] ] [ $sepal_length \ge 4.5$ [ $class$ [ $0$ ] ] [ $class$ [ $0$ ] ] ] ] ] ] ]
NA,38,4,74,25.193508544005454,6,32,63,100.0,96.42857142857143,[ $petal_width \ge 2.45$ [ $petal_width \ge 1.7000000000000002$ [ $petal_length \ge 5.3$ [ $petal_width \ge 1.25$ [ $petal_length \ge 2.5999999999999996$ [ $class$ [ $0$ ] ] [ $class$ [ $1$ ] ] ] [ $sepal_width \ge 2.45$ [ $class$ [ $1$ ] ] [ $class$ [ $1$ ] ] ] ] [ $sepal_length \ge 4.5$ [ $sepal_length \ge 4.5$ [ $class$ [ $0$ ] ] [ $class$ [ $1$ ] ] ] [ $sepal_length \ge 4.5$ [ $class$ [ $1$ ] ] [ $class$ [ $0$ ] ] ] ] ] [ $petal_width \ge 2.45$ [ $petal_width \ge 2.45$ [ $petal_width \ge 2.45$ [ $class$ [ $0$ ] ] [ $class$ [ $0$ ] ] ] [ $sepal_length \ge 4.5$ [ $class$ [ $0$ ] ] [ $class$ [ $1$ ] ] ] ] [ $sepal_length \ge 4.5$ [ $sepal_length \ge 4.5$ [ $class$ [ $0$ ] ] [ $class$ [ $0$ ] ] ] [ $sepal_length \ge 4.5$ [ $class$ [ $1$ ] ] [ $class$ [ $0$ ] ] ] ] ] ] [ $sepal_length \ge 4.5$ [ $sepal_length \ge 4.5$ [ $sepal_length \ge 4.5$ [ $sepal_length \ge 4.5$ [ $class$ [ $0$ ] ] [ $class$ [ $0$ ] ] ] [ $sepal_length \ge 4.5$ [ $class$ [ $0$ ] ] [ $class$ [ $0$ ] ] ] ] [ $sepal_length \ge 4.5$ [ $sepal_length \ge 4.5$ [ $class$ [ $1$ ] ] [ $class$ [ $0$ ] ] ] [ $sepal_length \ge 4.5$ [ $class$ [ $0$ ] ] [ $class$ [ $0$ ] ] ] ] ] [ $sepal_length \ge 4.5$ [ $sepal_length \ge 4.5$ [ $sepal_length \ge 4.5$ [ $class$ [ $1$ ] ] [ $class$ [ $1$ ] ] ] [ $sepal_length \ge 4.5$ [ $class$ [ $0$ ] ] [ $class$ [ $0$ ] ] ] ] [ $sepal_length \ge 4.5$ [ $sepal_length \ge 4.5$ [ $class$ [ $0$ ] ] [ $class$ [ $0$ ] ] ] [ $sepal_length \ge 4.5$ [ $class$ [ $0$ ] ] [ $class$ [ $0$ ] ] ] ] ] ] ]
NA,40,4,76,23.115067381877452,6,32,63,100.0,90.9090909090909,[ $sepal_length \ge 4.5$ [ $petal_width \ge 2.45$ [ $petal_width \ge 2.3$ [ $petal_width \ge 2.45$ [ $petal_width \ge 2.45$ [ $class$ [ $0$ ] ] [ $class$ [ $0$ ] ] ] [ $petal_width \ge 2.45$ [ $class$ [ $0$ ] ] [ $class$ [ $0$ ] ] ] ] [ $sepal_length \ge 4.5$ [ $petal_width \ge 2.45$ [ $class$ [ $0$ ] ] [ $class$ [ $0$ ] ] ] [ $sepal_length \ge 4.5$ [ $class$ [ $0$ ] ] [ $class$ [ $0$ ] ] ] ] ] [ $petal_width \ge 2.1$ [ $petal_width \ge 2.45$ [ $sepal_length \ge 4.5$ [ $class$ [ $1$ ] ] [ $class$ [ $0$ ] ] ] [ $petal_width \ge 2.45$ [ $class$ [ $0$ ] ] [ $class$ [ $0$ ] ] ] ] [ $petal_width \ge 2.3$ [ $petal_width \ge 2.3$ [ $class$ [ $1$ ] ] [ $class$ [ $0$ ] ] ] [ $sepal_length \ge 4.5$ [ $class$ [ $0$ ] ] [ $class$ [ $0$ ] ] ] ] ] ] [ $sepal_width \ge 2.75$ [ $petal_length \ge 5.3$ [ $sepal_length \ge 4.85$ [ $sepal_length \ge 4.699999999999999$ [ $class$ [ $0$ ] ] [ $class$ [ $1$ ] ] ] [ $sepal_length \ge 4.5$ [ $class$ [ $0$ ] ] [ $class$ [ $1$ ] ] ] ] [ $sepal_length \ge 4.5$ [ $sepal_length \ge 4.5$ [ $class$ [ $0$ ] ] [ $class$ [ $0$ ] ] ] [ $sepal_length \ge 4.5$ [ $class$ [ $1$ ] ] [ $class$ [ $0$ ] ] ] ] ] [ $petal_width \ge 1.1$ [ $sepal_length \ge 4.5$ [ $sepal_length \ge 4.5$ [ $class$ [ $1$ ] ] [ $class$ [ $1$ ] ] ] [ $petal_width \ge 0.7$ [ $class$ [ $0$ ] ] [ $class$ [ $1$ ] ] ] ] [ $sepal_length \ge 4.5$ [ $sepal_length \ge 4.5$ [ $class$ [ $0$ ] ] [ $class$ [ $0$ ] ] ] [ $petal_width \ge 1.7000000000000002$ [ $class$ [ $1$ ] ] [ $class$ [ $0$ ] ] ] ] ] ] ]
NA,45,4,82,5.497623661998659,6,32,63,100.0,96.19047619047619,[ $petal_width \ge 1.7000000000000002$ [ $petal_width \ge 2.45$ [ $petal_width \ge 2.45$ [ $petal_length \ge 5.55$ [ $petal_width \ge 0.8$ [ $class$ [ $0$ ] ] [ $class$ [ $1$ ] ] ] [ $sepal_length \ge 5.15$ [ $class$ [ $0$ ] ] [ $class$ [ $0$ ] ] ] ] [ $sepal_length \ge 4.5$ [ $sepal_length \ge 4.5$ [ $class$ [ $0$ ] ] [ $class$ [ $0$ ] ] ] [ $sepal_length \ge 4.5$ [ $class$ [ $0$ ] ] [ $class$ [ $0$ ] ] ] ] ] [ $sepal_length \ge 4.5$ [ $sepal_length \ge 4.5$ [ $sepal_length \ge 4.5$ [ $class$ [ $0$ ] ] [ $class$ [ $0$ ] ] ] [ $sepal_length \ge 4.5$ [ $class$ [ $1$ ] ] [ $class$ [ $0$ ] ] ] ] [ $sepal_length \ge 4.5$ [ $sepal_length \ge 4.5$ [ $class$ [ $0$ ] ] [ $class$ [ $0$ ] ] ] [ $sepal_length \ge 4.5$ [ $class$ [ $0$ ] ] [ $class$ [ $0$ ] ] ] ] ] ] [ $sepal_length \ge 4.5$ [ $sepal_length \ge 4.5$ [ $sepal_length \ge 4.5$ [ $sepal_length \ge 4.5$ [ $class$ [ $0$ ] ] [ $class$ [ $0$ ] ] ] [ $sepal_length \ge 4.5$ [ $class$ [ $0$ ] ] [ $class$ [ $1$ ] ] ] ] [ $sepal_length \ge 4.5$ [ $sepal_length \ge 4.5$ [ $class$ [ $0$ ] ] [ $class$ [ $1$ ] ] ] [ $sepal_length \ge 4.5$ [ $class$ [ $0$ ] ] [ $class$ [ $0$ ] ] ] ] ] [ $sepal_length \ge 4.5$ [ $sepal_length \ge 4.5$ [ $sepal_length \ge 4.5$ [ $class$ [ $0$ ] ] [ $class$ [ $0$ ] ] ] [ $sepal_length \ge 4.5$ [ $class$ [ $0$ ] ] [ $class$ [ $1$ ] ] ] ] [ $sepal_length \ge 4.5$ [ $sepal_length \ge 4.5$ [ $class$ [ $0$ ] ] [ $class$ [ $0$ ] ] ] [ $petal_width \ge 1.25$ [ $class$ [ $0$ ] ] [ $class$ [ $0$ ] ] ] ] ] ] ]
NA,50,4,88,56.90653775073588,6,32,63,100.0,91.0,[ $petal_length \ge 4.75$ [ $sepal_length \ge 4.5$ [ $sepal_length \ge 4.5$ [ $sepal_length \ge 4.5$ [ $sepal_length \ge 4.5$ [ $class$ [ $0$ ] ] [ $class$ [ $0$ ] ] ] [ $sepal_length \ge 4.5$ [ $class$ [ $0$ ] ] [ $class$ [ $0$ ] ] ] ] [ $sepal_length \ge 4.5$ [ $sepal_length \ge 4.5$ [ $class$ [ $0$ ] ] [ $class$ [ $0$ ] ] ] [ $sepal_length \ge 4.5$ [ $class$ [ $0$ ] ] [ $class$ [ $0$ ] ] ] ] ] [ $petal_width \ge 2.45$ [ $petal_width \ge 0.8$ [ $sepal_length \ge 4.5$ [ $class$ [ $0$ ] ] [ $class$ [ $0$ ] ] ] [ $sepal_length \ge 4.5$ [ $class$ [ $0$ ] ] [ $class$ [ $1$ ] ] ] ] [ $sepal_length \ge 4.5$ [ $sepal_length \ge 4.5$ [ $class$ [ $0$ ] ] [ $class$ [ $0$ ] ] ] [ $sepal_length \ge 4.5$ [ $class$ [ $0$ ] ] [ $class$ [ $0$ ] ] ] ] ] ] [ $sepal_width \ge 2.6500000000000004$ [ $sepal_length \ge 4.5$ [ $sepal_length \ge 4.5$ [ $sepal_length \ge 4.5$ [ $class$ [ $0$ ] ] [ $class$ [ $0$ ] ] ] [ $sepal_length \ge 4.5$ [ $class$ [ $0$ ] ] [ $class$ [ $0$ ] ] ] ] [ $sepal_length \ge 4.5$ [ $sepal_length \ge 4.5$ [ $class$ [ $0$ ] ] [ $class$ [ $0$ ] ] ] [ $sepal_length \ge 4.5$ [ $class$ [ $0$ ] ] [ $class$ [ $0$ ] ] ] ] ] [ $sepal_width \ge 3.3499999999999996$ [ $petal_length \ge 5.55$ [ $petal_width \ge 1.7000000000000002$ [ $class$ [ $1$ ] ] [ $class$ [ $0$ ] ] ] [ $sepal_length \ge 5.85$ [ $class$ [ $0$ ] ] [ $class$ [ $0$ ] ] ] ] [ $sepal_length \ge 4.5$ [ $sepal_length \ge 4.5$ [ $class$ [ $0$ ] ] [ $class$ [ $0$ ] ] ] [ $sepal_length \ge 4.5$ [ $class$ [ $0$ ] ] [ $class$ [ $1$ ] ] ] ] ] ] ]
NA,55,4,93,74.25581969600171,6,32,63,100.0,95.78947368421052,[ $petal_length \ge 5.55$ [ $petal_length \ge 5.55$ [ $petal_length \ge 2.5999999999999996$ [ $sepal_length \ge 4.5$ [ $sepal_width \ge 2.45$ [ $class$ [ $1$ ] ] [ $class$ [ $0$ ] ] ] [ $sepal_length \ge 4.5$ [ $class$ [ $0$ ] ] [ $class$ [ $0$ ] ] ] ] [ $sepal_width \ge 2.55$ [ $petal_width \ge 1.45$ [ $class$ [ $1$ ] ] [ $class$ [ $0$ ] ] ] [ $petal_width \ge 1.7000000000000002$ [ $class$ [ $1$ ] ] [ $class$ [ $0$ ] ] ] ] ] [ $petal_width \ge 2.3499999999999996$ [ $sepal_length \ge 4.5$ [ $sepal_length \ge 4.5$ [ $class$ [ $0$ ] ] [ $class$ [ $0$ ] ] ] [ $petal_width \ge 2.25$ [ $class$ [ $0$ ] ] [ $class$ [ $0$ ] ] ] ] [ $petal_length \ge 4.55$ [ $sepal_length \ge 4.5$ [ $class$ [ $0$ ] ] [ $class$ [ $0$ ] ] ] [ $sepal_length \ge 4.5$ [ $class$ [ $0$ ] ] [ $class$ [ $0$ ] ] ] ] ] ] [ $sepal_length \ge 5.300000000000001$ [ $sepal_length \ge 4.5$ [ $sepal_length \ge 4.5$ [ $sepal_length \ge 4.5$ [ $class$ [ $0$ ] ] [ $class$ [ $0$ ] ] ] [ $sepal_length \ge 4.5$ [ $class$ [ $0$ ] ] [ $class$ [ $0$ ] ] ] ] [ $sepal_length \ge 4.5$ [ $sepal_length \ge 4.5$ [ $class$ [ $0$ ] ] [ $class$ [ $0$ ] ] ] [ $sepal_length \ge 5.95$ [ $class$ [ $0$ ] ] [ $class$ [ $1$ ] ] ] ] ] [ $sepal_width \ge 2.6500000000000004$ [ $sepal_length \ge 4.75$ [ $sepal_length \ge 4.5$ [ $class$ [ $0$ ] ] [ $class$ [ $1$ ] ] ] [ $sepal_length \ge 4.5$ [ $class$ [ $0$ ] ] [ $class$ [ $0$ ] ] ] ] [ $sepal_length \ge 4.5$ [ $sepal_length \ge 4.5$ [ $class$ [ $0$ ] ] [ $class$ [ $0$ ] ] ] [ $sepal_length \ge 4.5$ [ $class$ [ $0$ ] ] [ $class$ [ $0$ ] ] ] ] ] ] ]
NA,60,4,97,192.76839245902374,6,32,63,100.0,95.55555555555556,[ $petal_width \ge 1.45$ [ $sepal_width \ge 3.6500000000000004$ [ $petal_length \ge 2.5999999999999996$ [ $sepal_length \ge 4.5$ [ $sepal_length \ge 4.5$ [ $class$ [ $0$ ] ] [ $class$ [ $0$ ] ] ] [ $sepal_length \ge 4.5$ [ $class$ [ $0$ ] ] [ $class$ [ $0$ ] ] ] ] [ $petal_length \ge 5.15$ [ $sepal_length \ge 4.5$ [ $class$ [ $0$ ] ] [ $class$ [ $1$ ] ] ] [ $sepal_length \ge 4.5$ [ $class$ [ $0$ ] ] [ $class$ [ $0$ ] ] ] ] ] [ $sepal_length \ge 4.65$ [ $sepal_length \ge 4.5$ [ $sepal_length \ge 4.5$ [ $class$ [ $0$ ] ] [ $class$ [ $0$ ] ] ] [ $sepal_length \ge 5.95$ [ $class$ [ $1$ ] ] [ $class$ [ $0$ ] ] ] ] [ $sepal_length \ge 4.5$ [ $sepal_length \ge 4.5$ [ $class$ [ $0$ ] ] [ $class$ [ $0$ ] ] ] [ $sepal_length \ge 4.5$ [ $class$ [ $0$ ] ] [ $class$ [ $0$ ] ] ] ] ] ] [ $sepal_length \ge 4.95$ [ $petal_width \ge 2.45$ [ $petal_width \ge 2.25$ [ $sepal_length \ge 4.65$ [ $class$ [ $0$ ] ] [ $class$ [ $0$ ] ] ] [ $sepal_length \ge 4.5$ [ $class$ [ $0$ ] ] [ $class$ [ $0$ ] ] ] ] [ $sepal_length \ge 4.5$ [ $sepal_length \ge 4.5$ [ $class$ [ $0$ ] ] [ $class$ [ $0$ ] ] ] [ $petal_width \ge 2.1500000000000004$ [ $class$ [ $0$ ] ] [ $class$ [ $0$ ] ] ] ] ] [ $petal_length \ge 4.75$ [ $sepal_length \ge 4.5$ [ $sepal_length \ge 4.5$ [ $class$ [ $0$ ] ] [ $class$ [ $0$ ] ] ] [ $sepal_length \ge 4.5$ [ $class$ [ $0$ ] ] [ $class$ [ $1$ ] ] ] ] [ $petal_width \ge 1.75$ [ $petal_width \ge 1.55$ [ $class$ [ $0$ ] ] [ $class$ [ $1$ ] ] ] [ $sepal_length \ge 4.5$ [ $class$ [ $0$ ] ] [ $class$ [ $0$ ] ] ] ] ] ] ]
NA,65,4,98,196.34473848016933,6,32,63,100.0,88.23529411764706,[ $sepal_length \ge 4.95$ [ $sepal_length \ge 4.75$ [ $petal_width \ge 1.85$ [ $petal_width \ge 1.15$ [ $sepal_length \ge 4.95$ [ $class$ [ $0$ ] ] [ $class$ [ $0$ ] ] ] [ $sepal_length \ge 4.5$ [ $class$ [ $0$ ] ] [ $class$ [ $0$ ] ] ] ] [ $petal_width \ge 2.45$ [ $sepal_length \ge 4.5$ [ $class$ [ $0$ ] ] [ $class$ [ $0$ ] ] ] [ $sepal_length \ge 4.5$ [ $class$ [ $0$ ] ] [ $class$ [ $0$ ] ] ] ] ] [ $sepal_length \ge 4.5$ [ $sepal_length \ge 4.5$ [ $sepal_length \ge 4.5$ [ $class$ [ $0$ ] ] [ $class$ [ $0$ ] ] ] [ $sepal_length \ge 4.5$ [ $class$ [ $0$ ] ] [ $class$ [ $0$ ] ] ] ] [ $sepal_length \ge 4.5$ [ $sepal_length \ge 4.5$ [ $class$ [ $0$ ] ] [ $class$ [ $0$ ] ] ] [ $sepal_length \ge 4.5$ [ $class$ [ $0$ ] ] [ $class$ [ $0$ ] ] ] ] ] ] [ $sepal_width \ge 3.3499999999999996$ [ $petal_width \ge 1.75$ [ $petal_width \ge 1.55$ [ $petal_length \ge 4.85$ [ $class$ [ $1$ ] ] [ $class$ [ $0$ ] ] ] [ $petal_length \ge 4.95$ [ $class$ [ $1$ ] ] [ $class$ [ $1$ ] ] ] ] [ $sepal_length \ge 4.5$ [ $sepal_length \ge 4.5$ [ $class$ [ $0$ ] ] [ $class$ [ $0$ ] ] ] [ $petal_width \ge 1.65$ [ $class$ [ $1$ ] ] [ $class$ [ $0$ ] ] ] ] ] [ $petal_width \ge 1.95$ [ $petal_length \ge 5.9$ [ $sepal_length \ge 5.75$ [ $class$ [ $0$ ] ] [ $class$ [ $1$ ] ] ] [ $sepal_length \ge 4.5$ [ $class$ [ $0$ ] ] [ $class$ [ $0$ ] ] ] ] [ $sepal_length \ge 4.5$ [ $sepal_length \ge 4.5$ [ $class$ [ $0$ ] ] [ $class$ [ $0$ ] ] ] [ $sepal_length \ge 4.5$ [ $class$ [ $0$ ] ] [ $class$ [ $0$ ] ] ] ] ] ] ]
NA,70,4,102,109.37192852934822,6,32,63,100.0,97.5,[ $petal_width \ge 2.45$ [ $petal_width \ge 2.45$ [ $sepal_length \ge 5.95$ [ $petal_width \ge 1.55$ [ $petal_length \ge 2.5999999999999996$ [ $class$ [ $0$ ] ] [ $class$ [ $1$ ] ] ] [ $petal_width \ge 2.25$ [ $class$ [ $0$ ] ] [ $class$ [ $0$ ] ] ] ] [ $petal_width \ge 1.55$ [ $petal_length \ge 4.95$ [ $class$ [ $1$ ] ] [ $class$ [ $0$ ] ] ] [ $petal_width \ge 1.75$ [ $class$ [ $1$ ] ] [ $class$ [ $0$ ] ] ] ] ] [ $sepal_length \ge 4.35$ [ $sepal_length \ge 4.35$ [ $sepal_length \ge 4.35$ [ $class$ [ $0$ ] ] [ $class$ [ $1$ ] ] ] [ $sepal_length \ge 4.35$ [ $class$ [ $0$ ] ] [ $class$ [ $1$ ] ] ] ] [ $sepal_length \ge 4.35$ [ $sepal_length \ge 4.35$ [ $class$ [ $0$ ] ] [ $class$ [ $0$ ] ] ] [ $sepal_length \ge 4.35$ [ $class$ [ $0$ ] ] [ $class$ [ $0$ ] ] ] ] ] ] [ $sepal_length \ge 4.35$ [ $sepal_length \ge 4.35$ [ $sepal_length \ge 4.35$ [ $sepal_length \ge 4.35$ [ $class$ [ $0$ ] ] [ $class$ [ $0$ ] ] ] [ $sepal_length \ge 4.35$ [ $class$ [ $0$ ] ] [ $class$ [ $0$ ] ] ] ] [ $sepal_length \ge 4.35$ [ $sepal_length \ge 4.35$ [ $class$ [ $0$ ] ] [ $class$ [ $0$ ] ] ] [ $sepal_length \ge 4.35$ [ $class$ [ $0$ ] ] [ $class$ [ $0$ ] ] ] ] ] [ $sepal_length \ge 4.35$ [ $sepal_length \ge 4.35$ [ $sepal_length \ge 4.35$ [ $class$ [ $0$ ] ] [ $class$ [ $0$ ] ] ] [ $sepal_length \ge 4.35$ [ $class$ [ $0$ ] ] [ $class$ [ $0$ ] ] ] ] [ $petal_width \ge 1.35$ [ $sepal_length \ge 4.35$ [ $class$ [ $0$ ] ] [ $class$ [ $1$ ] ] ] [ $sepal_length \ge 4.35$ [ $class$ [ $0$ ] ] [ $class$ [ $0$ ] ] ] ] ] ] ]
NA,75,4,104,109.16969959298149,6,32,63,100.0,93.33333333333333,[ $petal_length \ge 4.75$ [ $petal_length \ge 3.4$ [ $sepal_width \ge 2.55$ [ $sepal_length \ge 5.05$ [ $sepal_length \ge 4.35$ [ $class$ [ $0$ ] ] [ $class$ [ $1$ ] ] ] [ $sepal_length \ge 4.35$ [ $class$ [ $0$ ] ] [ $class$ [ $1$ ] ] ] ] [ $sepal_length \ge 4.5$ [ $sepal_length \ge 4.35$ [ $class$ [ $0$ ] ] [ $class$ [ $0$ ] ] ] [ $sepal_length \ge 5.65$ [ $class$ [ $0$ ] ] [ $class$ [ $0$ ] ] ] ] ] [ $sepal_length \ge 4.35$ [ $sepal_length \ge 4.35$ [ $sepal_length \ge 4.35$ [ $class$ [ $0$ ] ] [ $class$ [ $0$ ] ] ] [ $sepal_length \ge 4.35$ [ $class$ [ $0$ ] ] [ $class$ [ $0$ ] ] ] ] [ $sepal_length \ge 4.95$ [ $sepal_length \ge 4.35$ [ $class$ [ $0$ ] ] [ $class$ [ $0$ ] ] ] [ $sepal_length \ge 4.35$ [ $class$ [ $0$ ] ] [ $class$ [ $1$ ] ] ] ] ] ] [ $sepal_width \ge 3.6500000000000004$ [ $petal_width \ge 1.55$ [ $sepal_length \ge 4.35$ [ $sepal_length \ge 4.35$ [ $class$ [ $0$ ] ] [ $class$ [ $0$ ] ] ] [ $sepal_length \ge 6.75$ [ $class$ [ $0$ ] ] [ $class$ [ $1$ ] ] ] ] [ $sepal_length \ge 5.85$ [ $sepal_length \ge 4.65$ [ $class$ [ $1$ ] ] [ $class$ [ $0$ ] ] ] [ $sepal_length \ge 6.05$ [ $class$ [ $1$ ] ] [ $class$ [ $0$ ] ] ] ] ] [ $sepal_length \ge 4.35$ [ $sepal_length \ge 4.35$ [ $sepal_length \ge 4.35$ [ $class$ [ $0$ ] ] [ $class$ [ $0$ ] ] ] [ $sepal_length \ge 4.35$ [ $class$ [ $0$ ] ] [ $class$ [ $0$ ] ] ] ] [ $sepal_length \ge 4.35$ [ $sepal_length \ge 4.35$ [ $class$ [ $0$ ] ] [ $class$ [ $0$ ] ] ] [ $sepal_length \ge 4.35$ [ $class$ [ $0$ ] ] [ $class$ [ $0$ ] ] ] ] ] ] ]
NA,80,4,105,108.17440192308277,6,32,63,100.0,95.71428571428572,[ $petal_width \ge 1.65$ [ $petal_width \ge 1.55$ [ $petal_length \ge 4.95$ [ $petal_length \ge 2.45$ [ $sepal_length \ge 4.35$ [ $class$ [ $0$ ] ] [ $class$ [ $0$ ] ] ] [ $sepal_length \ge 4.35$ [ $class$ [ $0$ ] ] [ $class$ [ $1$ ] ] ] ] [ $sepal_length \ge 4.75$ [ $sepal_length \ge 5.35$ [ $class$ [ $1$ ] ] [ $class$ [ $0$ ] ] ] [ $sepal_length \ge 4.35$ [ $class$ [ $0$ ] ] [ $class$ [ $0$ ] ] ] ] ] [ $sepal_length \ge 4.35$ [ $sepal_length \ge 4.35$ [ $sepal_length \ge 4.35$ [ $class$ [ $0$ ] ] [ $class$ [ $0$ ] ] ] [ $sepal_length \ge 4.35$ [ $class$ [ $0$ ] ] [ $class$ [ $0$ ] ] ] ] [ $sepal_length \ge 5.55$ [ $sepal_length \ge 4.35$ [ $class$ [ $0$ ] ] [ $class$ [ $0$ ] ] ] [ $sepal_length \ge 4.35$ [ $class$ [ $0$ ] ] [ $class$ [ $1$ ] ] ] ] ] ] [ $sepal_length \ge 4.35$ [ $sepal_length \ge 4.35$ [ $sepal_length \ge 4.35$ [ $sepal_length \ge 4.35$ [ $class$ [ $0$ ] ] [ $class$ [ $0$ ] ] ] [ $sepal_length \ge 4.35$ [ $class$ [ $0$ ] ] [ $class$ [ $0$ ] ] ] ] [ $sepal_length \ge 4.35$ [ $sepal_length \ge 4.35$ [ $class$ [ $0$ ] ] [ $class$ [ $0$ ] ] ] [ $sepal_length \ge 4.35$ [ $class$ [ $0$ ] ] [ $class$ [ $0$ ] ] ] ] ] [ $petal_width \ge 2.25$ [ $sepal_length \ge 4.35$ [ $sepal_length \ge 4.35$ [ $class$ [ $0$ ] ] [ $class$ [ $0$ ] ] ] [ $petal_width \ge 2.3499999999999996$ [ $class$ [ $0$ ] ] [ $class$ [ $0$ ] ] ] ] [ $sepal_length \ge 4.35$ [ $sepal_length \ge 4.35$ [ $class$ [ $0$ ] ] [ $class$ [ $0$ ] ] ] [ $petal_width \ge 2.25$ [ $class$ [ $0$ ] ] [ $class$ [ $0$ ] ] ] ] ] ] ]
NA,85,4,107,171.41939358320087,6,32,63,100.0,95.38461538461539,[ $sepal_length \ge 4.65$ [ $petal_width \ge 2.45$ [ $petal_width \ge 2.45$ [ $petal_width \ge 2.45$ [ $sepal_length \ge 4.5$ [ $class$ [ $0$ ] ] [ $class$ [ $0$ ] ] ] [ $petal_width \ge 2.45$ [ $class$ [ $0$ ] ] [ $class$ [ $0$ ] ] ] ] [ $petal_width \ge 2.1500000000000004$ [ $sepal_length \ge 4.35$ [ $class$ [ $0$ ] ] [ $class$ [ $1$ ] ] ] [ $sepal_length \ge 4.35$ [ $class$ [ $0$ ] ] [ $class$ [ $0$ ] ] ] ] ] [ $sepal_length \ge 4.35$ [ $sepal_length \ge 4.35$ [ $sepal_length \ge 4.35$ [ $class$ [ $0$ ] ] [ $class$ [ $0$ ] ] ] [ $sepal_length \ge 4.35$ [ $class$ [ $0$ ] ] [ $class$ [ $0$ ] ] ] ] [ $sepal_length \ge 4.35$ [ $sepal_length \ge 4.35$ [ $class$ [ $0$ ] ] [ $class$ [ $0$ ] ] ] [ $petal_width \ge 2.3499999999999996$ [ $class$ [ $0$ ] ] [ $class$ [ $0$ ] ] ] ] ] ] [ $sepal_length \ge 4.35$ [ $sepal_length \ge 4.35$ [ $sepal_length \ge 4.35$ [ $sepal_length \ge 4.35$ [ $class$ [ $0$ ] ] [ $class$ [ $0$ ] ] ] [ $sepal_length \ge 4.35$ [ $class$ [ $0$ ] ] [ $class$ [ $0$ ] ] ] ] [ $sepal_length \ge 4.35$ [ $sepal_length \ge 4.35$ [ $class$ [ $0$ ] ] [ $class$ [ $1$ ] ] ] [ $sepal_length \ge 4.35$ [ $class$ [ $0$ ] ] [ $class$ [ $0$ ] ] ] ] ] [ $petal_width \ge 1.55$ [ $petal_length \ge 4.95$ [ $petal_length \ge 2.45$ [ $class$ [ $0$ ] ] [ $class$ [ $1$ ] ] ] [ $sepal_length \ge 4.35$ [ $class$ [ $0$ ] ] [ $class$ [ $0$ ] ] ] ] [ $petal_width \ge 1.65$ [ $petal_length \ge 1.05$ [ $class$ [ $0$ ] ] [ $class$ [ $1$ ] ] ] [ $sepal_length \ge 4.35$ [ $class$ [ $1$ ] ] [ $class$ [ $0$ ] ] ] ] ] ] ]
NA,90,4,107,149.42726410692558,6,32,63,100.0,95.0,[ $sepal_length \ge 4.35$ [ $sepal_length \ge 5.05$ [ $petal_width \ge 1.95$ [ $sepal_length \ge 4.85$ [ $petal_width \ge 2.45$ [ $class$ [ $0$ ] ] [ $class$ [ $0$ ] ] ] [ $petal_width \ge 2.45$ [ $class$ [ $0$ ] ] [ $class$ [ $0$ ] ] ] ] [ $sepal_length \ge 4.35$ [ $petal_width \ge 2.45$ [ $class$ [ $0$ ] ] [ $class$ [ $1$ ] ] ] [ $sepal_length \ge 4.35$ [ $class$ [ $0$ ] ] [ $class$ [ $0$ ] ] ] ] ] [ $sepal_length \ge 5.75$ [ $petal_width \ge 2.45$ [ $petal_width \ge 2.45$ [ $class$ [ $1$ ] ] [ $class$ [ $0$ ] ] ] [ $sepal_length \ge 4.35$ [ $class$ [ $0$ ] ] [ $class$ [ $0$ ] ] ] ] [ $sepal_length \ge 4.35$ [ $sepal_length \ge 4.35$ [ $class$ [ $0$ ] ] [ $class$ [ $0$ ] ] ] [ $sepal_length \ge 4.35$ [ $class$ [ $0$ ] ] [ $class$ [ $0$ ] ] ] ] ] ] [ $sepal_width \ge 4.300000000000001$ [ $petal_length \ge 2.45$ [ $sepal_length \ge 4.5$ [ $sepal_length \ge 4.5$ [ $class$ [ $0$ ] ] [ $class$ [ $0$ ] ] ] [ $sepal_length \ge 4.35$ [ $class$ [ $1$ ] ] [ $class$ [ $0$ ] ] ] ] [ $petal_width \ge 1.55$ [ $petal_length \ge 4.95$ [ $class$ [ $1$ ] ] [ $class$ [ $0$ ] ] ] [ $petal_width \ge 1.65$ [ $class$ [ $1$ ] ] [ $class$ [ $0$ ] ] ] ] ] [ $sepal_length \ge 4.35$ [ $sepal_length \ge 4.35$ [ $sepal_length \ge 4.35$ [ $class$ [ $0$ ] ] [ $class$ [ $0$ ] ] ] [ $sepal_length \ge 4.35$ [ $class$ [ $0$ ] ] [ $class$ [ $1$ ] ] ] ] [ $sepal_length \ge 4.35$ [ $sepal_length \ge 4.35$ [ $class$ [ $0$ ] ] [ $class$ [ $0$ ] ] ] [ $sepal_length \ge 4.35$ [ $class$ [ $0$ ] ] [ $class$ [ $0$ ] ] ] ] ] ] ]
NA,100,4,109,303.45032140100375,6,32,63,100.0,96.0,[ $petal_width \ge 2.45$ [ $petal_width \ge 1.65$ [ $petal_width \ge 1.55$ [ $petal_length \ge 4.95$ [ $petal_length \ge 2.45$ [ $class$ [ $0$ ] ] [ $class$ [ $1$ ] ] ] [ $sepal_length \ge 4.35$ [ $class$ [ $0$ ] ] [ $class$ [ $0$ ] ] ] ] [ $sepal_length \ge 4.35$ [ $sepal_length \ge 4.35$ [ $class$ [ $0$ ] ] [ $class$ [ $0$ ] ] ] [ $sepal_length \ge 6.6$ [ $class$ [ $1$ ] ] [ $class$ [ $0$ ] ] ] ] ] [ $sepal_length \ge 5.25$ [ $sepal_length \ge 4.35$ [ $sepal_length \ge 4.35$ [ $class$ [ $0$ ] ] [ $class$ [ $0$ ] ] ] [ $sepal_length \ge 4.35$ [ $class$ [ $0$ ] ] [ $class$ [ $0$ ] ] ] ] [ $sepal_length \ge 4.45$ [ $sepal_length \ge 4.35$ [ $class$ [ $0$ ] ] [ $class$ [ $0$ ] ] ] [ $petal_length \ge 1.35$ [ $class$ [ $1$ ] ] [ $class$ [ $0$ ] ] ] ] ] ] [ $sepal_width \ge 2.45$ [ $sepal_length \ge 4.65$ [ $sepal_length \ge 4.35$ [ $sepal_length \ge 4.35$ [ $class$ [ $0$ ] ] [ $class$ [ $1$ ] ] ] [ $sepal_length \ge 4.35$ [ $class$ [ $0$ ] ] [ $class$ [ $0$ ] ] ] ] [ $sepal_length \ge 4.35$ [ $sepal_length \ge 4.35$ [ $class$ [ $0$ ] ] [ $class$ [ $0$ ] ] ] [ $sepal_length \ge 4.35$ [ $class$ [ $0$ ] ] [ $class$ [ $0$ ] ] ] ] ] [ $sepal_length \ge 4.35$ [ $sepal_length \ge 4.35$ [ $sepal_length \ge 4.35$ [ $class$ [ $0$ ] ] [ $class$ [ $0$ ] ] ] [ $sepal_length \ge 4.35$ [ $class$ [ $0$ ] ] [ $class$ [ $1$ ] ] ] ] [ $sepal_length \ge 4.35$ [ $sepal_length \ge 4.35$ [ $class$ [ $0$ ] ] [ $class$ [ $0$ ] ] ] [ $petal_length \ge 4.75$ [ $class$ [ $1$ ] ] [ $class$ [ $0$ ] ] ] ] ] ] ]
NA,110,4,112,-1,-1,-1,-1,-1,-1,NA
NA,120,4,118,-1,-1,-1,-1,-1,-1,NA
NA,130,4,122,-1,-1,-1,-1,-1,-1,NA
NA,140,4,123,-1,-1,-1,-1,-1,-1,NA
NA,150,4,123,-1,-1,-1,-1,-1,-1,NA
