fold_index,samples,features,binary_features,time,depth,leaves,nodes,training,test,tex
0,8367,17,34,0.009058432187885046,2,2,3,69.30799569738258,69.88527724665391,[ $ExternalRiskEstimate<0.49 \eq 0$ [ $class$ [ $1$ ] ] [ $class$ [ $0$ ] ] ]
1,8367,17,34,0.0074821170419454575,2,2,3,69.60678857416039,68.69024856596559,[ $ExternalRiskEstimate<0.49 \eq 1$ [ $class$ [ $0$ ] ] [ $class$ [ $1$ ] ] ]
2,8367,17,34,0.006717078387737274,2,2,3,69.7143540098004,69.12045889101339,[ $ExternalRiskEstimate<0.65 \eq 1$ [ $class$ [ $0$ ] ] [ $class$ [ $1$ ] ] ]
3,8367,17,34,0.007275527808815241,2,2,3,69.55898171387595,68.88145315487571,[ $ExternalRiskEstimate<0.49 \eq 1$ [ $class$ [ $0$ ] ] [ $class$ [ $1$ ] ] ]
4,8368,17,34,0.006961191073060036,2,2,3,69.39531548757171,69.53610712577714,[ $ExternalRiskEstimate<0.49 \eq 1$ [ $class$ [ $0$ ] ] [ $class$ [ $1$ ] ] ]
0,8367,17,34,0.0106411287561059,3,4,7,69.54702999880483,62.523900573613766,[ $ExternalRiskEstimate<0.49 \eq 1$ [ $Inquiry<0.75 \eq 0$ [ $class$ [ $1$ ] ] [ $class$ [ $0$ ] ] ] [ $Inquiry<0.75 \eq 1$ [ $class$ [ $1$ ] ] [ $class$ [ $1$ ] ] ] ]
1,8367,17,34,0.00995865510776639,3,4,7,69.60678857416039,68.69024856596559,[ $ExternalRiskEstimate<0.49 \eq 0$ [ $Inquiry<0.75 \eq 1$ [ $class$ [ $1$ ] ] [ $class$ [ $1$ ] ] ] [ $ExternalRiskEstimate<0.80 \eq 0$ [ $class$ [ $0$ ] ] [ $class$ [ $0$ ] ] ] ]
2,8367,17,34,0.009512296877801418,3,4,7,69.7143540098004,69.12045889101339,[ $ExternalRiskEstimate<0.65 \eq 0$ [ $ExternalRiskEstimate<0.49 \eq 1$ [ $class$ [ $1$ ] ] [ $class$ [ $1$ ] ] ] [ $Inquiry<0.75 \eq 1$ [ $class$ [ $0$ ] ] [ $class$ [ $0$ ] ] ] ]
3,8367,17,34,0.009846085216850042,3,4,7,69.55898171387595,68.88145315487571,[ $ExternalRiskEstimate<0.49 \eq 0$ [ $Inquiry<0.75 \eq 0$ [ $class$ [ $1$ ] ] [ $class$ [ $1$ ] ] ] [ $ExternalRiskEstimate<0.80 \eq 0$ [ $class$ [ $0$ ] ] [ $class$ [ $0$ ] ] ] ]
4,8368,17,34,0.009660808835178614,3,4,7,69.39531548757171,69.53610712577714,[ $ExternalRiskEstimate<0.49 \eq 1$ [ $ExternalRiskEstimate<0.80 \eq 1$ [ $class$ [ $0$ ] ] [ $class$ [ $0$ ] ] ] [ $Inquiry<0.75 \eq 0$ [ $class$ [ $1$ ] ] [ $class$ [ $1$ ] ] ] ]
0,8367,17,34,0.012881436850875616,4,8,15,72.10469702402294,64.48374760994264,[ $ExternalRiskEstimate<0.49 \eq 1$ [ $Inquiry<0.75 \eq 1$ [ $ExternalRiskEstimate<0.65 \eq 1$ [ $class$ [ $0$ ] ] [ $class$ [ $0$ ] ] ] [ $ExternalRiskEstimate<0.80 \eq 1$ [ $class$ [ $0$ ] ] [ $class$ [ $1$ ] ] ] ] [ $Inquiry<0.75 \eq 0$ [ $Utilization<0.6 \eq 1$ [ $class$ [ $1$ ] ] [ $class$ [ $1$ ] ] ] [ $TradeOpenTime<0.85 \eq 1$ [ $class$ [ $0$ ] ] [ $class$ [ $1$ ] ] ] ] ]
1,8367,17,34,0.012511488981544971,4,8,15,70.57487749492051,70.60229445506691,[ $ExternalRiskEstimate<0.49 \eq 1$ [ $ExternalRiskEstimate<0.80 \eq 0$ [ $Inquiry<0.75 \eq 1$ [ $class$ [ $0$ ] ] [ $class$ [ $1$ ] ] ] [ $Inquiry<0.75 \eq 1$ [ $class$ [ $0$ ] ] [ $class$ [ $0$ ] ] ] ] [ $Inquiry<0.75 \eq 1$ [ $TradeOpenTime<0.85 \eq 1$ [ $class$ [ $0$ ] ] [ $class$ [ $1$ ] ] ] [ $RevolvingBalance<0.6 \eq 0$ [ $class$ [ $1$ ] ] [ $class$ [ $1$ ] ] ] ] ]
2,8367,17,34,0.01216944819316268,4,8,15,70.81391179634278,72.4187380497132,[ $ExternalRiskEstimate<0.65 \eq 1$ [ $Inquiry<0.75 \eq 0$ [ $ExternalRiskEstimate<0.80 \eq 0$ [ $class$ [ $0$ ] ] [ $class$ [ $0$ ] ] ] [ $ExternalRiskEstimate<0.80 \eq 1$ [ $class$ [ $0$ ] ] [ $class$ [ $0$ ] ] ] ] [ $ExternalRiskEstimate<0.49 \eq 1$ [ $Inquiry<0.75 \eq 0$ [ $class$ [ $1$ ] ] [ $class$ [ $0$ ] ] ] [ $Inquiry<0.75 \eq 1$ [ $class$ [ $1$ ] ] [ $class$ [ $1$ ] ] ] ] ]
3,8367,17,34,0.012162277940660715,4,8,15,70.41950519899606,71.22370936902486,[ $ExternalRiskEstimate<0.49 \eq 1$ [ $ExternalRiskEstimate<0.80 \eq 1$ [ $TradeOpenTime<0.6 \eq 1$ [ $class$ [ $0$ ] ] [ $class$ [ $0$ ] ] ] [ $Inquiry<0.75 \eq 1$ [ $class$ [ $0$ ] ] [ $class$ [ $1$ ] ] ] ] [ $Inquiry<0.75 \eq 1$ [ $TradeOpenTime<0.85 \eq 1$ [ $class$ [ $0$ ] ] [ $class$ [ $1$ ] ] ] [ $Utilization<0.6 \eq 0$ [ $class$ [ $1$ ] ] [ $class$ [ $1$ ] ] ] ] ]
4,8368,17,34,0.011744853109121323,4,8,15,69.90917782026769,71.97513151602104,[ $ExternalRiskEstimate<0.49 \eq 1$ [ $ExternalRiskEstimate<0.80 \eq 1$ [ $Inquiry<0.75 \eq 1$ [ $class$ [ $0$ ] ] [ $class$ [ $0$ ] ] ] [ $Inquiry<0.75 \eq 1$ [ $class$ [ $0$ ] ] [ $class$ [ $1$ ] ] ] ] [ $Inquiry<0.75 \eq 1$ [ $TradeFrequency<0.6 \eq 0$ [ $class$ [ $1$ ] ] [ $class$ [ $1$ ] ] ] [ $Utilization<0.6 \eq 0$ [ $class$ [ $1$ ] ] [ $class$ [ $1$ ] ] ] ] ]
0,8367,17,34,0.014870777726173401,5,16,31,72.20031074459185,64.53154875717017,[ $ExternalRiskEstimate<0.49 \eq 0$ [ $Inquiry<0.75 \eq 0$ [ $Utilization<0.6 \eq 0$ [ $RevolvingBalance<0.6 \eq 0$ [ $class$ [ $1$ ] ] [ $class$ [ $1$ ] ] ] [ $TradeOpenTime<0.6 \eq 0$ [ $class$ [ $0$ ] ] [ $class$ [ $1$ ] ] ] ] [ $TradeOpenTime<0.85 \eq 0$ [ $RevolvingBalance<0.6 \eq 1$ [ $class$ [ $1$ ] ] [ $class$ [ $1$ ] ] ] [ $RevolvingBalance<0.6 \eq 0$ [ $class$ [ $0$ ] ] [ $class$ [ $0$ ] ] ] ] ] [ $Inquiry<0.75 \eq 0$ [ $ExternalRiskEstimate<0.80 \eq 0$ [ $TradeOpenTime<0.6 \eq 1$ [ $class$ [ $1$ ] ] [ $class$ [ $1$ ] ] ] [ $NumSatisfactoryTrades<0.5 \eq 0$ [ $class$ [ $0$ ] ] [ $class$ [ $0$ ] ] ] ] [ $ExternalRiskEstimate<0.65 \eq 1$ [ $ExternalRiskEstimate<0.80 \eq 0$ [ $class$ [ $0$ ] ] [ $class$ [ $0$ ] ] ] [ $NumSatisfactoryTrades<0.5 \eq 0$ [ $class$ [ $1$ ] ] [ $class$ [ $0$ ] ] ] ] ] ]
1,8367,17,34,0.014361472334712744,5,16,31,71.51906298553843,70.74569789674953,[ $ExternalRiskEstimate<0.49 \eq 1$ [ $ExternalRiskEstimate<0.80 \eq 1$ [ $Inquiry<0.75 \eq 1$ [ $TradeOpenTime<0.6 \eq 0$ [ $class$ [ $0$ ] ] [ $class$ [ $0$ ] ] ] [ $TradeWBalance<0.33 \eq 1$ [ $class$ [ $0$ ] ] [ $class$ [ $1$ ] ] ] ] [ $Inquiry<0.75 \eq 0$ [ $ExternalRiskEstimate<0.65 \eq 0$ [ $class$ [ $1$ ] ] [ $class$ [ $0$ ] ] ] [ $ExternalRiskEstimate<0.65 \eq 0$ [ $class$ [ $0$ ] ] [ $class$ [ $0$ ] ] ] ] ] [ $Inquiry<0.75 \eq 0$ [ $RevolvingBalance<0.6 \eq 1$ [ $Delinquency<0.55 \eq 0$ [ $class$ [ $1$ ] ] [ $class$ [ $1$ ] ] ] [ $Utilization<0.6 \eq 1$ [ $class$ [ $1$ ] ] [ $class$ [ $1$ ] ] ] ] [ $TradeOpenTime<0.85 \eq 0$ [ $RevolvingBalance<0.6 \eq 0$ [ $class$ [ $1$ ] ] [ $class$ [ $1$ ] ] ] [ $RevolvingBalance<0.4 \eq 1$ [ $class$ [ $0$ ] ] [ $class$ [ $0$ ] ] ] ] ] ]
2,8367,17,34,0.014055610168725252,5,16,31,71.61467670610733,72.131931166348,[ $ExternalRiskEstimate<0.65 \eq 0$ [ $ExternalRiskEstimate<0.49 \eq 0$ [ $Inquiry<0.75 \eq 0$ [ $Utilization<0.6 \eq 0$ [ $class$ [ $1$ ] ] [ $class$ [ $0$ ] ] ] [ $TradeOpenTime<0.85 \eq 0$ [ $class$ [ $1$ ] ] [ $class$ [ $0$ ] ] ] ] [ $Inquiry<0.75 \eq 1$ [ $NumSatisfactoryTrades<0.5 \eq 1$ [ $class$ [ $0$ ] ] [ $class$ [ $1$ ] ] ] [ $Delinquency<0.75 \eq 1$ [ $class$ [ $0$ ] ] [ $class$ [ $1$ ] ] ] ] ] [ $Inquiry<0.75 \eq 1$ [ $ExternalRiskEstimate<0.80 \eq 1$ [ $Installment<0.5 \eq 0$ [ $class$ [ $0$ ] ] [ $class$ [ $0$ ] ] ] [ $NumSatisfactoryTrades<0.5 \eq 1$ [ $class$ [ $0$ ] ] [ $class$ [ $0$ ] ] ] ] [ $ExternalRiskEstimate<0.80 \eq 1$ [ $NumSatisfactoryTrades<0.5 \eq 0$ [ $class$ [ $0$ ] ] [ $class$ [ $0$ ] ] ] [ $TradeWBalance<0.33 \eq 1$ [ $class$ [ $0$ ] ] [ $class$ [ $1$ ] ] ] ] ] ]
3,8367,17,34,0.014327572658658028,5,16,31,71.53101470060955,70.8413001912046,[ $ExternalRiskEstimate<0.49 \eq 1$ [ $ExternalRiskEstimate<0.80 \eq 0$ [ $Inquiry<0.75 \eq 1$ [ $ExternalRiskEstimate<0.65 \eq 1$ [ $class$ [ $0$ ] ] [ $class$ [ $0$ ] ] ] [ $ExternalRiskEstimate<0.65 \eq 0$ [ $class$ [ $1$ ] ] [ $class$ [ $0$ ] ] ] ] [ $TradeOpenTime<0.6 \eq 1$ [ $Inquiry<0.75 \eq 0$ [ $class$ [ $0$ ] ] [ $class$ [ $0$ ] ] ] [ $Delinquency<0.75 \eq 0$ [ $class$ [ $0$ ] ] [ $class$ [ $0$ ] ] ] ] ] [ $Inquiry<0.75 \eq 1$ [ $TradeOpenTime<0.85 \eq 0$ [ $RevolvingBalance<0.4 \eq 1$ [ $class$ [ $1$ ] ] [ $class$ [ $1$ ] ] ] [ $TradeFrequency<0.6 \eq 0$ [ $class$ [ $0$ ] ] [ $class$ [ $0$ ] ] ] ] [ $Utilization<0.6 \eq 1$ [ $TradeOpenTime<0.6 \eq 1$ [ $class$ [ $1$ ] ] [ $class$ [ $1$ ] ] ] [ $TradeOpenTime<0.6 \eq 0$ [ $class$ [ $1$ ] ] [ $class$ [ $1$ ] ] ] ] ] ]
4,8368,17,34,0.013895800337195396,5,16,31,71.36711281070745,71.06647537063606,[ $ExternalRiskEstimate<0.49 \eq 1$ [ $ExternalRiskEstimate<0.80 \eq 0$ [ $Inquiry<0.75 \eq 1$ [ $ExternalRiskEstimate<0.65 \eq 1$ [ $class$ [ $0$ ] ] [ $class$ [ $0$ ] ] ] [ $ExternalRiskEstimate<0.65 \eq 1$ [ $class$ [ $0$ ] ] [ $class$ [ $1$ ] ] ] ] [ $Inquiry<0.75 \eq 0$ [ $TradeFrequency<0.6 \eq 0$ [ $class$ [ $0$ ] ] [ $class$ [ $0$ ] ] ] [ $TradeOpenTime<0.6 \eq 0$ [ $class$ [ $0$ ] ] [ $class$ [ $0$ ] ] ] ] ] [ $Inquiry<0.75 \eq 1$ [ $TradeFrequency<0.6 \eq 0$ [ $RevolvingBalance<0.4 \eq 0$ [ $class$ [ $1$ ] ] [ $class$ [ $1$ ] ] ] [ $RevolvingBalance<0.6 \eq 1$ [ $class$ [ $0$ ] ] [ $class$ [ $1$ ] ] ] ] [ $Utilization<0.6 \eq 1$ [ $TradeOpenTime<0.85 \eq 1$ [ $class$ [ $0$ ] ] [ $class$ [ $1$ ] ] ] [ $RevolvingBalance<0.6 \eq 0$ [ $class$ [ $1$ ] ] [ $class$ [ $1$ ] ] ] ] ] ]
0,8367,17,34,0.016802117228507996,6,31,61,73.44328911198758,64.81835564053537,[ $ExternalRiskEstimate<0.49 \eq 1$ [ $Inquiry<0.75 \eq 1$ [ $ExternalRiskEstimate<0.65 \eq 1$ [ $ExternalRiskEstimate<0.80 \eq 0$ [ $NumSatisfactoryTrades<0.5 \eq 0$ [ $class$ [ $0$ ] ] [ $class$ [ $0$ ] ] ] [ $TradeOpenTime<0.6 \eq 0$ [ $class$ [ $0$ ] ] [ $class$ [ $0$ ] ] ] ] [ $NumSatisfactoryTrades<0.5 \eq 1$ [ $Installment<0.5 \eq 0$ [ $class$ [ $0$ ] ] [ $class$ [ $0$ ] ] ] [ $TradeFrequency<0.45 \eq 1$ [ $class$ [ $0$ ] ] [ $class$ [ $1$ ] ] ] ] ] [ $ExternalRiskEstimate<0.80 \eq 0$ [ $TradeOpenTime<0.6 \eq 1$ [ $ExternalRiskEstimate<0.65 \eq 1$ [ $class$ [ $0$ ] ] [ $class$ [ $1$ ] ] ] [ $Delinquency<0.75 \eq 1$ [ $class$ [ $0$ ] ] [ $class$ [ $1$ ] ] ] ] [ $NumSatisfactoryTrades<0.5 \eq 0$ [ $Utilization<0.6 \eq 0$ [ $class$ [ $0$ ] ] [ $class$ [ $0$ ] ] ] [ $TradeFrequency<0.6 \eq 0$ [ $class$ [ $0$ ] ] [ $class$ [ $0$ ] ] ] ] ] ] [ $Inquiry<0.75 \eq 1$ [ $TradeOpenTime<0.85 \eq 0$ [ $RevolvingBalance<0.6 \eq 0$ [ $Delinquency<0.75 \eq 0$ [ $class$ [ $1$ ] ] [ $class$ [ $0$ ] ] ] [ $TradeFrequency<0.6 \eq 1$ [ $class$ [ $0$ ] ] [ $class$ [ $1$ ] ] ] ] [ $RevolvingBalance<0.6 \eq 0$ [ $TradeFrequency<0.6 \eq 1$ [ $class$ [ $0$ ] ] [ $class$ [ $0$ ] ] ] [ $class$ [ $0$ ] ] ] ] [ $Utilization<0.6 \eq 1$ [ $TradeOpenTime<0.6 \eq 1$ [ $TradeWBalance<0.33 \eq 1$ [ $class$ [ $1$ ] ] [ $class$ [ $1$ ] ] ] [ $TradeFrequency<0.45 \eq 1$ [ $class$ [ $1$ ] ] [ $class$ [ $0$ ] ] ] ] [ $RevolvingBalance<0.6 \eq 1$ [ $Delinquency<0.55 \eq 0$ [ $class$ [ $1$ ] ] [ $class$ [ $1$ ] ] ] [ $Delinquency<0.55 \eq 1$ [ $class$ [ $1$ ] ] [ $class$ [ $1$ ] ] ] ] ] ] ]
1,8367,17,34,0.01637858198955655,6,32,63,72.48715190629855,70.31548757170172,[ $ExternalRiskEstimate<0.49 \eq 1$ [ $ExternalRiskEstimate<0.80 \eq 0$ [ $Inquiry<0.75 \eq 1$ [ $ExternalRiskEstimate<0.65 \eq 0$ [ $TradeFrequency<0.45 \eq 0$ [ $class$ [ $1$ ] ] [ $class$ [ $0$ ] ] ] [ $NumSatisfactoryTrades<0.5 \eq 0$ [ $class$ [ $0$ ] ] [ $class$ [ $0$ ] ] ] ] [ $ExternalRiskEstimate<0.65 \eq 0$ [ $NumSatisfactoryTrades<0.5 \eq 0$ [ $class$ [ $1$ ] ] [ $class$ [ $1$ ] ] ] [ $NumSatisfactoryTrades<0.5 \eq 1$ [ $class$ [ $0$ ] ] [ $class$ [ $1$ ] ] ] ] ] [ $Inquiry<0.75 \eq 1$ [ $TradeOpenTime<0.6 \eq 1$ [ $RevolvingBalance<0.6 \eq 1$ [ $class$ [ $0$ ] ] [ $class$ [ $0$ ] ] ] [ $Delinquency<0.55 \eq 0$ [ $class$ [ $0$ ] ] [ $class$ [ $0$ ] ] ] ] [ $TradeWBalance<0.33 \eq 0$ [ $Delinquency<0.75 \eq 0$ [ $class$ [ $1$ ] ] [ $class$ [ $0$ ] ] ] [ $TradeFrequency<0.6 \eq 0$ [ $class$ [ $0$ ] ] [ $class$ [ $0$ ] ] ] ] ] ] [ $Inquiry<0.75 \eq 0$ [ $RevolvingBalance<0.6 \eq 0$ [ $Utilization<0.6 \eq 1$ [ $NumSatisfactoryTrades<0.5 \eq 1$ [ $class$ [ $1$ ] ] [ $class$ [ $1$ ] ] ] [ $Delinquency<0.55 \eq 0$ [ $class$ [ $1$ ] ] [ $class$ [ $1$ ] ] ] ] [ $Delinquency<0.55 \eq 0$ [ $TradeFrequency<0.45 \eq 1$ [ $class$ [ $1$ ] ] [ $class$ [ $0$ ] ] ] [ $Installment<0.5 \eq 1$ [ $class$ [ $1$ ] ] [ $class$ [ $1$ ] ] ] ] ] [ $TradeOpenTime<0.85 \eq 1$ [ $RevolvingBalance<0.4 \eq 1$ [ $Installment<0.5 \eq 1$ [ $class$ [ $0$ ] ] [ $class$ [ $0$ ] ] ] [ $TradeFrequency<0.6 \eq 0$ [ $class$ [ $0$ ] ] [ $class$ [ $0$ ] ] ] ] [ $RevolvingBalance<0.6 \eq 1$ [ $Utilization<0.6 \eq 0$ [ $class$ [ $1$ ] ] [ $class$ [ $0$ ] ] ] [ $Delinquency<0.55 \eq 0$ [ $class$ [ $1$ ] ] [ $class$ [ $1$ ] ] ] ] ] ] ]
2,8367,17,34,0.01583521766588092,6,32,63,72.09274530895183,72.848948374761,[ $ExternalRiskEstimate<0.65 \eq 1$ [ $Inquiry<0.75 \eq 1$ [ $ExternalRiskEstimate<0.80 \eq 0$ [ $NumSatisfactoryTrades<0.5 \eq 0$ [ $TradeOpenTime<0.6 \eq 0$ [ $class$ [ $0$ ] ] [ $class$ [ $0$ ] ] ] [ $Installment<0.5 \eq 0$ [ $class$ [ $0$ ] ] [ $class$ [ $0$ ] ] ] ] [ $Installment<0.5 \eq 0$ [ $RevolvingBalance<0.6 \eq 1$ [ $class$ [ $0$ ] ] [ $class$ [ $0$ ] ] ] [ $TradeOpenTime<0.6 \eq 0$ [ $class$ [ $0$ ] ] [ $class$ [ $0$ ] ] ] ] ] [ $ExternalRiskEstimate<0.80 \eq 1$ [ $NumSatisfactoryTrades<0.5 \eq 0$ [ $TradeFrequency<0.6 \eq 0$ [ $class$ [ $0$ ] ] [ $class$ [ $0$ ] ] ] [ $TradeFrequency<0.6 \eq 1$ [ $class$ [ $0$ ] ] [ $class$ [ $0$ ] ] ] ] [ $TradeWBalance<0.33 \eq 0$ [ $NumSatisfactoryTrades<0.5 \eq 1$ [ $class$ [ $1$ ] ] [ $class$ [ $1$ ] ] ] [ $TradeFrequency<0.45 \eq 1$ [ $class$ [ $0$ ] ] [ $class$ [ $1$ ] ] ] ] ] ] [ $ExternalRiskEstimate<0.49 \eq 1$ [ $Inquiry<0.75 \eq 1$ [ $NumSatisfactoryTrades<0.5 \eq 0$ [ $RevolvingBalance<0.6 \eq 0$ [ $class$ [ $1$ ] ] [ $class$ [ $0$ ] ] ] [ $Installment<0.5 \eq 0$ [ $class$ [ $0$ ] ] [ $class$ [ $0$ ] ] ] ] [ $Delinquency<0.75 \eq 1$ [ $RevolvingBalance<0.6 \eq 1$ [ $class$ [ $0$ ] ] [ $class$ [ $0$ ] ] ] [ $NumSatisfactoryTrades<0.5 \eq 0$ [ $class$ [ $1$ ] ] [ $class$ [ $1$ ] ] ] ] ] [ $Inquiry<0.75 \eq 1$ [ $TradeOpenTime<0.85 \eq 1$ [ $TradeFrequency<0.6 \eq 1$ [ $class$ [ $0$ ] ] [ $class$ [ $0$ ] ] ] [ $RevolvingBalance<0.6 \eq 0$ [ $class$ [ $1$ ] ] [ $class$ [ $1$ ] ] ] ] [ $Utilization<0.6 \eq 1$ [ $TradeOpenTime<0.6 \eq 0$ [ $class$ [ $0$ ] ] [ $class$ [ $1$ ] ] ] [ $Delinquency<0.55 \eq 1$ [ $class$ [ $1$ ] ] [ $class$ [ $1$ ] ] ] ] ] ] ]
3,8367,17,34,0.016348810866475105,6,32,63,72.08079359388073,70.88910133843213,[ $ExternalRiskEstimate<0.49 \eq 1$ [ $ExternalRiskEstimate<0.80 \eq 0$ [ $Inquiry<0.75 \eq 1$ [ $ExternalRiskEstimate<0.65 \eq 1$ [ $RevolvingBalance<0.6 \eq 0$ [ $class$ [ $0$ ] ] [ $class$ [ $0$ ] ] ] [ $NumSatisfactoryTrades<0.5 \eq 0$ [ $class$ [ $1$ ] ] [ $class$ [ $0$ ] ] ] ] [ $ExternalRiskEstimate<0.65 \eq 1$ [ $TradeWBalance<0.33 \eq 0$ [ $class$ [ $1$ ] ] [ $class$ [ $0$ ] ] ] [ $NumSatisfactoryTrades<0.5 \eq 0$ [ $class$ [ $1$ ] ] [ $class$ [ $1$ ] ] ] ] ] [ $TradeOpenTime<0.6 \eq 1$ [ $Inquiry<0.75 \eq 1$ [ $Installment<0.5 \eq 1$ [ $class$ [ $0$ ] ] [ $class$ [ $0$ ] ] ] [ $TradeFrequency<0.6 \eq 0$ [ $class$ [ $0$ ] ] [ $class$ [ $0$ ] ] ] ] [ $Delinquency<0.75 \eq 1$ [ $RevolvingBalance<0.6 \eq 1$ [ $class$ [ $0$ ] ] [ $class$ [ $0$ ] ] ] [ $Utilization<0.6 \eq 0$ [ $class$ [ $0$ ] ] [ $class$ [ $0$ ] ] ] ] ] ] [ $Inquiry<0.75 \eq 1$ [ $TradeOpenTime<0.85 \eq 1$ [ $TradeFrequency<0.6 \eq 0$ [ $Utilization<0.6 \eq 0$ [ $class$ [ $0$ ] ] [ $class$ [ $1$ ] ] ] [ $RevolvingBalance<0.4 \eq 0$ [ $class$ [ $0$ ] ] [ $class$ [ $0$ ] ] ] ] [ $RevolvingBalance<0.4 \eq 0$ [ $Delinquency<0.55 \eq 0$ [ $class$ [ $1$ ] ] [ $class$ [ $1$ ] ] ] [ $Utilization<0.6 \eq 1$ [ $class$ [ $0$ ] ] [ $class$ [ $1$ ] ] ] ] ] [ $Utilization<0.6 \eq 0$ [ $TradeOpenTime<0.6 \eq 0$ [ $RevolvingBalance<0.6 \eq 0$ [ $class$ [ $1$ ] ] [ $class$ [ $1$ ] ] ] [ $Delinquency<0.55 \eq 0$ [ $class$ [ $1$ ] ] [ $class$ [ $1$ ] ] ] ] [ $TradeOpenTime<0.6 \eq 0$ [ $TradeFrequency<0.45 \eq 1$ [ $class$ [ $1$ ] ] [ $class$ [ $0$ ] ] ] [ $TradeWBalance<0.33 \eq 0$ [ $class$ [ $1$ ] ] [ $class$ [ $1$ ] ] ] ] ] ] ]
4,8368,17,34,0.016240494325757027,6,31,61,71.72562141491396,71.9273075083692,[ $ExternalRiskEstimate<0.49 \eq 1$ [ $ExternalRiskEstimate<0.80 \eq 1$ [ $Inquiry<0.75 \eq 0$ [ $TradeFrequency<0.6 \eq 1$ [ $TradeWBalance<0.33 \eq 0$ [ $class$ [ $0$ ] ] [ $class$ [ $0$ ] ] ] [ $TradeOpenTime<0.85 \eq 0$ [ $class$ [ $0$ ] ] [ $class$ [ $0$ ] ] ] ] [ $TradeOpenTime<0.6 \eq 1$ [ $Installment<0.5 \eq 1$ [ $class$ [ $0$ ] ] [ $class$ [ $0$ ] ] ] [ $Delinquency<0.75 \eq 1$ [ $class$ [ $0$ ] ] [ $class$ [ $0$ ] ] ] ] ] [ $Inquiry<0.75 \eq 0$ [ $ExternalRiskEstimate<0.65 \eq 1$ [ $NumSatisfactoryTrades<0.5 \eq 0$ [ $class$ [ $1$ ] ] [ $class$ [ $0$ ] ] ] [ $NumSatisfactoryTrades<0.5 \eq 1$ [ $class$ [ $1$ ] ] [ $class$ [ $1$ ] ] ] ] [ $ExternalRiskEstimate<0.65 \eq 0$ [ $NumSatisfactoryTrades<0.5 \eq 0$ [ $class$ [ $1$ ] ] [ $class$ [ $0$ ] ] ] [ $RevolvingBalance<0.6 \eq 0$ [ $class$ [ $0$ ] ] [ $class$ [ $0$ ] ] ] ] ] ] [ $Inquiry<0.75 \eq 0$ [ $Utilization<0.6 \eq 0$ [ $RevolvingBalance<0.6 \eq 0$ [ $Delinquency<0.55 \eq 0$ [ $class$ [ $1$ ] ] [ $class$ [ $1$ ] ] ] [ $Delinquency<0.55 \eq 0$ [ $class$ [ $1$ ] ] [ $class$ [ $1$ ] ] ] ] [ $TradeOpenTime<0.85 \eq 0$ [ $Delinquency<0.55 \eq 0$ [ $class$ [ $1$ ] ] [ $class$ [ $0$ ] ] ] [ $class$ [ $0$ ] ] ] ] [ $TradeFrequency<0.6 \eq 1$ [ $RevolvingBalance<0.6 \eq 0$ [ $TradeOpenTime<0.6 \eq 0$ [ $class$ [ $1$ ] ] [ $class$ [ $0$ ] ] ] [ $Delinquency<0.55 \eq 0$ [ $class$ [ $0$ ] ] [ $class$ [ $1$ ] ] ] ] [ $RevolvingBalance<0.4 \eq 0$ [ $Delinquency<0.55 \eq 0$ [ $class$ [ $1$ ] ] [ $class$ [ $1$ ] ] ] [ $Delinquency<0.75 \eq 1$ [ $class$ [ $0$ ] ] [ $class$ [ $1$ ] ] ] ] ] ] ]
0,8367,17,34,0.01901692384853959,7,60,119,73.87355085454763,64.34034416826003,[ $ExternalRiskEstimate<0.49 \eq 1$ [ $Inquiry<0.75 \eq 0$ [ $ExternalRiskEstimate<0.80 \eq 1$ [ $NumSatisfactoryTrades<0.5 \eq 1$ [ $TradeFrequency<0.6 \eq 1$ [ $TradeWBalance<0.33 \eq 1$ [ $class$ [ $0$ ] ] [ $class$ [ $0$ ] ] ] [ $Delinquency<0.75 \eq 0$ [ $class$ [ $0$ ] ] [ $class$ [ $0$ ] ] ] ] [ $Utilization<0.6 \eq 0$ [ $Installment<0.5 \eq 1$ [ $class$ [ $0$ ] ] [ $class$ [ $1$ ] ] ] [ $TradeFrequency<0.6 \eq 1$ [ $class$ [ $0$ ] ] [ $class$ [ $0$ ] ] ] ] ] [ $TradeOpenTime<0.6 \eq 1$ [ $ExternalRiskEstimate<0.65 \eq 1$ [ $TradeWBalance<0.33 \eq 1$ [ $class$ [ $0$ ] ] [ $class$ [ $1$ ] ] ] [ $NumSatisfactoryTrades<0.5 \eq 1$ [ $class$ [ $0$ ] ] [ $class$ [ $1$ ] ] ] ] [ $Delinquency<0.75 \eq 0$ [ $Utilization<0.6 \eq 0$ [ $class$ [ $1$ ] ] [ $class$ [ $1$ ] ] ] [ $Utilization<0.6 \eq 0$ [ $class$ [ $0$ ] ] [ $class$ [ $0$ ] ] ] ] ] ] [ $ExternalRiskEstimate<0.65 \eq 1$ [ $ExternalRiskEstimate<0.80 \eq 0$ [ $NumSatisfactoryTrades<0.5 \eq 0$ [ $TradeFrequency<0.45 \eq 1$ [ $class$ [ $0$ ] ] [ $class$ [ $0$ ] ] ] [ $RevolvingBalance<0.6 \eq 1$ [ $class$ [ $0$ ] ] [ $class$ [ $0$ ] ] ] ] [ $TradeOpenTime<0.6 \eq 0$ [ $Delinquency<0.75 \eq 1$ [ $class$ [ $0$ ] ] [ $class$ [ $0$ ] ] ] [ $RevolvingBalance<0.6 \eq 1$ [ $class$ [ $0$ ] ] [ $class$ [ $0$ ] ] ] ] ] [ $NumSatisfactoryTrades<0.5 \eq 0$ [ $TradeFrequency<0.45 \eq 0$ [ $RevolvingBalance<0.6 \eq 0$ [ $class$ [ $1$ ] ] [ $class$ [ $0$ ] ] ] [ $RevolvingBalance<0.4 \eq 0$ [ $class$ [ $1$ ] ] [ $class$ [ $0$ ] ] ] ] [ $Installment<0.5 \eq 0$ [ $TradeOpenTime<0.6 \eq 1$ [ $class$ [ $0$ ] ] [ $class$ [ $0$ ] ] ] [ $TradeOpenTime<0.6 \eq 1$ [ $class$ [ $0$ ] ] [ $class$ [ $0$ ] ] ] ] ] ] ] [ $Inquiry<0.75 \eq 0$ [ $Utilization<0.6 \eq 0$ [ $RevolvingBalance<0.6 \eq 0$ [ $Delinquency<0.55 \eq 0$ [ $NumSatisfactoryTrades<0.5 \eq 0$ [ $class$ [ $1$ ] ] [ $class$ [ $1$ ] ] ] [ $TradeOpenTime<0.6 \eq 0$ [ $class$ [ $1$ ] ] [ $class$ [ $1$ ] ] ] ] [ $Delinquency<0.55 \eq 1$ [ $Installment<0.5 \eq 0$ [ $class$ [ $1$ ] ] [ $class$ [ $0$ ] ] ] [ $Installment<0.5 \eq 0$ [ $class$ [ $1$ ] ] [ $class$ [ $1$ ] ] ] ] ] [ $TradeOpenTime<0.6 \eq 0$ [ $TradeFrequency<0.45 \eq 0$ [ $class$ [ $0$ ] ] [ $TradeFrequency<0.6 \eq 0$ [ $class$ [ $0$ ] ] [ $class$ [ $1$ ] ] ] ] [ $TradeWBalance<0.33 \eq 1$ [ $TradeFrequency<0.45 \eq 1$ [ $class$ [ $1$ ] ] [ $class$ [ $1$ ] ] ] [ $RevolvingBalance<0.6 \eq 0$ [ $class$ [ $1$ ] ] [ $class$ [ $0$ ] ] ] ] ] ] [ $TradeOpenTime<0.85 \eq 0$ [ $RevolvingBalance<0.6 \eq 0$ [ $Delinquency<0.75 \eq 0$ [ $TradeOpenTime<0.6 \eq 1$ [ $class$ [ $1$ ] ] [ $class$ [ $1$ ] ] ] [ $TradeOpenTime<0.6 \eq 1$ [ $class$ [ $0$ ] ] [ $class$ [ $0$ ] ] ] ] [ $TradeFrequency<0.6 \eq 0$ [ $TradeOpenTime<0.6 \eq 1$ [ $class$ [ $0$ ] ] [ $class$ [ $1$ ] ] ] [ $Delinquency<0.55 \eq 1$ [ $class$ [ $1$ ] ] [ $class$ [ $0$ ] ] ] ] ] [ $RevolvingBalance<0.6 \eq 1$ [ $class$ [ $0$ ] ] [ $TradeFrequency<0.6 \eq 1$ [ $RevolvingBalance<0.4 \eq 0$ [ $class$ [ $0$ ] ] [ $class$ [ $0$ ] ] ] [ $Installment<0.5 \eq 1$ [ $class$ [ $1$ ] ] [ $class$ [ $0$ ] ] ] ] ] ] ] ]
1,8367,17,34,0.01845068670809269,7,61,121,72.70228277757859,70.26768642447419,[ $ExternalRiskEstimate<0.49 \eq 0$ [ $Inquiry<0.75 \eq 1$ [ $TradeOpenTime<0.85 \eq 0$ [ $RevolvingBalance<0.6 \eq 0$ [ $Delinquency<0.55 \eq 1$ [ $NumSatisfactoryTrades<0.5 \eq 1$ [ $class$ [ $1$ ] ] [ $class$ [ $1$ ] ] ] [ $RevolvingBalance<0.4 \eq 1$ [ $class$ [ $1$ ] ] [ $class$ [ $1$ ] ] ] ] [ $Utilization<0.6 \eq 1$ [ $Installment<0.5 \eq 0$ [ $class$ [ $0$ ] ] [ $class$ [ $0$ ] ] ] [ $Delinquency<0.75 \eq 0$ [ $class$ [ $1$ ] ] [ $class$ [ $0$ ] ] ] ] ] [ $RevolvingBalance<0.4 \eq 0$ [ $TradeFrequency<0.6 \eq 1$ [ $Delinquency<0.55 \eq 0$ [ $class$ [ $0$ ] ] [ $class$ [ $0$ ] ] ] [ $Utilization<0.6 \eq 1$ [ $class$ [ $1$ ] ] [ $class$ [ $0$ ] ] ] ] [ $Installment<0.5 \eq 1$ [ $TradeFrequency<0.6 \eq 1$ [ $class$ [ $0$ ] ] [ $class$ [ $0$ ] ] ] [ $class$ [ $0$ ] ] ] ] ] [ $RevolvingBalance<0.6 \eq 1$ [ $Delinquency<0.55 \eq 1$ [ $Installment<0.5 \eq 1$ [ $Delinquency<0.75 \eq 1$ [ $class$ [ $1$ ] ] [ $class$ [ $1$ ] ] ] [ $class$ [ $1$ ] ] ] [ $TradeFrequency<0.45 \eq 0$ [ $Utilization<0.6 \eq 0$ [ $class$ [ $1$ ] ] [ $class$ [ $0$ ] ] ] [ $TradeOpenTime<0.85 \eq 1$ [ $class$ [ $0$ ] ] [ $class$ [ $1$ ] ] ] ] ] [ $Utilization<0.6 \eq 1$ [ $NumSatisfactoryTrades<0.5 \eq 1$ [ $Delinquency<0.55 \eq 1$ [ $class$ [ $0$ ] ] [ $class$ [ $1$ ] ] ] [ $class$ [ $1$ ] ] ] [ $Delinquency<0.55 \eq 0$ [ $TradeFrequency<0.6 \eq 1$ [ $class$ [ $1$ ] ] [ $class$ [ $1$ ] ] ] [ $TradeFrequency<0.6 \eq 0$ [ $class$ [ $1$ ] ] [ $class$ [ $1$ ] ] ] ] ] ] ] [ $ExternalRiskEstimate<0.80 \eq 1$ [ $Inquiry<0.75 \eq 0$ [ $TradeWBalance<0.33 \eq 0$ [ $Delinquency<0.75 \eq 0$ [ $TradeFrequency<0.45 \eq 0$ [ $class$ [ $0$ ] ] [ $class$ [ $1$ ] ] ] [ $Installment<0.5 \eq 0$ [ $class$ [ $0$ ] ] [ $class$ [ $1$ ] ] ] ] [ $TradeFrequency<0.6 \eq 0$ [ $TradeOpenTime<0.6 \eq 1$ [ $class$ [ $0$ ] ] [ $class$ [ $0$ ] ] ] [ $TradeOpenTime<0.6 \eq 0$ [ $class$ [ $0$ ] ] [ $class$ [ $0$ ] ] ] ] ] [ $TradeOpenTime<0.6 \eq 0$ [ $Delinquency<0.55 \eq 1$ [ $TradeFrequency<0.45 \eq 1$ [ $class$ [ $0$ ] ] [ $class$ [ $0$ ] ] ] [ $Installment<0.5 \eq 1$ [ $class$ [ $1$ ] ] [ $class$ [ $0$ ] ] ] ] [ $RevolvingBalance<0.6 \eq 1$ [ $Installment<0.5 \eq 0$ [ $class$ [ $0$ ] ] [ $class$ [ $0$ ] ] ] [ $TradeWBalance<0.33 \eq 1$ [ $class$ [ $0$ ] ] [ $class$ [ $0$ ] ] ] ] ] ] [ $Inquiry<0.75 \eq 1$ [ $ExternalRiskEstimate<0.65 \eq 1$ [ $NumSatisfactoryTrades<0.5 \eq 0$ [ $RevolvingBalance<0.4 \eq 0$ [ $class$ [ $1$ ] ] [ $class$ [ $0$ ] ] ] [ $RevolvingBalance<0.6 \eq 1$ [ $class$ [ $0$ ] ] [ $class$ [ $0$ ] ] ] ] [ $TradeFrequency<0.45 \eq 0$ [ $RevolvingBalance<0.6 \eq 1$ [ $class$ [ $0$ ] ] [ $class$ [ $1$ ] ] ] [ $Installment<0.5 \eq 1$ [ $class$ [ $0$ ] ] [ $class$ [ $0$ ] ] ] ] ] [ $ExternalRiskEstimate<0.65 \eq 1$ [ $NumSatisfactoryTrades<0.5 \eq 0$ [ $RevolvingBalance<0.4 \eq 1$ [ $class$ [ $1$ ] ] [ $class$ [ $1$ ] ] ] [ $RevolvingBalance<0.6 \eq 0$ [ $class$ [ $0$ ] ] [ $class$ [ $0$ ] ] ] ] [ $NumSatisfactoryTrades<0.5 \eq 0$ [ $Delinquency<0.55 \eq 0$ [ $class$ [ $1$ ] ] [ $class$ [ $1$ ] ] ] [ $TradeOpenTime<0.6 \eq 0$ [ $class$ [ $1$ ] ] [ $class$ [ $0$ ] ] ] ] ] ] ] ]
2,8367,17,34,0.017854420002549887,7,64,127,72.69033106250747,71.94072657743786,[ $ExternalRiskEstimate<0.65 \eq 0$ [ $ExternalRiskEstimate<0.49 \eq 0$ [ $Inquiry<0.75 \eq 1$ [ $TradeOpenTime<0.85 \eq 0$ [ $RevolvingBalance<0.6 \eq 0$ [ $Delinquency<0.55 \eq 0$ [ $class$ [ $1$ ] ] [ $class$ [ $1$ ] ] ] [ $TradeFrequency<0.6 \eq 0$ [ $class$ [ $1$ ] ] [ $class$ [ $0$ ] ] ] ] [ $TradeFrequency<0.6 \eq 0$ [ $Utilization<0.6 \eq 0$ [ $class$ [ $0$ ] ] [ $class$ [ $1$ ] ] ] [ $Utilization<0.6 \eq 1$ [ $class$ [ $0$ ] ] [ $class$ [ $0$ ] ] ] ] ] [ $Utilization<0.6 \eq 0$ [ $Delinquency<0.55 \eq 0$ [ $RevolvingBalance<0.6 \eq 1$ [ $class$ [ $1$ ] ] [ $class$ [ $1$ ] ] ] [ $TradeOpenTime<0.6 \eq 1$ [ $class$ [ $1$ ] ] [ $class$ [ $1$ ] ] ] ] [ $TradeOpenTime<0.6 \eq 1$ [ $Delinquency<0.55 \eq 0$ [ $class$ [ $1$ ] ] [ $class$ [ $0$ ] ] ] [ $TradeFrequency<0.45 \eq 1$ [ $class$ [ $0$ ] ] [ $class$ [ $0$ ] ] ] ] ] ] [ $Inquiry<0.75 \eq 0$ [ $Delinquency<0.75 \eq 1$ [ $RevolvingBalance<0.6 \eq 1$ [ $Installment<0.5 \eq 1$ [ $class$ [ $0$ ] ] [ $class$ [ $0$ ] ] ] [ $Installment<0.5 \eq 0$ [ $class$ [ $0$ ] ] [ $class$ [ $1$ ] ] ] ] [ $NumSatisfactoryTrades<0.5 \eq 0$ [ $Delinquency<0.55 \eq 1$ [ $class$ [ $1$ ] ] [ $class$ [ $1$ ] ] ] [ $Delinquency<0.55 \eq 0$ [ $class$ [ $0$ ] ] [ $class$ [ $1$ ] ] ] ] ] [ $NumSatisfactoryTrades<0.5 \eq 1$ [ $Installment<0.5 \eq 0$ [ $TradeOpenTime<0.6 \eq 0$ [ $class$ [ $1$ ] ] [ $class$ [ $0$ ] ] ] [ $TradeOpenTime<0.6 \eq 1$ [ $class$ [ $0$ ] ] [ $class$ [ $0$ ] ] ] ] [ $RevolvingBalance<0.6 \eq 1$ [ $Delinquency<0.55 \eq 1$ [ $class$ [ $0$ ] ] [ $class$ [ $0$ ] ] ] [ $Delinquency<0.55 \eq 1$ [ $class$ [ $0$ ] ] [ $class$ [ $1$ ] ] ] ] ] ] ] [ $Inquiry<0.75 \eq 1$ [ $ExternalRiskEstimate<0.80 \eq 1$ [ $Installment<0.5 \eq 0$ [ $RevolvingBalance<0.6 \eq 1$ [ $TradeOpenTime<0.85 \eq 1$ [ $class$ [ $0$ ] ] [ $class$ [ $0$ ] ] ] [ $TradeWBalance<0.33 \eq 1$ [ $class$ [ $0$ ] ] [ $class$ [ $0$ ] ] ] ] [ $TradeOpenTime<0.6 \eq 0$ [ $Delinquency<0.75 \eq 1$ [ $class$ [ $0$ ] ] [ $class$ [ $0$ ] ] ] [ $RevolvingBalance<0.6 \eq 1$ [ $class$ [ $0$ ] ] [ $class$ [ $0$ ] ] ] ] ] [ $NumSatisfactoryTrades<0.5 \eq 0$ [ $TradeOpenTime<0.6 \eq 0$ [ $RevolvingBalance<0.4 \eq 1$ [ $class$ [ $0$ ] ] [ $class$ [ $1$ ] ] ] [ $Utilization<0.6 \eq 0$ [ $class$ [ $0$ ] ] [ $class$ [ $0$ ] ] ] ] [ $Installment<0.5 \eq 0$ [ $TradeWBalance<0.33 \eq 1$ [ $class$ [ $0$ ] ] [ $class$ [ $0$ ] ] ] [ $RevolvingBalance<0.6 \eq 1$ [ $class$ [ $0$ ] ] [ $class$ [ $0$ ] ] ] ] ] ] [ $ExternalRiskEstimate<0.80 \eq 0$ [ $TradeWBalance<0.33 \eq 0$ [ $NumSatisfactoryTrades<0.5 \eq 1$ [ $Utilization<0.6 \eq 0$ [ $class$ [ $1$ ] ] [ $class$ [ $0$ ] ] ] [ $RevolvingBalance<0.6 \eq 0$ [ $class$ [ $1$ ] ] [ $class$ [ $0$ ] ] ] ] [ $TradeFrequency<0.45 \eq 1$ [ $TradeOpenTime<0.85 \eq 1$ [ $class$ [ $0$ ] ] [ $class$ [ $0$ ] ] ] [ $Delinquency<0.75 \eq 0$ [ $class$ [ $1$ ] ] [ $class$ [ $0$ ] ] ] ] ] [ $NumSatisfactoryTrades<0.5 \eq 1$ [ $TradeFrequency<0.6 \eq 0$ [ $TradeWBalance<0.33 \eq 0$ [ $class$ [ $0$ ] ] [ $class$ [ $0$ ] ] ] [ $TradeWBalance<0.33 \eq 0$ [ $class$ [ $0$ ] ] [ $class$ [ $0$ ] ] ] ] [ $TradeFrequency<0.6 \eq 0$ [ $Utilization<0.6 \eq 1$ [ $class$ [ $0$ ] ] [ $class$ [ $0$ ] ] ] [ $Installment<0.5 \eq 1$ [ $class$ [ $0$ ] ] [ $class$ [ $0$ ] ] ] ] ] ] ] ]
3,8367,17,34,0.018554824870079756,7,61,121,72.78594478307637,70.74569789674953,[ $ExternalRiskEstimate<0.49 \eq 0$ [ $Inquiry<0.75 \eq 0$ [ $Utilization<0.6 \eq 0$ [ $TradeOpenTime<0.6 \eq 0$ [ $RevolvingBalance<0.6 \eq 0$ [ $Delinquency<0.55 \eq 1$ [ $class$ [ $1$ ] ] [ $class$ [ $1$ ] ] ] [ $TradeWBalance<0.33 \eq 1$ [ $class$ [ $1$ ] ] [ $class$ [ $0$ ] ] ] ] [ $Delinquency<0.55 \eq 0$ [ $NumSatisfactoryTrades<0.5 \eq 1$ [ $class$ [ $1$ ] ] [ $class$ [ $1$ ] ] ] [ $TradeFrequency<0.6 \eq 0$ [ $class$ [ $1$ ] ] [ $class$ [ $1$ ] ] ] ] ] [ $TradeOpenTime<0.6 \eq 0$ [ $TradeFrequency<0.45 \eq 1$ [ $Installment<0.5 \eq 0$ [ $class$ [ $1$ ] ] [ $class$ [ $1$ ] ] ] [ $class$ [ $0$ ] ] ] [ $TradeWBalance<0.33 \eq 0$ [ $class$ [ $1$ ] ] [ $TradeFrequency<0.45 \eq 0$ [ $class$ [ $1$ ] ] [ $class$ [ $1$ ] ] ] ] ] ] [ $TradeOpenTime<0.85 \eq 0$ [ $RevolvingBalance<0.4 \eq 0$ [ $Delinquency<0.55 \eq 1$ [ $Delinquency<0.75 \eq 0$ [ $class$ [ $1$ ] ] [ $class$ [ $0$ ] ] ] [ $Utilization<0.6 \eq 1$ [ $class$ [ $1$ ] ] [ $class$ [ $1$ ] ] ] ] [ $Utilization<0.6 \eq 0$ [ $NumSatisfactoryTrades<0.5 \eq 1$ [ $class$ [ $1$ ] ] [ $class$ [ $1$ ] ] ] [ $Installment<0.5 \eq 1$ [ $class$ [ $0$ ] ] [ $class$ [ $1$ ] ] ] ] ] [ $TradeFrequency<0.6 \eq 0$ [ $Utilization<0.6 \eq 0$ [ $RevolvingBalance<0.6 \eq 1$ [ $class$ [ $0$ ] ] [ $class$ [ $0$ ] ] ] [ $class$ [ $1$ ] ] ] [ $RevolvingBalance<0.4 \eq 0$ [ $Delinquency<0.55 \eq 1$ [ $class$ [ $0$ ] ] [ $class$ [ $0$ ] ] ] [ $TradeWBalance<0.33 \eq 0$ [ $class$ [ $1$ ] ] [ $class$ [ $0$ ] ] ] ] ] ] ] [ $ExternalRiskEstimate<0.80 \eq 0$ [ $Inquiry<0.75 \eq 0$ [ $ExternalRiskEstimate<0.65 \eq 0$ [ $NumSatisfactoryTrades<0.5 \eq 1$ [ $RevolvingBalance<0.6 \eq 0$ [ $class$ [ $1$ ] ] [ $class$ [ $0$ ] ] ] [ $Delinquency<0.55 \eq 0$ [ $class$ [ $1$ ] ] [ $class$ [ $1$ ] ] ] ] [ $TradeWBalance<0.33 \eq 0$ [ $NumSatisfactoryTrades<0.5 \eq 1$ [ $class$ [ $1$ ] ] [ $class$ [ $1$ ] ] ] [ $TradeFrequency<0.45 \eq 1$ [ $class$ [ $0$ ] ] [ $class$ [ $1$ ] ] ] ] ] [ $ExternalRiskEstimate<0.65 \eq 0$ [ $NumSatisfactoryTrades<0.5 \eq 1$ [ $Installment<0.5 \eq 1$ [ $class$ [ $0$ ] ] [ $class$ [ $0$ ] ] ] [ $RevolvingBalance<0.6 \eq 0$ [ $class$ [ $1$ ] ] [ $class$ [ $0$ ] ] ] ] [ $RevolvingBalance<0.6 \eq 0$ [ $Delinquency<0.75 \eq 0$ [ $class$ [ $0$ ] ] [ $class$ [ $0$ ] ] ] [ $TradeOpenTime<0.6 \eq 0$ [ $class$ [ $0$ ] ] [ $class$ [ $0$ ] ] ] ] ] ] [ $TradeOpenTime<0.6 \eq 1$ [ $Inquiry<0.75 \eq 0$ [ $TradeFrequency<0.6 \eq 0$ [ $NumSatisfactoryTrades<0.5 \eq 0$ [ $class$ [ $0$ ] ] [ $class$ [ $0$ ] ] ] [ $Utilization<0.6 \eq 0$ [ $class$ [ $0$ ] ] [ $class$ [ $0$ ] ] ] ] [ $Installment<0.5 \eq 1$ [ $RevolvingBalance<0.6 \eq 1$ [ $class$ [ $0$ ] ] [ $class$ [ $0$ ] ] ] [ $Delinquency<0.55 \eq 1$ [ $class$ [ $0$ ] ] [ $class$ [ $0$ ] ] ] ] ] [ $Delinquency<0.75 \eq 0$ [ $Utilization<0.6 \eq 1$ [ $TradeWBalance<0.33 \eq 0$ [ $class$ [ $1$ ] ] [ $class$ [ $0$ ] ] ] [ $RevolvingBalance<0.6 \eq 0$ [ $class$ [ $1$ ] ] [ $class$ [ $0$ ] ] ] ] [ $RevolvingBalance<0.6 \eq 1$ [ $Installment<0.5 \eq 1$ [ $class$ [ $0$ ] ] [ $class$ [ $0$ ] ] ] [ $Inquiry<0.75 \eq 0$ [ $class$ [ $0$ ] ] [ $class$ [ $0$ ] ] ] ] ] ] ] ]
4,8368,17,34,0.017917353194206953,7,60,119,72.6935946462715,71.73601147776183,[ $ExternalRiskEstimate<0.49 \eq 0$ [ $Inquiry<0.75 \eq 0$ [ $Utilization<0.6 \eq 1$ [ $TradeOpenTime<0.85 \eq 0$ [ $Delinquency<0.55 \eq 1$ [ $TradeWBalance<0.33 \eq 1$ [ $class$ [ $0$ ] ] [ $class$ [ $1$ ] ] ] [ $TradeOpenTime<0.6 \eq 1$ [ $class$ [ $1$ ] ] [ $class$ [ $1$ ] ] ] ] [ $class$ [ $0$ ] ] ] [ $RevolvingBalance<0.6 \eq 0$ [ $Delinquency<0.55 \eq 0$ [ $NumSatisfactoryTrades<0.5 \eq 1$ [ $class$ [ $1$ ] ] [ $class$ [ $1$ ] ] ] [ $TradeOpenTime<0.6 \eq 0$ [ $class$ [ $1$ ] ] [ $class$ [ $1$ ] ] ] ] [ $Delinquency<0.55 \eq 1$ [ $TradeOpenTime<0.6 \eq 0$ [ $class$ [ $1$ ] ] [ $class$ [ $1$ ] ] ] [ $TradeFrequency<0.6 \eq 0$ [ $class$ [ $1$ ] ] [ $class$ [ $1$ ] ] ] ] ] ] [ $TradeFrequency<0.6 \eq 0$ [ $RevolvingBalance<0.4 \eq 1$ [ $Delinquency<0.75 \eq 0$ [ $TradeOpenTime<0.6 \eq 1$ [ $class$ [ $1$ ] ] [ $class$ [ $1$ ] ] ] [ $TradeWBalance<0.33 \eq 1$ [ $class$ [ $0$ ] ] [ $class$ [ $0$ ] ] ] ] [ $Delinquency<0.55 \eq 1$ [ $Delinquency<0.75 \eq 1$ [ $class$ [ $0$ ] ] [ $class$ [ $1$ ] ] ] [ $TradeOpenTime<0.85 \eq 1$ [ $class$ [ $0$ ] ] [ $class$ [ $1$ ] ] ] ] ] [ $RevolvingBalance<0.6 \eq 0$ [ $TradeOpenTime<0.6 \eq 1$ [ $NumSatisfactoryTrades<0.5 \eq 0$ [ $class$ [ $1$ ] ] [ $class$ [ $0$ ] ] ] [ $Utilization<0.6 \eq 1$ [ $class$ [ $0$ ] ] [ $class$ [ $1$ ] ] ] ] [ $Delinquency<0.55 \eq 0$ [ $TradeOpenTime<0.6 \eq 1$ [ $class$ [ $0$ ] ] [ $class$ [ $0$ ] ] ] [ $class$ [ $1$ ] ] ] ] ] ] [ $ExternalRiskEstimate<0.80 \eq 1$ [ $Inquiry<0.75 \eq 0$ [ $TradeFrequency<0.6 \eq 0$ [ $TradeOpenTime<0.85 \eq 1$ [ $Utilization<0.6 \eq 1$ [ $class$ [ $0$ ] ] [ $class$ [ $0$ ] ] ] [ $NumSatisfactoryTrades<0.5 \eq 1$ [ $class$ [ $0$ ] ] [ $class$ [ $0$ ] ] ] ] [ $TradeWBalance<0.33 \eq 1$ [ $Installment<0.5 \eq 0$ [ $class$ [ $0$ ] ] [ $class$ [ $0$ ] ] ] [ $Delinquency<0.75 \eq 0$ [ $class$ [ $1$ ] ] [ $class$ [ $0$ ] ] ] ] ] [ $TradeOpenTime<0.6 \eq 0$ [ $Delinquency<0.75 \eq 0$ [ $TradeFrequency<0.45 \eq 1$ [ $class$ [ $0$ ] ] [ $class$ [ $0$ ] ] ] [ $RevolvingBalance<0.6 \eq 1$ [ $class$ [ $0$ ] ] [ $class$ [ $0$ ] ] ] ] [ $Installment<0.5 \eq 1$ [ $RevolvingBalance<0.6 \eq 0$ [ $class$ [ $0$ ] ] [ $class$ [ $0$ ] ] ] [ $TradeOpenTime<0.85 \eq 1$ [ $class$ [ $0$ ] ] [ $class$ [ $0$ ] ] ] ] ] ] [ $Inquiry<0.75 \eq 1$ [ $ExternalRiskEstimate<0.65 \eq 1$ [ $RevolvingBalance<0.6 \eq 0$ [ $Delinquency<0.75 \eq 0$ [ $class$ [ $0$ ] ] [ $class$ [ $0$ ] ] ] [ $NumSatisfactoryTrades<0.5 \eq 0$ [ $class$ [ $0$ ] ] [ $class$ [ $0$ ] ] ] ] [ $NumSatisfactoryTrades<0.5 \eq 1$ [ $Installment<0.5 \eq 0$ [ $class$ [ $0$ ] ] [ $class$ [ $0$ ] ] ] [ $TradeFrequency<0.45 \eq 1$ [ $class$ [ $0$ ] ] [ $class$ [ $1$ ] ] ] ] ] [ $ExternalRiskEstimate<0.65 \eq 1$ [ $NumSatisfactoryTrades<0.5 \eq 1$ [ $Delinquency<0.75 \eq 1$ [ $class$ [ $0$ ] ] [ $class$ [ $0$ ] ] ] [ $Utilization<0.6 \eq 1$ [ $class$ [ $0$ ] ] [ $class$ [ $1$ ] ] ] ] [ $NumSatisfactoryTrades<0.5 \eq 1$ [ $TradeOpenTime<0.85 \eq 1$ [ $class$ [ $0$ ] ] [ $class$ [ $1$ ] ] ] [ $Delinquency<0.55 \eq 1$ [ $class$ [ $1$ ] ] [ $class$ [ $1$ ] ] ] ] ] ] ] ]
