Data Set,Preprocessing,Classes,Samples,Features,Binary Features,Algorithm,Depth Limit,Width Limit,Regularization,Time Limit,Machine,Threads,Fold Index,Subsample,Subfeatures,Binary subfeatures,Training Time,Max Depth,# Leaves,# Nodes,Training Accuracy,Test Accuracy,Latex,Source
bar-7,complete,1,1913,5,14,osdt,None,None,0.5,300,leviathan,1,0,1530,14,28,-1,-1,-1,-1,-1,-1,NA,
bar-7,complete,1,1913,5,14,osdt,None,None,0.5,300,leviathan,1,1,1530,14,28,-1,-1,-1,-1,-1,-1,NA,
bar-7,complete,1,1913,5,14,osdt,None,None,0.5,300,leviathan,1,2,1530,14,28,-1,-1,-1,-1,-1,-1,NA,
bar-7,complete,1,1913,5,14,osdt,None,None,0.5,300,leviathan,1,3,1531,14,28,-1,-1,-1,-1,-1,-1,NA,
bar-7,complete,1,1913,5,14,osdt,None,None,0.5,300,leviathan,1,4,1531,14,28,-1,-1,-1,-1,-1,-1,NA,
bar-7,complete,1,1913,5,14,osdt,None,None,0.25,300,leviathan,1,0,1530,14,28,-1,-1,-1,-1,-1,-1,NA,
bar-7,complete,1,1913,5,14,osdt,None,None,0.25,300,leviathan,1,1,1530,14,28,-1,-1,-1,-1,-1,-1,NA,
bar-7,complete,1,1913,5,14,osdt,None,None,0.25,300,leviathan,1,2,1530,14,28,-1,-1,-1,-1,-1,-1,NA,
bar-7,complete,1,1913,5,14,osdt,None,None,0.25,300,leviathan,1,3,1531,14,28,-1,-1,-1,-1,-1,-1,NA,
bar-7,complete,1,1913,5,14,osdt,None,None,0.25,300,leviathan,1,4,1531,14,28,-1,-1,-1,-1,-1,-1,NA,
bar-7,complete,1,1913,5,14,osdt,None,None,0.125,300,leviathan,1,0,1530,14,28,-1,-1,-1,-1,-1,-1,NA,
bar-7,complete,1,1913,5,14,osdt,None,None,0.125,300,leviathan,1,1,1530,14,28,-1,-1,-1,-1,-1,-1,NA,
bar-7,complete,1,1913,5,14,osdt,None,None,0.125,300,leviathan,1,2,1530,14,28,-1,-1,-1,-1,-1,-1,NA,
bar-7,complete,1,1913,5,14,osdt,None,None,0.125,300,leviathan,1,3,1531,14,28,-1,-1,-1,-1,-1,-1,NA,
bar-7,complete,1,1913,5,14,osdt,None,None,0.125,300,leviathan,1,4,1531,14,28,-1,-1,-1,-1,-1,-1,NA,
bar-7,complete,1,1913,5,14,osdt,None,None,0.0625,300,leviathan,1,0,1530,14,28,-1,-1,-1,-1,-1,-1,NA,
bar-7,complete,1,1913,5,14,osdt,None,None,0.0625,300,leviathan,1,1,1530,14,28,-1,-1,-1,-1,-1,-1,NA,
bar-7,complete,1,1913,5,14,osdt,None,None,0.0625,300,leviathan,1,2,1530,14,28,0.06679794984,2,2,3,64.37908497,65.53524804,[ $Bar0  \eq  1$ [ $class$ [ $1$ ] ] [ $class$ [ $0$ ] ] ],
bar-7,complete,1,1913,5,14,osdt,None,None,0.0625,300,leviathan,1,3,1531,14,28,0.07451758767,2,2,3,64.07576747,66.7539267,[ $Bar0  \eq  1$ [ $class$ [ $1$ ] ] [ $class$ [ $0$ ] ] ],
bar-7,complete,1,1913,5,14,osdt,None,None,0.0625,300,leviathan,1,4,1531,14,28,-1,-1,-1,-1,-1,-1,NA,
bar-7,complete,1,1913,5,14,osdt,None,None,0.03125,300,leviathan,1,0,1530,14,28,0.2011870663,3,3,5,68.62745098,69.71279373,[ $Bar1  \eq  1$ [ $class$ [ $1$ ] ] [ $Bar0  \eq  1$ [ $class$ [ $1$ ] ] [ $class$ [ $0$ ] ] ] ],
bar-7,complete,1,1913,5,14,osdt,None,None,0.03125,300,leviathan,1,1,1530,14,28,0.2099247039,3,3,5,69.47712418,66.31853786,[ $Bar1  \eq  1$ [ $class$ [ $1$ ] ] [ $Bar0  \eq  1$ [ $class$ [ $1$ ] ] [ $class$ [ $0$ ] ] ] ],
bar-7,complete,1,1913,5,14,osdt,None,None,0.03125,300,leviathan,1,2,1530,14,28,0.199194659,3,3,5,68.82352941,68.92950392,[ $Bar1  \eq  1$ [ $class$ [ $1$ ] ] [ $Bar0  \eq  1$ [ $class$ [ $1$ ] ] [ $class$ [ $0$ ] ] ] ],
bar-7,complete,1,1913,5,14,osdt,None,None,0.03125,300,leviathan,1,3,1531,14,28,0.3541974882,3,3,5,68.06009144,71.9895288,[ $Bar1  \eq  1$ [ $class$ [ $1$ ] ] [ $Bar0  \eq  1$ [ $class$ [ $1$ ] ] [ $class$ [ $0$ ] ] ] ],
bar-7,complete,1,1913,5,14,osdt,None,None,0.03125,300,leviathan,1,4,1531,14,28,0.2564589861,3,3,5,69.2357936,67.27748691,[ $Bar1  \eq  1$ [ $class$ [ $1$ ] ] [ $Bar0  \eq  1$ [ $class$ [ $1$ ] ] [ $class$ [ $0$ ] ] ] ],
bar-7,complete,1,1913,5,14,osdt,None,None,0.015625,300,leviathan,1,0,1530,14,28,9.403409855,3,3,5,68.62745098,69.71279373,[ $Bar1  \eq  1$ [ $class$ [ $1$ ] ] [ $Bar0  \eq  1$ [ $class$ [ $1$ ] ] [ $class$ [ $0$ ] ] ] ],
bar-7,complete,1,1913,5,14,osdt,None,None,0.015625,300,leviathan,1,1,1530,14,28,4.131453562,3,3,5,69.47712418,66.31853786,[ $Bar1  \eq  1$ [ $class$ [ $1$ ] ] [ $Bar0  \eq  1$ [ $class$ [ $1$ ] ] [ $class$ [ $0$ ] ] ] ],
bar-7,complete,1,1913,5,14,osdt,None,None,0.015625,300,leviathan,1,2,1530,14,28,4.500921074,3,3,5,68.82352941,68.92950392,[ $Bar1  \eq  1$ [ $class$ [ $1$ ] ] [ $Bar0  \eq  1$ [ $class$ [ $1$ ] ] [ $class$ [ $0$ ] ] ] ],
bar-7,complete,1,1913,5,14,osdt,None,None,0.015625,300,leviathan,1,3,1531,14,28,58.54649516,4,4,7,69.62769432,70.94240838,[ $Bar1  \eq  1$ [ $class$ [ $1$ ] ] [ $Bar0  \eq  1$ [ $class$ [ $1$ ] ] [ $Bar2  \eq  1$ [ $class$ [ $1$ ] ] [ $class$ [ $0$ ] ] ] ] ],
bar-7,complete,1,1913,5,14,osdt,None,None,0.015625,300,leviathan,1,4,1531,14,28,7.757227686,3,3,5,69.2357936,67.27748691,[ $Bar1  \eq  1$ [ $class$ [ $1$ ] ] [ $Bar0  \eq  1$ [ $class$ [ $1$ ] ] [ $class$ [ $0$ ] ] ] ],
bar-7,complete,1,1913,5,14,osdt,None,None,0.0078125,300,leviathan,1,0,1530,14,28,301.5360634,4,4,7,69.54248366,71.27937337,[ $Bar1  \eq  1$ [ $class$ [ $1$ ] ] [ $Bar0  \eq  1$ [ $class$ [ $1$ ] ] [ $Bar2  \eq  1$ [ $class$ [ $1$ ] ] [ $class$ [ $0$ ] ] ] ] ],
bar-7,complete,1,1913,5,14,osdt,None,None,0.0078125,300,leviathan,1,1,1530,14,28,301.2498447,3,3,5,69.47712418,66.31853786,[ $Bar1  \eq  1$ [ $class$ [ $1$ ] ] [ $Bar0  \eq  1$ [ $class$ [ $1$ ] ] [ $class$ [ $0$ ] ] ] ],
bar-7,complete,1,1913,5,14,osdt,None,None,0.0078125,300,leviathan,1,2,1530,14,28,300.8849045,4,4,7,70.06535948,69.19060052,[ $Bar2  \eq  1$ [ $class$ [ $1$ ] ] [ $Bar0  \eq  1$ [ $class$ [ $1$ ] ] [ $Bar1  \eq  1$ [ $class$ [ $1$ ] ] [ $class$ [ $0$ ] ] ] ] ],
bar-7,complete,1,1913,5,14,osdt,None,None,0.0078125,300,leviathan,1,3,1531,14,28,-1,-1,-1,-1,-1,-1,NA,
bar-7,complete,1,1913,5,14,osdt,None,None,0.0078125,300,leviathan,1,4,1531,14,28,301.7429809,4,4,7,70.15022861,68.84816754,[ $Bar2  \eq  1$ [ $class$ [ $1$ ] ] [ $Bar1  \eq  1$ [ $class$ [ $1$ ] ] [ $Bar0  \eq  1$ [ $class$ [ $1$ ] ] [ $class$ [ $0$ ] ] ] ] ],