Data Set,Preprocessing,Classes,Samples,Features,Binary Features,Algorithm,Depth Limit,Width Limit,Regularization,Time Limit,Machine,Threads,Fold Index,Subsample,Subfeatures,Binary subfeatures,Training Time,Max Depth,# Leaves,# Nodes,Training Accuracy,Test Accuracy,Latex,Source
bar-7,complete,1,1913,5,14,gosdt,None,None,0.5,300,leviathan,1,0,1530,14,28,0,1,1,1,60.65359477,51.43603133,[ $class$ [ $0$ ] ],
bar-7,complete,1,1913,5,14,gosdt,None,None,0.5,300,leviathan,1,1,1530,14,28,0,1,1,1,59.21568627,57.18015666,[ $class$ [ $0$ ] ],
bar-7,complete,1,1913,5,14,gosdt,None,None,0.5,300,leviathan,1,2,1530,14,28,0,1,1,1,56.33986928,68.66840731,[ $class$ [ $0$ ] ],
bar-7,complete,1,1913,5,14,gosdt,None,None,0.5,300,leviathan,1,3,1531,14,28,0,1,1,1,57.54408883,63.87434555,[ $class$ [ $0$ ] ],
bar-7,complete,1,1913,5,14,gosdt,None,None,0.5,300,leviathan,1,4,1531,14,28,0,1,1,1,60.28739386,52.87958115,[ $class$ [ $0$ ] ],
bar-7,complete,1,1913,5,14,gosdt,None,None,0.25,300,leviathan,1,0,1530,14,28,0,1,1,1,60.65359477,51.43603133,[ $class$ [ $0$ ] ],
bar-7,complete,1,1913,5,14,gosdt,None,None,0.25,300,leviathan,1,1,1530,14,28,0,1,1,1,59.21568627,57.18015666,[ $class$ [ $0$ ] ],
bar-7,complete,1,1913,5,14,gosdt,None,None,0.25,300,leviathan,1,2,1530,14,28,0,1,1,1,56.33986928,68.66840731,[ $class$ [ $0$ ] ],
bar-7,complete,1,1913,5,14,gosdt,None,None,0.25,300,leviathan,1,3,1531,14,28,0,1,1,1,57.54408883,63.87434555,[ $class$ [ $0$ ] ],
bar-7,complete,1,1913,5,14,gosdt,None,None,0.25,300,leviathan,1,4,1531,14,28,0,1,1,1,60.28739386,52.87958115,[ $class$ [ $0$ ] ],
bar-7,complete,1,1913,5,14,gosdt,None,None,0.125,300,leviathan,1,0,1530,14,28,0,1,1,1,60.65359477,51.43603133,[ $class$ [ $0$ ] ],
bar-7,complete,1,1913,5,14,gosdt,None,None,0.125,300,leviathan,1,1,1530,14,28,0.001,1,1,1,59.21568627,57.18015666,[ $class$ [ $0$ ] ],
bar-7,complete,1,1913,5,14,gosdt,None,None,0.125,300,leviathan,1,2,1530,14,28,0.001,1,1,1,56.33986928,68.66840731,[ $class$ [ $0$ ] ],
bar-7,complete,1,1913,5,14,gosdt,None,None,0.125,300,leviathan,1,3,1531,14,28,0,1,1,1,57.54408883,63.87434555,[ $class$ [ $0$ ] ],
bar-7,complete,1,1913,5,14,gosdt,None,None,0.125,300,leviathan,1,4,1531,14,28,0,1,1,1,60.28739386,52.87958115,[ $class$ [ $0$ ] ],
bar-7,complete,1,1913,5,14,gosdt,None,None,0.0625,300,leviathan,1,0,1530,14,28,0.003,1,1,1,60.65359477,51.43603133,[ $class$ [ $0$ ] ],
bar-7,complete,1,1913,5,14,gosdt,None,None,0.0625,300,leviathan,1,1,1530,14,28,0.034,1,1,1,59.21568627,57.18015666,[ $class$ [ $0$ ] ],
bar-7,complete,1,1913,5,14,gosdt,None,None,0.0625,300,leviathan,1,2,1530,14,28,0.092,2,2,3,64.37908497,65.53524804,[ $Bar0  \eq  1$ [ $class$ [ $1$ ] ] [ $class$ [ $0$ ] ] ],
bar-7,complete,1,1913,5,14,gosdt,None,None,0.0625,300,leviathan,1,3,1531,14,28,0.084,2,2,3,64.07576747,66.7539267,[ $Bar0  \eq  1$ [ $class$ [ $1$ ] ] [ $class$ [ $0$ ] ] ],
bar-7,complete,1,1913,5,14,gosdt,None,None,0.0625,300,leviathan,1,4,1531,14,28,0.013,1,1,1,60.28739386,52.87958115,[ $class$ [ $0$ ] ],
bar-7,complete,1,1913,5,14,gosdt,None,None,0.03125,300,leviathan,1,0,1530,14,28,0.539,3,3,5,68.62745098,69.71279373,[ $Bar0  \eq  1$ [ $class$ [ $1$ ] ] [ $Bar1  \eq  1$ [ $class$ [ $1$ ] ] [ $class$ [ $0$ ] ] ] ],
bar-7,complete,1,1913,5,14,gosdt,None,None,0.03125,300,leviathan,1,1,1530,14,28,0.704,3,3,5,69.47712418,66.31853786,[ $Bar0  \eq  1$ [ $class$ [ $1$ ] ] [ $Bar1  \eq  1$ [ $class$ [ $1$ ] ] [ $class$ [ $0$ ] ] ] ],
bar-7,complete,1,1913,5,14,gosdt,None,None,0.03125,300,leviathan,1,2,1530,14,28,0.844,3,3,5,68.82352941,68.92950392,[ $Bar0  \eq  1$ [ $class$ [ $1$ ] ] [ $Bar1  \eq  1$ [ $class$ [ $1$ ] ] [ $class$ [ $0$ ] ] ] ],
bar-7,complete,1,1913,5,14,gosdt,None,None,0.03125,300,leviathan,1,3,1531,14,28,0.78,3,3,5,68.06009144,71.9895288,[ $Bar0  \eq  1$ [ $class$ [ $1$ ] ] [ $Bar1  \eq  1$ [ $class$ [ $1$ ] ] [ $class$ [ $0$ ] ] ] ],
bar-7,complete,1,1913,5,14,gosdt,None,None,0.03125,300,leviathan,1,4,1531,14,28,0.51,3,3,5,69.2357936,67.27748691,[ $Bar0  \eq  1$ [ $class$ [ $1$ ] ] [ $Bar1  \eq  1$ [ $class$ [ $1$ ] ] [ $class$ [ $0$ ] ] ] ],
bar-7,complete,1,1913,5,14,gosdt,None,None,0.015625,300,leviathan,1,0,1530,14,28,1.361,3,3,5,68.62745098,69.71279373,[ $Bar0  \eq  1$ [ $class$ [ $1$ ] ] [ $Bar1  \eq  1$ [ $class$ [ $1$ ] ] [ $class$ [ $0$ ] ] ] ],
bar-7,complete,1,1913,5,14,gosdt,None,None,0.015625,300,leviathan,1,1,1530,14,28,1.564,3,3,5,69.47712418,66.31853786,[ $Bar0  \eq  1$ [ $class$ [ $1$ ] ] [ $Bar1  \eq  1$ [ $class$ [ $1$ ] ] [ $class$ [ $0$ ] ] ] ],
bar-7,complete,1,1913,5,14,gosdt,None,None,0.015625,300,leviathan,1,2,1530,14,28,1.594,3,3,5,68.82352941,68.92950392,[ $Bar0  \eq  1$ [ $class$ [ $1$ ] ] [ $Bar1  \eq  1$ [ $class$ [ $1$ ] ] [ $class$ [ $0$ ] ] ] ],
bar-7,complete,1,1913,5,14,gosdt,None,None,0.015625,300,leviathan,1,3,1531,14,28,1.57,4,4,7,69.62769432,70.94240838,[ $Bar0  \eq  1$ [ $class$ [ $1$ ] ] [ $Bar1  \eq  1$ [ $class$ [ $1$ ] ] [ $Bar2  \eq  1$ [ $class$ [ $1$ ] ] [ $class$ [ $0$ ] ] ] ] ],
bar-7,complete,1,1913,5,14,gosdt,None,None,0.015625,300,leviathan,1,4,1531,14,28,1.408,3,3,5,69.2357936,67.27748691,[ $Bar0  \eq  1$ [ $class$ [ $1$ ] ] [ $Bar1  \eq  1$ [ $class$ [ $1$ ] ] [ $class$ [ $0$ ] ] ] ],
bar-7,complete,1,1913,5,14,gosdt,None,None,0.0078125,300,leviathan,1,0,1530,14,28,1.842,4,4,7,69.54248366,71.27937337,[ $Bar0  \eq  1$ [ $class$ [ $1$ ] ] [ $Bar1  \eq  1$ [ $class$ [ $1$ ] ] [ $Bar2  \eq  1$ [ $class$ [ $1$ ] ] [ $class$ [ $0$ ] ] ] ] ],
bar-7,complete,1,1913,5,14,gosdt,None,None,0.0078125,300,leviathan,1,1,1530,14,28,2.149,3,3,5,69.47712418,66.31853786,[ $Bar0  \eq  1$ [ $class$ [ $1$ ] ] [ $Bar1  \eq  1$ [ $class$ [ $1$ ] ] [ $class$ [ $0$ ] ] ] ],
bar-7,complete,1,1913,5,14,gosdt,None,None,0.0078125,300,leviathan,1,2,1530,14,28,2.146,4,4,7,70.06535948,69.19060052,[ $Bar0  \eq  1$ [ $class$ [ $1$ ] ] [ $Bar1  \eq  1$ [ $class$ [ $1$ ] ] [ $Bar2  \eq  1$ [ $class$ [ $1$ ] ] [ $class$ [ $0$ ] ] ] ] ],
bar-7,complete,1,1913,5,14,gosdt,None,None,0.0078125,300,leviathan,1,3,1531,14,28,2.17,8,8,15,73.02416721,68.58638743,[ $Bar1  \eq  1$ [ $class$ [ $1$ ] ] [ $Bar2  \eq  1$ [ $class$ [ $1$ ] ] [ $passanger2  \eq  1$ [ $class$ [ $0$ ] ] [ $Bar0  \eq  1$ [ $class$ [ $1$ ] ] [ $Bar3  \eq  1$ [ $age0  \eq  1$ [ $class$ [ $1$ ] ] [ $age4  \eq  1$ [ $class$ [ $1$ ] ] [ $class$ [ $0$ ] ] ] ] [ $class$ [ $0$ ] ] ] ] ] ] ],
bar-7,complete,1,1913,5,14,gosdt,None,None,0.0078125,300,leviathan,1,4,1531,14,28,2.07,4,4,7,70.15022861,68.84816754,[ $Bar0  \eq  1$ [ $class$ [ $1$ ] ] [ $Bar1  \eq  1$ [ $class$ [ $1$ ] ] [ $Bar2  \eq  1$ [ $class$ [ $1$ ] ] [ $class$ [ $0$ ] ] ] ] ],