Data Set,Preprocessing,Classes,Samples,Features,Binary Features,Algorithm,Depth Limit,Width Limit,Regularization,Time Limit,Machine,Threads,Fold Index,Subsample,Subfeatures,Binary subfeatures,Training Time,Max Depth,# Leaves,# Nodes,Training Accuracy,Test Accuracy,Latex,Source
bar-7,complete,1,1913,5,14,cart,1,2,None,300,leviathan,1,0,1530,14,28,0.003122088034,2,2,3,64.83660131,63.7075718,[ $Bar0 \eq 1$ [ $class$ [ $0$ ] ] [ $class$ [ $1$ ] ] ],
bar-7,complete,1,1913,5,14,cart,1,2,None,300,leviathan,1,1,1530,14,28,0.003014137968,2,2,3,65.4248366,61.35770235,[ $Bar0 \eq 0$ [ $class$ [ $1$ ] ] [ $class$ [ $0$ ] ] ],
bar-7,complete,1,1913,5,14,cart,1,2,None,300,leviathan,1,2,1530,14,28,0.003095747903,2,2,3,64.37908497,65.53524804,[ $Bar0 \eq 1$ [ $class$ [ $0$ ] ] [ $class$ [ $1$ ] ] ],
bar-7,complete,1,1913,5,14,cart,1,2,None,300,leviathan,1,3,1531,14,28,0.002990139183,2,2,3,64.07576747,66.7539267,[ $Bar0 \eq 1$ [ $class$ [ $0$ ] ] [ $class$ [ $1$ ] ] ],
bar-7,complete,1,1913,5,14,cart,1,2,None,300,leviathan,1,4,1531,14,28,0.003041842952,2,2,3,65.18615284,54.45026178,[ $Bar1 \eq 1$ [ $class$ [ $0$ ] ] [ $class$ [ $1$ ] ] ],
bar-7,complete,1,1913,5,14,cart,2,4,None,300,leviathan,1,0,1530,14,28,0.003188501112,3,4,7,68.62745098,69.71279373,[ $Bar0 \eq 1$ [ $Bar1 \eq 0$ [ $class$ [ $1$ ] ] [ $class$ [ $0$ ] ] ] [ $Restaurant20to50 \ge 4 \eq 1$ [ $class$ [ $1$ ] ] [ $class$ [ $1$ ] ] ] ],
bar-7,complete,1,1913,5,14,cart,2,4,None,300,leviathan,1,1,1530,14,28,0.003238613717,3,4,7,69.93464052,67.62402089,[ $Bar0 \eq 1$ [ $Bar1 \eq 0$ [ $class$ [ $1$ ] ] [ $class$ [ $0$ ] ] ] [ $passanger2 \eq 1$ [ $class$ [ $1$ ] ] [ $class$ [ $0$ ] ] ] ],
bar-7,complete,1,1913,5,14,cart,2,4,None,300,leviathan,1,2,1530,14,28,0.003219107166,3,4,7,69.34640523,69.97389034,[ $Bar0 \eq 1$ [ $Bar1 \eq 1$ [ $class$ [ $0$ ] ] [ $class$ [ $1$ ] ] ] [ $passanger2 \eq 0$ [ $class$ [ $0$ ] ] [ $class$ [ $1$ ] ] ] ],
bar-7,complete,1,1913,5,14,cart,2,4,None,300,leviathan,1,3,1531,14,28,0.003146572039,3,4,7,68.90920967,71.72774869,[ $Bar0 \eq 0$ [ $passanger2 \eq 0$ [ $class$ [ $0$ ] ] [ $class$ [ $1$ ] ] ] [ $Bar1 \eq 0$ [ $class$ [ $1$ ] ] [ $class$ [ $0$ ] ] ] ],
bar-7,complete,1,1913,5,14,cart,2,4,None,300,leviathan,1,4,1531,14,28,0.003231108189,3,4,7,69.2357936,67.27748691,[ $Bar1 \eq 1$ [ $Bar0 \eq 1$ [ $class$ [ $0$ ] ] [ $class$ [ $1$ ] ] ] [ $direction_same \eq 0$ [ $class$ [ $1$ ] ] [ $class$ [ $1$ ] ] ] ],
bar-7,complete,1,1913,5,14,cart,3,8,None,300,leviathan,1,0,1530,14,28,0.003503507935,4,8,15,69.73856209,68.92950392,[ $Bar0 \eq 0$ [ $Restaurant20to50 \ge 4 \eq 0$ [ $age2 \eq 0$ [ $class$ [ $1$ ] ] [ $class$ [ $1$ ] ] ] [ $passanger2 \eq 0$ [ $class$ [ $0$ ] ] [ $class$ [ $1$ ] ] ] ] [ $Bar1 \eq 0$ [ $age3 \eq 1$ [ $class$ [ $1$ ] ] [ $class$ [ $0$ ] ] ] [ $Bar3 \eq 1$ [ $class$ [ $0$ ] ] [ $class$ [ $0$ ] ] ] ] ],
bar-7,complete,1,1913,5,14,cart,3,8,None,300,leviathan,1,1,1530,14,28,0.003397965804,4,8,15,70.06535948,67.62402089,[ $Bar0 \eq 1$ [ $Bar1 \eq 0$ [ $age3 \eq 1$ [ $class$ [ $1$ ] ] [ $class$ [ $0$ ] ] ] [ $Bar3 \eq 0$ [ $class$ [ $0$ ] ] [ $class$ [ $0$ ] ] ] ] [ $passanger2 \eq 0$ [ $age0 \eq 0$ [ $class$ [ $1$ ] ] [ $class$ [ $0$ ] ] ] [ $Restaurant20to50 \ge 4 \eq 0$ [ $class$ [ $1$ ] ] [ $class$ [ $1$ ] ] ] ] ],
bar-7,complete,1,1913,5,14,cart,3,8,None,300,leviathan,1,2,1530,14,28,0.00350969797,4,8,15,69.47712418,69.97389034,[ $Bar0 \eq 0$ [ $passanger2 \eq 1$ [ $Restaurant20to50 \ge 4 \eq 0$ [ $class$ [ $1$ ] ] [ $class$ [ $1$ ] ] ] [ $Restaurant20to50 \ge 4 \eq 1$ [ $class$ [ $0$ ] ] [ $class$ [ $1$ ] ] ] ] [ $Bar1 \eq 1$ [ $Bar3 \eq 0$ [ $class$ [ $0$ ] ] [ $class$ [ $0$ ] ] ] [ $age3 \eq 0$ [ $class$ [ $0$ ] ] [ $class$ [ $1$ ] ] ] ] ],
bar-7,complete,1,1913,5,14,cart,3,8,None,300,leviathan,1,3,1531,14,28,0.003531053197,4,8,15,69.10516003,71.46596859,[ $Bar0 \eq 0$ [ $passanger2 \eq 0$ [ $age1 \eq 1$ [ $class$ [ $0$ ] ] [ $class$ [ $1$ ] ] ] [ $Restaurant20to50 \ge 4 \eq 1$ [ $class$ [ $1$ ] ] [ $class$ [ $1$ ] ] ] ] [ $Bar1 \eq 0$ [ $age3 \eq 1$ [ $class$ [ $1$ ] ] [ $class$ [ $0$ ] ] ] [ $Bar3 \eq 0$ [ $class$ [ $0$ ] ] [ $class$ [ $0$ ] ] ] ] ],
bar-7,complete,1,1913,5,14,cart,3,8,None,300,leviathan,1,4,1531,14,28,0.003400960937,4,8,15,69.2357936,67.01570681,[ $Bar1 \eq 1$ [ $Bar0 \eq 1$ [ $Bar3 \eq 1$ [ $class$ [ $0$ ] ] [ $class$ [ $0$ ] ] ] [ $Restaurant20to50 \ge 4 \eq 1$ [ $class$ [ $1$ ] ] [ $class$ [ $1$ ] ] ] ] [ $direction_same \eq 0$ [ $age0 \eq 0$ [ $class$ [ $1$ ] ] [ $class$ [ $1$ ] ] ] [ $passanger2 \eq 1$ [ $class$ [ $1$ ] ] [ $class$ [ $0$ ] ] ] ] ],
bar-7,complete,1,1913,5,14,cart,4,16,None,300,leviathan,1,0,1530,14,28,0.003819579259,5,15,29,71.4379085,67.88511749,[ $Bar0 \eq 0$ [ $Restaurant20to50 \ge 4 \eq 1$ [ $passanger2 \eq 1$ [ $direction_same \eq 1$ [ $class$ [ $1$ ] ] [ $class$ [ $0$ ] ] ] [ $age0 \eq 0$ [ $class$ [ $1$ ] ] [ $class$ [ $0$ ] ] ] ] [ $age2 \eq 0$ [ $direction_same \eq 0$ [ $class$ [ $1$ ] ] [ $class$ [ $1$ ] ] ] [ $age5 \eq 0$ [ $class$ [ $0$ ] ] [ $class$ [ $1$ ] ] ] ] ] [ $Bar1 \eq 1$ [ $Bar3 \eq 0$ [ $age0 \eq 1$ [ $class$ [ $0$ ] ] [ $class$ [ $1$ ] ] ] [ $Bar2 \eq 0$ [ $class$ [ $1$ ] ] [ $class$ [ $0$ ] ] ] ] [ $age3 \eq 1$ [ $age6 \eq 0$ [ $class$ [ $1$ ] ] [ $class$ [ $1$ ] ] ] [ $class$ [ $0$ ] ] ] ] ],
bar-7,complete,1,1913,5,14,cart,4,16,None,300,leviathan,1,1,1530,14,28,0.003581135068,5,15,29,70.98039216,70.23498695,[ $Bar0 \eq 0$ [ $passanger2 \eq 1$ [ $Restaurant20to50 \ge 4 \eq 1$ [ $age2 \eq 0$ [ $class$ [ $1$ ] ] [ $class$ [ $1$ ] ] ] [ $age5 \eq 0$ [ $class$ [ $0$ ] ] [ $class$ [ $1$ ] ] ] ] [ $age0 \eq 0$ [ $class$ [ $1$ ] ] [ $age1 \eq 0$ [ $class$ [ $1$ ] ] [ $class$ [ $0$ ] ] ] ] ] [ $Bar1 \eq 1$ [ $Bar3 \eq 0$ [ $passanger2 \eq 0$ [ $class$ [ $0$ ] ] [ $class$ [ $0$ ] ] ] [ $Bar2 \eq 0$ [ $class$ [ $1$ ] ] [ $class$ [ $0$ ] ] ] ] [ $age3 \eq 0$ [ $direction_same \eq 0$ [ $class$ [ $1$ ] ] [ $class$ [ $0$ ] ] ] [ $passanger2 \eq 0$ [ $class$ [ $0$ ] ] [ $class$ [ $1$ ] ] ] ] ] ],
bar-7,complete,1,1913,5,14,cart,4,16,None,300,leviathan,1,2,1530,14,28,0.003797576763,5,16,31,70.8496732,70.23498695,[ $Bar0 \eq 0$ [ $passanger2 \eq 0$ [ $Restaurant20to50 \ge 4 \eq 1$ [ $age6 \eq 0$ [ $class$ [ $0$ ] ] [ $class$ [ $0$ ] ] ] [ $age2 \eq 1$ [ $class$ [ $1$ ] ] [ $class$ [ $0$ ] ] ] ] [ $Restaurant20to50 \ge 4 \eq 1$ [ $age3 \eq 1$ [ $class$ [ $1$ ] ] [ $class$ [ $1$ ] ] ] [ $age5 \eq 1$ [ $class$ [ $1$ ] ] [ $class$ [ $0$ ] ] ] ] ] [ $Bar1 \eq 0$ [ $age3 \eq 0$ [ $direction_same \eq 0$ [ $class$ [ $1$ ] ] [ $class$ [ $0$ ] ] ] [ $direction_same \eq 1$ [ $class$ [ $1$ ] ] [ $class$ [ $1$ ] ] ] ] [ $Bar3 \eq 0$ [ $age2 \eq 1$ [ $class$ [ $0$ ] ] [ $class$ [ $0$ ] ] ] [ $Bar2 \eq 0$ [ $class$ [ $1$ ] ] [ $class$ [ $0$ ] ] ] ] ] ],
bar-7,complete,1,1913,5,14,cart,4,16,None,300,leviathan,1,3,1531,14,28,0.00381947821,5,16,31,70.93403005,70.41884817,[ $Bar0 \eq 0$ [ $passanger2 \eq 0$ [ $age1 \eq 0$ [ $Restaurant20to50 \ge 4 \eq 0$ [ $class$ [ $1$ ] ] [ $class$ [ $1$ ] ] ] [ $age0 \eq 1$ [ $class$ [ $0$ ] ] [ $class$ [ $1$ ] ] ] ] [ $Restaurant20to50 \ge 4 \eq 0$ [ $age1 \eq 0$ [ $class$ [ $1$ ] ] [ $class$ [ $1$ ] ] ] [ $age0 \eq 1$ [ $class$ [ $1$ ] ] [ $class$ [ $1$ ] ] ] ] ] [ $Bar1 \eq 1$ [ $Bar3 \eq 1$ [ $Bar2 \eq 0$ [ $class$ [ $1$ ] ] [ $class$ [ $0$ ] ] ] [ $passanger2 \eq 0$ [ $class$ [ $0$ ] ] [ $class$ [ $0$ ] ] ] ] [ $age3 \eq 1$ [ $passanger2 \eq 0$ [ $class$ [ $0$ ] ] [ $class$ [ $1$ ] ] ] [ $direction_same \eq 0$ [ $class$ [ $1$ ] ] [ $class$ [ $0$ ] ] ] ] ] ],
bar-7,complete,1,1913,5,14,cart,4,16,None,300,leviathan,1,4,1531,14,28,0.003689524252,5,15,29,71.06466362,69.10994764,[ $Bar1 \eq 1$ [ $Bar0 \eq 1$ [ $Bar3 \eq 1$ [ $Bar2 \eq 1$ [ $class$ [ $0$ ] ] [ $class$ [ $1$ ] ] ] [ $passanger2 \eq 1$ [ $class$ [ $0$ ] ] [ $class$ [ $0$ ] ] ] ] [ $Restaurant20to50 \ge 4 \eq 0$ [ $age2 \eq 1$ [ $class$ [ $1$ ] ] [ $class$ [ $1$ ] ] ] [ $passanger2 \eq 0$ [ $class$ [ $0$ ] ] [ $class$ [ $1$ ] ] ] ] ] [ $direction_same \eq 0$ [ $age0 \eq 0$ [ $class$ [ $1$ ] ] [ $age1 \eq 1$ [ $class$ [ $1$ ] ] [ $class$ [ $1$ ] ] ] ] [ $passanger2 \eq 0$ [ $Restaurant20to50 \ge 4 \eq 0$ [ $class$ [ $1$ ] ] [ $class$ [ $0$ ] ] ] [ $age5 \eq 1$ [ $class$ [ $1$ ] ] [ $class$ [ $1$ ] ] ] ] ] ],
bar-7,complete,1,1913,5,14,cart,5,32,None,300,leviathan,1,0,1530,14,28,0.004039085936,6,26,51,72.09150327,66.31853786,[ $Bar0 \eq 0$ [ $Restaurant20to50 \ge 4 \eq 1$ [ $passanger2 \eq 0$ [ $age0 \eq 0$ [ $class$ [ $1$ ] ] [ $age1 \eq 1$ [ $class$ [ $0$ ] ] [ $class$ [ $1$ ] ] ] ] [ $direction_same \eq 0$ [ $age5 \eq 0$ [ $class$ [ $1$ ] ] [ $class$ [ $0$ ] ] ] [ $age2 \eq 0$ [ $class$ [ $1$ ] ] [ $class$ [ $1$ ] ] ] ] ] [ $age2 \eq 0$ [ $direction_same \eq 0$ [ $class$ [ $1$ ] ] [ $passanger2 \eq 1$ [ $class$ [ $1$ ] ] [ $class$ [ $0$ ] ] ] ] [ $age5 \eq 1$ [ $age4 \eq 1$ [ $class$ [ $1$ ] ] [ $class$ [ $1$ ] ] ] [ $class$ [ $0$ ] ] ] ] ] [ $Bar1 \eq 0$ [ $age3 \eq 1$ [ $age6 \eq 1$ [ $age0 \eq 0$ [ $class$ [ $1$ ] ] [ $class$ [ $1$ ] ] ] [ $direction_same \eq 1$ [ $class$ [ $0$ ] ] [ $class$ [ $1$ ] ] ] ] [ $class$ [ $0$ ] ] ] [ $Bar3 \eq 1$ [ $Bar2 \eq 1$ [ $age6 \eq 1$ [ $class$ [ $0$ ] ] [ $class$ [ $0$ ] ] ] [ $Restaurant20to50 \ge 4 \eq 1$ [ $class$ [ $1$ ] ] [ $class$ [ $0$ ] ] ] ] [ $age0 \eq 1$ [ $passanger2 \eq 1$ [ $class$ [ $0$ ] ] [ $class$ [ $0$ ] ] ] [ $Restaurant20to50 \ge 4 \eq 1$ [ $class$ [ $1$ ] ] [ $class$ [ $0$ ] ] ] ] ] ] ],
bar-7,complete,1,1913,5,14,cart,5,32,None,300,leviathan,1,1,1530,14,28,0.004064550158,6,27,53,71.69934641,69.45169713,[ $Bar0 \eq 0$ [ $passanger2 \eq 1$ [ $Restaurant20to50 \ge 4 \eq 1$ [ $age2 \eq 1$ [ $age4 \eq 1$ [ $class$ [ $1$ ] ] [ $class$ [ $1$ ] ] ] [ $direction_same \eq 0$ [ $class$ [ $0$ ] ] [ $class$ [ $1$ ] ] ] ] [ $age5 \eq 1$ [ $age2 \eq 1$ [ $class$ [ $1$ ] ] [ $class$ [ $1$ ] ] ] [ $class$ [ $0$ ] ] ] ] [ $age0 \eq 0$ [ $class$ [ $1$ ] ] [ $age1 \eq 1$ [ $age2 \eq 0$ [ $class$ [ $0$ ] ] [ $class$ [ $0$ ] ] ] [ $Restaurant20to50 \ge 4 \eq 1$ [ $class$ [ $1$ ] ] [ $class$ [ $1$ ] ] ] ] ] ] [ $Bar1 \eq 0$ [ $age3 \eq 0$ [ $direction_same \eq 1$ [ $passanger2 \eq 0$ [ $class$ [ $1$ ] ] [ $class$ [ $0$ ] ] ] [ $class$ [ $1$ ] ] ] [ $passanger2 \eq 1$ [ $age0 \eq 0$ [ $class$ [ $1$ ] ] [ $class$ [ $1$ ] ] ] [ $Restaurant20to50 \ge 4 \eq 0$ [ $class$ [ $1$ ] ] [ $class$ [ $0$ ] ] ] ] ] [ $Bar3 \eq 0$ [ $passanger2 \eq 0$ [ $age3 \eq 1$ [ $class$ [ $0$ ] ] [ $class$ [ $0$ ] ] ] [ $age2 \eq 0$ [ $class$ [ $0$ ] ] [ $class$ [ $1$ ] ] ] ] [ $Bar2 \eq 0$ [ $Restaurant20to50 \ge 4 \eq 1$ [ $class$ [ $1$ ] ] [ $class$ [ $0$ ] ] ] [ $Restaurant20to50 \ge 4 \eq 1$ [ $class$ [ $0$ ] ] [ $class$ [ $0$ ] ] ] ] ] ] ],
bar-7,complete,1,1913,5,14,cart,5,32,None,300,leviathan,1,2,1530,14,28,0.004137665033,6,27,53,72.2875817,66.57963446,[ $Bar0 \eq 0$ [ $passanger2 \eq 0$ [ $Restaurant20to50 \ge 4 \eq 1$ [ $age6 \eq 0$ [ $class$ [ $0$ ] ] [ $age3 \eq 0$ [ $class$ [ $0$ ] ] [ $class$ [ $0$ ] ] ] ] [ $age2 \eq 1$ [ $class$ [ $1$ ] ] [ $class$ [ $0$ ] ] ] ] [ $Restaurant20to50 \ge 4 \eq 1$ [ $age3 \eq 1$ [ $age5 \eq 0$ [ $class$ [ $1$ ] ] [ $class$ [ $1$ ] ] ] [ $direction_same \eq 0$ [ $class$ [ $1$ ] ] [ $class$ [ $1$ ] ] ] ] [ $age5 \eq 1$ [ $age2 \eq 0$ [ $class$ [ $1$ ] ] [ $class$ [ $1$ ] ] ] [ $class$ [ $0$ ] ] ] ] ] [ $Bar1 \eq 1$ [ $Bar3 \eq 1$ [ $Bar2 \eq 1$ [ $passanger2 \eq 0$ [ $class$ [ $0$ ] ] [ $class$ [ $0$ ] ] ] [ $age2 \eq 0$ [ $class$ [ $0$ ] ] [ $class$ [ $1$ ] ] ] ] [ $age2 \eq 1$ [ $age3 \eq 1$ [ $class$ [ $1$ ] ] [ $class$ [ $0$ ] ] ] [ $Restaurant20to50 \ge 4 \eq 1$ [ $class$ [ $0$ ] ] [ $class$ [ $0$ ] ] ] ] ] [ $age3 \eq 1$ [ $direction_same \eq 1$ [ $age1 \eq 0$ [ $class$ [ $1$ ] ] [ $class$ [ $1$ ] ] ] [ $age0 \eq 0$ [ $class$ [ $1$ ] ] [ $class$ [ $1$ ] ] ] ] [ $direction_same \eq 1$ [ $passanger2 \eq 1$ [ $class$ [ $0$ ] ] [ $class$ [ $1$ ] ] ] [ $class$ [ $1$ ] ] ] ] ] ],
bar-7,complete,1,1913,5,14,cart,5,32,None,300,leviathan,1,3,1531,14,28,0.00404737331,6,27,53,72.30568256,66.23036649,[ $Bar0 \eq 0$ [ $passanger2 \eq 0$ [ $age1 \eq 1$ [ $age0 \eq 0$ [ $class$ [ $1$ ] ] [ $Restaurant20to50 \ge 4 \eq 0$ [ $class$ [ $0$ ] ] [ $class$ [ $0$ ] ] ] ] [ $Restaurant20to50 \ge 4 \eq 0$ [ $class$ [ $1$ ] ] [ $class$ [ $1$ ] ] ] ] [ $Restaurant20to50 \ge 4 \eq 0$ [ $age1 \eq 0$ [ $class$ [ $1$ ] ] [ $age5 \eq 1$ [ $class$ [ $1$ ] ] [ $class$ [ $0$ ] ] ] ] [ $age0 \eq 0$ [ $direction_same \eq 1$ [ $class$ [ $1$ ] ] [ $class$ [ $1$ ] ] ] [ $age3 \eq 1$ [ $class$ [ $1$ ] ] [ $class$ [ $0$ ] ] ] ] ] ] [ $Bar1 \eq 1$ [ $Bar3 \eq 0$ [ $passanger2 \eq 1$ [ $age2 \eq 0$ [ $class$ [ $0$ ] ] [ $class$ [ $1$ ] ] ] [ $age0 \eq 1$ [ $class$ [ $0$ ] ] [ $class$ [ $1$ ] ] ] ] [ $Bar2 \eq 1$ [ $age6 \eq 0$ [ $class$ [ $0$ ] ] [ $class$ [ $0$ ] ] ] [ $Restaurant20to50 \ge 4 \eq 0$ [ $class$ [ $1$ ] ] [ $class$ [ $1$ ] ] ] ] ] [ $age3 \eq 1$ [ $passanger2 \eq 1$ [ $Restaurant20to50 \ge 4 \eq 1$ [ $class$ [ $1$ ] ] [ $class$ [ $1$ ] ] ] [ $Restaurant20to50 \ge 4 \eq 0$ [ $class$ [ $1$ ] ] [ $class$ [ $0$ ] ] ] ] [ $direction_same \eq 1$ [ $passanger2 \eq 0$ [ $class$ [ $1$ ] ] [ $class$ [ $0$ ] ] ] [ $class$ [ $1$ ] ] ] ] ] ],
bar-7,complete,1,1913,5,14,cart,5,32,None,300,leviathan,1,4,1531,14,28,0.003955578897,6,25,49,71.58719791,70.41884817,[ $Bar1 \eq 1$ [ $Bar0 \eq 1$ [ $Bar3 \eq 0$ [ $passanger2 \eq 1$ [ $age2 \eq 0$ [ $class$ [ $0$ ] ] [ $class$ [ $1$ ] ] ] [ $age1 \eq 0$ [ $class$ [ $1$ ] ] [ $class$ [ $0$ ] ] ] ] [ $Bar2 \eq 0$ [ $age2 \eq 1$ [ $class$ [ $1$ ] ] [ $class$ [ $0$ ] ] ] [ $Restaurant20to50 \ge 4 \eq 0$ [ $class$ [ $0$ ] ] [ $class$ [ $0$ ] ] ] ] ] [ $Restaurant20to50 \ge 4 \eq 1$ [ $passanger2 \eq 0$ [ $age0 \eq 1$ [ $class$ [ $0$ ] ] [ $class$ [ $1$ ] ] ] [ $age4 \eq 1$ [ $class$ [ $1$ ] ] [ $class$ [ $1$ ] ] ] ] [ $age2 \eq 0$ [ $direction_same \eq 1$ [ $class$ [ $1$ ] ] [ $class$ [ $1$ ] ] ] [ $class$ [ $1$ ] ] ] ] ] [ $direction_same \eq 1$ [ $passanger2 \eq 0$ [ $Restaurant20to50 \ge 4 \eq 0$ [ $class$ [ $1$ ] ] [ $age3 \eq 0$ [ $class$ [ $1$ ] ] [ $class$ [ $0$ ] ] ] ] [ $age5 \eq 1$ [ $age1 \eq 1$ [ $class$ [ $1$ ] ] [ $class$ [ $1$ ] ] ] [ $class$ [ $1$ ] ] ] ] [ $age0 \eq 1$ [ $age1 \eq 0$ [ $Restaurant20to50 \ge 4 \eq 0$ [ $class$ [ $1$ ] ] [ $class$ [ $1$ ] ] ] [ $class$ [ $1$ ] ] ] [ $class$ [ $1$ ] ] ] ] ],
bar-7,complete,1,1913,5,14,cart,6,64,None,300,leviathan,1,0,1530,14,28,0.004030924756,7,41,81,73.33333333,67.36292428,[ $Bar0 \eq 0$ [ $Restaurant20to50 \ge 4 \eq 0$ [ $age2 \eq 1$ [ $age5 \eq 1$ [ $age4 \eq 1$ [ $class$ [ $1$ ] ] [ $passanger2 \eq 1$ [ $class$ [ $1$ ] ] [ $class$ [ $1$ ] ] ] ] [ $class$ [ $0$ ] ] ] [ $direction_same \eq 1$ [ $passanger2 \eq 1$ [ $class$ [ $1$ ] ] [ $class$ [ $0$ ] ] ] [ $class$ [ $1$ ] ] ] ] [ $passanger2 \eq 0$ [ $age0 \eq 1$ [ $age1 \eq 0$ [ $class$ [ $1$ ] ] [ $age3 \eq 1$ [ $class$ [ $0$ ] ] [ $class$ [ $0$ ] ] ] ] [ $class$ [ $1$ ] ] ] [ $direction_same \eq 1$ [ $age2 \eq 1$ [ $age5 \eq 1$ [ $class$ [ $1$ ] ] [ $class$ [ $1$ ] ] ] [ $class$ [ $1$ ] ] ] [ $age5 \eq 1$ [ $age4 \eq 0$ [ $class$ [ $1$ ] ] [ $class$ [ $0$ ] ] ] [ $class$ [ $1$ ] ] ] ] ] ] [ $Bar1 \eq 0$ [ $age3 \eq 1$ [ $age6 \eq 0$ [ $direction_same \eq 0$ [ $class$ [ $1$ ] ] [ $Restaurant20to50 \ge 4 \eq 0$ [ $class$ [ $1$ ] ] [ $class$ [ $0$ ] ] ] ] [ $age0 \eq 1$ [ $age5 \eq 1$ [ $class$ [ $1$ ] ] [ $class$ [ $1$ ] ] ] [ $direction_same \eq 1$ [ $class$ [ $1$ ] ] [ $class$ [ $1$ ] ] ] ] ] [ $class$ [ $0$ ] ] ] [ $Bar3 \eq 1$ [ $Bar2 \eq 0$ [ $Restaurant20to50 \ge 4 \eq 1$ [ $age1 \eq 0$ [ $class$ [ $1$ ] ] [ $class$ [ $1$ ] ] ] [ $age2 \eq 0$ [ $class$ [ $0$ ] ] [ $class$ [ $1$ ] ] ] ] [ $age6 \eq 0$ [ $passanger2 \eq 0$ [ $class$ [ $0$ ] ] [ $class$ [ $0$ ] ] ] [ $Restaurant20to50 \ge 4 \eq 0$ [ $class$ [ $0$ ] ] [ $class$ [ $0$ ] ] ] ] ] [ $age0 \eq 1$ [ $passanger2 \eq 0$ [ $age1 \eq 0$ [ $class$ [ $1$ ] ] [ $class$ [ $0$ ] ] ] [ $age4 \eq 0$ [ $class$ [ $1$ ] ] [ $class$ [ $0$ ] ] ] ] [ $Restaurant20to50 \ge 4 \eq 0$ [ $passanger2 \eq 0$ [ $class$ [ $0$ ] ] [ $class$ [ $0$ ] ] ] [ $direction_same \eq 0$ [ $class$ [ $0$ ] ] [ $class$ [ $1$ ] ] ] ] ] ] ] ],
bar-7,complete,1,1913,5,14,cart,6,64,None,300,leviathan,1,1,1530,14,28,0.004267381039,7,42,83,73.39869281,68.4073107,[ $Bar0 \eq 0$ [ $passanger2 \eq 0$ [ $age0 \eq 1$ [ $age1 \eq 0$ [ $Restaurant20to50 \ge 4 \eq 1$ [ $class$ [ $1$ ] ] [ $class$ [ $1$ ] ] ] [ $age2 \eq 1$ [ $Restaurant20to50 \ge 4 \eq 0$ [ $class$ [ $1$ ] ] [ $class$ [ $0$ ] ] ] [ $class$ [ $0$ ] ] ] ] [ $class$ [ $1$ ] ] ] [ $Restaurant20to50 \ge 4 \eq 0$ [ $age5 \eq 0$ [ $class$ [ $0$ ] ] [ $age2 \eq 0$ [ $direction_same \eq 0$ [ $class$ [ $1$ ] ] [ $class$ [ $1$ ] ] ] [ $age4 \eq 1$ [ $class$ [ $1$ ] ] [ $class$ [ $1$ ] ] ] ] ] [ $age2 \eq 1$ [ $age4 \eq 0$ [ $direction_same \eq 0$ [ $class$ [ $0$ ] ] [ $class$ [ $1$ ] ] ] [ $direction_same \eq 1$ [ $class$ [ $1$ ] ] [ $class$ [ $1$ ] ] ] ] [ $direction_same \eq 1$ [ $class$ [ $1$ ] ] [ $class$ [ $0$ ] ] ] ] ] ] [ $Bar1 \eq 1$ [ $Bar3 \eq 1$ [ $Bar2 \eq 0$ [ $Restaurant20to50 \ge 4 \eq 0$ [ $age2 \eq 0$ [ $class$ [ $0$ ] ] [ $class$ [ $1$ ] ] ] [ $age2 \eq 1$ [ $class$ [ $1$ ] ] [ $class$ [ $1$ ] ] ] ] [ $Restaurant20to50 \ge 4 \eq 1$ [ $age6 \eq 1$ [ $class$ [ $0$ ] ] [ $class$ [ $0$ ] ] ] [ $age3 \eq 1$ [ $class$ [ $0$ ] ] [ $class$ [ $1$ ] ] ] ] ] [ $passanger2 \eq 1$ [ $age2 \eq 1$ [ $age3 \eq 1$ [ $class$ [ $1$ ] ] [ $class$ [ $0$ ] ] ] [ $Restaurant20to50 \ge 4 \eq 1$ [ $class$ [ $0$ ] ] [ $class$ [ $0$ ] ] ] ] [ $age3 \eq 1$ [ $Restaurant20to50 \ge 4 \eq 1$ [ $class$ [ $0$ ] ] [ $class$ [ $0$ ] ] ] [ $class$ [ $0$ ] ] ] ] ] [ $age3 \eq 1$ [ $passanger2 \eq 1$ [ $age0 \eq 1$ [ $age4 \eq 1$ [ $class$ [ $1$ ] ] [ $class$ [ $0$ ] ] ] [ $direction_same \eq 1$ [ $class$ [ $1$ ] ] [ $class$ [ $1$ ] ] ] ] [ $Restaurant20to50 \ge 4 \eq 0$ [ $class$ [ $1$ ] ] [ $age1 \eq 0$ [ $class$ [ $1$ ] ] [ $class$ [ $0$ ] ] ] ] ] [ $direction_same \eq 1$ [ $passanger2 \eq 1$ [ $class$ [ $0$ ] ] [ $class$ [ $1$ ] ] ] [ $class$ [ $1$ ] ] ] ] ] ],
bar-7,complete,1,1913,5,14,cart,6,64,None,300,leviathan,1,2,1530,14,28,0.004343162291,7,41,81,72.61437908,66.84073107,[ $Bar0 \eq 0$ [ $passanger2 \eq 0$ [ $Restaurant20to50 \ge 4 \eq 1$ [ $age6 \eq 0$ [ $class$ [ $0$ ] ] [ $age3 \eq 1$ [ $class$ [ $0$ ] ] [ $class$ [ $0$ ] ] ] ] [ $age2 \eq 1$ [ $class$ [ $1$ ] ] [ $class$ [ $0$ ] ] ] ] [ $Restaurant20to50 \ge 4 \eq 1$ [ $age3 \eq 0$ [ $direction_same \eq 1$ [ $class$ [ $1$ ] ] [ $class$ [ $1$ ] ] ] [ $age5 \eq 1$ [ $age4 \eq 0$ [ $class$ [ $1$ ] ] [ $class$ [ $1$ ] ] ] [ $class$ [ $1$ ] ] ] ] [ $age5 \eq 1$ [ $age2 \eq 0$ [ $direction_same \eq 1$ [ $class$ [ $1$ ] ] [ $class$ [ $1$ ] ] ] [ $age4 \eq 1$ [ $class$ [ $1$ ] ] [ $class$ [ $1$ ] ] ] ] [ $class$ [ $0$ ] ] ] ] ] [ $Bar1 \eq 0$ [ $age3 \eq 1$ [ $direction_same \eq 1$ [ $age1 \eq 1$ [ $Restaurant20to50 \ge 4 \eq 0$ [ $class$ [ $1$ ] ] [ $class$ [ $1$ ] ] ] [ $Restaurant20to50 \ge 4 \eq 1$ [ $class$ [ $1$ ] ] [ $class$ [ $1$ ] ] ] ] [ $age0 \eq 0$ [ $class$ [ $1$ ] ] [ $age1 \eq 1$ [ $class$ [ $1$ ] ] [ $class$ [ $1$ ] ] ] ] ] [ $direction_same \eq 1$ [ $passanger2 \eq 1$ [ $class$ [ $0$ ] ] [ $class$ [ $1$ ] ] ] [ $class$ [ $1$ ] ] ] ] [ $Bar3 \eq 1$ [ $Bar2 \eq 1$ [ $passanger2 \eq 1$ [ $age6 \eq 0$ [ $class$ [ $0$ ] ] [ $class$ [ $0$ ] ] ] [ $age6 \eq 0$ [ $class$ [ $0$ ] ] [ $class$ [ $0$ ] ] ] ] [ $age2 \eq 0$ [ $direction_same \eq 1$ [ $class$ [ $0$ ] ] [ $class$ [ $1$ ] ] ] [ $age1 \eq 1$ [ $class$ [ $1$ ] ] [ $class$ [ $1$ ] ] ] ] ] [ $age2 \eq 1$ [ $age3 \eq 1$ [ $Restaurant20to50 \ge 4 \eq 0$ [ $class$ [ $0$ ] ] [ $class$ [ $1$ ] ] ] [ $passanger2 \eq 1$ [ $class$ [ $0$ ] ] [ $class$ [ $0$ ] ] ] ] [ $Restaurant20to50 \ge 4 \eq 0$ [ $direction_same \eq 1$ [ $class$ [ $0$ ] ] [ $class$ [ $0$ ] ] ] [ $direction_same \eq 1$ [ $class$ [ $0$ ] ] [ $class$ [ $0$ ] ] ] ] ] ] ] ],
bar-7,complete,1,1913,5,14,cart,6,64,None,300,leviathan,1,3,1531,14,28,0.004310552031,7,41,81,73.48138472,68.06282723,[ $Bar0 \eq 0$ [ $passanger2 \eq 0$ [ $age1 \eq 1$ [ $age0 \eq 1$ [ $Restaurant20to50 \ge 4 \eq 0$ [ $class$ [ $0$ ] ] [ $age6 \eq 0$ [ $class$ [ $0$ ] ] [ $class$ [ $0$ ] ] ] ] [ $class$ [ $1$ ] ] ] [ $Restaurant20to50 \ge 4 \eq 1$ [ $class$ [ $1$ ] ] [ $class$ [ $1$ ] ] ] ] [ $Restaurant20to50 \ge 4 \eq 0$ [ $age1 \eq 1$ [ $age5 \eq 0$ [ $class$ [ $0$ ] ] [ $age2 \eq 1$ [ $class$ [ $1$ ] ] [ $class$ [ $1$ ] ] ] ] [ $class$ [ $1$ ] ] ] [ $age0 \eq 1$ [ $age3 \eq 1$ [ $age6 \eq 0$ [ $class$ [ $1$ ] ] [ $class$ [ $1$ ] ] ] [ $direction_same \eq 1$ [ $class$ [ $1$ ] ] [ $class$ [ $0$ ] ] ] ] [ $direction_same \eq 1$ [ $class$ [ $1$ ] ] [ $class$ [ $1$ ] ] ] ] ] ] [ $Bar1 \eq 1$ [ $Bar3 \eq 0$ [ $passanger2 \eq 1$ [ $age2 \eq 0$ [ $direction_same \eq 1$ [ $class$ [ $0$ ] ] [ $class$ [ $0$ ] ] ] [ $age3 \eq 0$ [ $class$ [ $0$ ] ] [ $class$ [ $1$ ] ] ] ] [ $age0 \eq 0$ [ $Restaurant20to50 \ge 4 \eq 1$ [ $class$ [ $1$ ] ] [ $class$ [ $0$ ] ] ] [ $age3 \eq 0$ [ $class$ [ $0$ ] ] [ $class$ [ $0$ ] ] ] ] ] [ $Bar2 \eq 1$ [ $age6 \eq 0$ [ $direction_same \eq 0$ [ $class$ [ $0$ ] ] [ $class$ [ $0$ ] ] ] [ $passanger2 \eq 1$ [ $class$ [ $0$ ] ] [ $class$ [ $0$ ] ] ] ] [ $Restaurant20to50 \ge 4 \eq 1$ [ $age2 \eq 1$ [ $class$ [ $1$ ] ] [ $class$ [ $1$ ] ] ] [ $age1 \eq 1$ [ $class$ [ $0$ ] ] [ $class$ [ $1$ ] ] ] ] ] ] [ $age3 \eq 1$ [ $passanger2 \eq 1$ [ $Restaurant20to50 \ge 4 \eq 1$ [ $direction_same \eq 0$ [ $class$ [ $1$ ] ] [ $class$ [ $1$ ] ] ] [ $class$ [ $1$ ] ] ] [ $Restaurant20to50 \ge 4 \eq 0$ [ $class$ [ $1$ ] ] [ $age1 \eq 1$ [ $class$ [ $0$ ] ] [ $class$ [ $1$ ] ] ] ] ] [ $direction_same \eq 0$ [ $class$ [ $1$ ] ] [ $passanger2 \eq 1$ [ $class$ [ $0$ ] ] [ $class$ [ $1$ ] ] ] ] ] ] ],
bar-7,complete,1,1913,5,14,cart,6,64,None,300,leviathan,1,4,1531,14,28,0.004095729906,7,38,75,72.82821685,67.80104712,[ $Bar1 \eq 0$ [ $direction_same \eq 1$ [ $passanger2 \eq 1$ [ $age5 \eq 0$ [ $class$ [ $1$ ] ] [ $age1 \eq 1$ [ $Restaurant20to50 \ge 4 \eq 0$ [ $class$ [ $1$ ] ] [ $class$ [ $1$ ] ] ] [ $Restaurant20to50 \ge 4 \eq 0$ [ $class$ [ $1$ ] ] [ $class$ [ $1$ ] ] ] ] ] [ $Restaurant20to50 \ge 4 \eq 0$ [ $class$ [ $1$ ] ] [ $age3 \eq 0$ [ $class$ [ $1$ ] ] [ $class$ [ $0$ ] ] ] ] ] [ $age0 \eq 1$ [ $age1 \eq 1$ [ $class$ [ $1$ ] ] [ $Restaurant20to50 \ge 4 \eq 0$ [ $class$ [ $1$ ] ] [ $class$ [ $1$ ] ] ] ] [ $class$ [ $1$ ] ] ] ] [ $Bar0 \eq 1$ [ $Bar3 \eq 0$ [ $passanger2 \eq 1$ [ $age2 \eq 1$ [ $age6 \eq 0$ [ $class$ [ $0$ ] ] [ $class$ [ $1$ ] ] ] [ $Restaurant20to50 \ge 4 \eq 1$ [ $class$ [ $0$ ] ] [ $class$ [ $0$ ] ] ] ] [ $age1 \eq 0$ [ $class$ [ $1$ ] ] [ $age2 \eq 0$ [ $class$ [ $0$ ] ] [ $class$ [ $0$ ] ] ] ] ] [ $Bar2 \eq 0$ [ $age2 \eq 0$ [ $direction_same \eq 1$ [ $class$ [ $0$ ] ] [ $class$ [ $1$ ] ] ] [ $Restaurant20to50 \ge 4 \eq 1$ [ $class$ [ $1$ ] ] [ $class$ [ $1$ ] ] ] ] [ $Restaurant20to50 \ge 4 \eq 1$ [ $age6 \eq 0$ [ $class$ [ $0$ ] ] [ $class$ [ $0$ ] ] ] [ $age2 \eq 0$ [ $class$ [ $0$ ] ] [ $class$ [ $1$ ] ] ] ] ] ] [ $Restaurant20to50 \ge 4 \eq 0$ [ $age2 \eq 1$ [ $class$ [ $1$ ] ] [ $direction_same \eq 1$ [ $passanger2 \eq 0$ [ $class$ [ $1$ ] ] [ $class$ [ $1$ ] ] ] [ $class$ [ $1$ ] ] ] ] [ $passanger2 \eq 0$ [ $age0 \eq 1$ [ $age1 \eq 0$ [ $class$ [ $1$ ] ] [ $class$ [ $0$ ] ] ] [ $class$ [ $1$ ] ] ] [ $age4 \eq 0$ [ $direction_same \eq 1$ [ $class$ [ $1$ ] ] [ $class$ [ $1$ ] ] ] [ $age5 \eq 0$ [ $class$ [ $1$ ] ] [ $class$ [ $1$ ] ] ] ] ] ] ] ],
bar-7,complete,1,1913,5,14,cart,7,128,None,300,leviathan,1,0,1530,14,28,0.004233845975,8,56,111,73.66013072,68.4073107,[ $Bar0 \eq 0$ [ $Restaurant20to50 \ge 4 \eq 0$ [ $age2 \eq 1$ [ $age5 \eq 1$ [ $age4 \eq 1$ [ $class$ [ $1$ ] ] [ $passanger2 \eq 1$ [ $class$ [ $1$ ] ] [ $class$ [ $1$ ] ] ] ] [ $class$ [ $0$ ] ] ] [ $direction_same \eq 0$ [ $class$ [ $1$ ] ] [ $passanger2 \eq 0$ [ $class$ [ $0$ ] ] [ $class$ [ $1$ ] ] ] ] ] [ $passanger2 \eq 1$ [ $direction_same \eq 0$ [ $age5 \eq 1$ [ $age4 \eq 0$ [ $class$ [ $1$ ] ] [ $age6 \eq 1$ [ $class$ [ $0$ ] ] [ $class$ [ $1$ ] ] ] ] [ $class$ [ $1$ ] ] ] [ $age2 \eq 0$ [ $class$ [ $1$ ] ] [ $age5 \eq 1$ [ $age1 \eq 1$ [ $class$ [ $1$ ] ] [ $class$ [ $1$ ] ] ] [ $class$ [ $1$ ] ] ] ] ] [ $age0 \eq 1$ [ $age1 \eq 0$ [ $class$ [ $1$ ] ] [ $age3 \eq 1$ [ $class$ [ $0$ ] ] [ $class$ [ $0$ ] ] ] ] [ $class$ [ $1$ ] ] ] ] ] [ $Bar1 \eq 1$ [ $Bar3 \eq 1$ [ $Bar2 \eq 0$ [ $Restaurant20to50 \ge 4 \eq 0$ [ $age2 \eq 1$ [ $age1 \eq 0$ [ $class$ [ $1$ ] ] [ $class$ [ $0$ ] ] ] [ $class$ [ $0$ ] ] ] [ $age1 \eq 1$ [ $age2 \eq 0$ [ $class$ [ $1$ ] ] [ $class$ [ $1$ ] ] ] [ $class$ [ $1$ ] ] ] ] [ $age6 \eq 0$ [ $passanger2 \eq 1$ [ $direction_same \eq 1$ [ $class$ [ $0$ ] ] [ $class$ [ $0$ ] ] ] [ $Restaurant20to50 \ge 4 \eq 1$ [ $class$ [ $0$ ] ] [ $class$ [ $0$ ] ] ] ] [ $Restaurant20to50 \ge 4 \eq 0$ [ $age3 \eq 1$ [ $class$ [ $0$ ] ] [ $class$ [ $1$ ] ] ] [ $age1 \eq 0$ [ $class$ [ $0$ ] ] [ $class$ [ $0$ ] ] ] ] ] ] [ $age0 \eq 1$ [ $passanger2 \eq 0$ [ $age1 \eq 1$ [ $age3 \eq 0$ [ $class$ [ $0$ ] ] [ $class$ [ $0$ ] ] ] [ $class$ [ $1$ ] ] ] [ $age4 \eq 1$ [ $age2 \eq 0$ [ $class$ [ $0$ ] ] [ $class$ [ $0$ ] ] ] [ $direction_same \eq 1$ [ $class$ [ $1$ ] ] [ $class$ [ $1$ ] ] ] ] ] [ $Restaurant20to50 \ge 4 \eq 0$ [ $direction_same \eq 1$ [ $passanger2 \eq 0$ [ $class$ [ $0$ ] ] [ $class$ [ $0$ ] ] ] [ $class$ [ $0$ ] ] ] [ $direction_same \eq 1$ [ $passanger2 \eq 1$ [ $class$ [ $1$ ] ] [ $class$ [ $1$ ] ] ] [ $class$ [ $0$ ] ] ] ] ] ] [ $age3 \eq 0$ [ $class$ [ $0$ ] ] [ $age6 \eq 1$ [ $age0 \eq 0$ [ $direction_same \eq 0$ [ $class$ [ $1$ ] ] [ $class$ [ $1$ ] ] ] [ $age5 \eq 1$ [ $age4 \eq 0$ [ $class$ [ $1$ ] ] [ $class$ [ $1$ ] ] ] [ $class$ [ $1$ ] ] ] ] [ $Restaurant20to50 \ge 4 \eq 1$ [ $direction_same \eq 0$ [ $class$ [ $1$ ] ] [ $passanger2 \eq 0$ [ $class$ [ $0$ ] ] [ $class$ [ $0$ ] ] ] ] [ $class$ [ $1$ ] ] ] ] ] ] ],
bar-7,complete,1,1913,5,14,cart,7,128,None,300,leviathan,1,1,1530,14,28,0.004328703973,8,57,113,73.9869281,67.62402089,[ $Bar0 \eq 1$ [ $Bar1 \eq 1$ [ $Bar3 \eq 0$ [ $passanger2 \eq 1$ [ $age2 \eq 1$ [ $age3 \eq 1$ [ $Restaurant20to50 \ge 4 \eq 1$ [ $class$ [ $1$ ] ] [ $class$ [ $0$ ] ] ] [ $Restaurant20to50 \ge 4 \eq 1$ [ $class$ [ $0$ ] ] [ $class$ [ $0$ ] ] ] ] [ $Restaurant20to50 \ge 4 \eq 1$ [ $direction_same \eq 0$ [ $class$ [ $0$ ] ] [ $class$ [ $0$ ] ] ] [ $direction_same \eq 1$ [ $class$ [ $0$ ] ] [ $class$ [ $0$ ] ] ] ] ] [ $age3 \eq 1$ [ $Restaurant20to50 \ge 4 \eq 1$ [ $age2 \eq 0$ [ $class$ [ $0$ ] ] [ $class$ [ $0$ ] ] ] [ $class$ [ $0$ ] ] ] [ $class$ [ $0$ ] ] ] ] [ $Bar2 \eq 1$ [ $Restaurant20to50 \ge 4 \eq 0$ [ $age3 \eq 1$ [ $age1 \eq 0$ [ $class$ [ $1$ ] ] [ $class$ [ $0$ ] ] ] [ $class$ [ $1$ ] ] ] [ $age6 \eq 1$ [ $age1 \eq 1$ [ $class$ [ $0$ ] ] [ $class$ [ $0$ ] ] ] [ $direction_same \eq 0$ [ $class$ [ $0$ ] ] [ $class$ [ $0$ ] ] ] ] ] [ $Restaurant20to50 \ge 4 \eq 1$ [ $age2 \eq 1$ [ $class$ [ $1$ ] ] [ $direction_same \eq 0$ [ $class$ [ $1$ ] ] [ $class$ [ $0$ ] ] ] ] [ $age2 \eq 1$ [ $age1 \eq 1$ [ $class$ [ $0$ ] ] [ $class$ [ $1$ ] ] ] [ $direction_same \eq 0$ [ $class$ [ $1$ ] ] [ $class$ [ $0$ ] ] ] ] ] ] ] [ $age3 \eq 1$ [ $passanger2 \eq 0$ [ $Restaurant20to50 \ge 4 \eq 0$ [ $class$ [ $1$ ] ] [ $age1 \eq 0$ [ $class$ [ $1$ ] ] [ $class$ [ $0$ ] ] ] ] [ $age0 \eq 1$ [ $age4 \eq 1$ [ $age1 \eq 1$ [ $class$ [ $1$ ] ] [ $class$ [ $1$ ] ] ] [ $class$ [ $0$ ] ] ] [ $direction_same \eq 1$ [ $class$ [ $1$ ] ] [ $class$ [ $1$ ] ] ] ] ] [ $direction_same \eq 1$ [ $passanger2 \eq 1$ [ $class$ [ $0$ ] ] [ $class$ [ $1$ ] ] ] [ $class$ [ $1$ ] ] ] ] ] [ $passanger2 \eq 1$ [ $Restaurant20to50 \ge 4 \eq 0$ [ $age5 \eq 0$ [ $class$ [ $0$ ] ] [ $age2 \eq 0$ [ $direction_same \eq 0$ [ $class$ [ $1$ ] ] [ $class$ [ $1$ ] ] ] [ $age4 \eq 1$ [ $class$ [ $1$ ] ] [ $class$ [ $1$ ] ] ] ] ] [ $age2 \eq 0$ [ $direction_same \eq 0$ [ $class$ [ $0$ ] ] [ $class$ [ $1$ ] ] ] [ $age4 \eq 0$ [ $direction_same \eq 1$ [ $class$ [ $1$ ] ] [ $class$ [ $0$ ] ] ] [ $direction_same \eq 0$ [ $age0 \eq 1$ [ $class$ [ $1$ ] ] [ $class$ [ $1$ ] ] ] [ $age3 \eq 1$ [ $class$ [ $1$ ] ] [ $class$ [ $1$ ] ] ] ] ] ] ] [ $age0 \eq 1$ [ $age1 \eq 0$ [ $Restaurant20to50 \ge 4 \eq 0$ [ $class$ [ $1$ ] ] [ $class$ [ $1$ ] ] ] [ $age2 \eq 1$ [ $Restaurant20to50 \ge 4 \eq 1$ [ $age4 \eq 1$ [ $class$ [ $0$ ] ] [ $class$ [ $0$ ] ] ] [ $class$ [ $1$ ] ] ] [ $class$ [ $0$ ] ] ] ] [ $class$ [ $1$ ] ] ] ] ],
bar-7,complete,1,1913,5,14,cart,7,128,None,300,leviathan,1,2,1530,14,28,0.004461457022,8,56,111,73.1372549,67.62402089,[ $Bar0 \eq 0$ [ $passanger2 \eq 1$ [ $Restaurant20to50 \ge 4 \eq 0$ [ $age5 \eq 1$ [ $age2 \eq 0$ [ $direction_same \eq 1$ [ $class$ [ $1$ ] ] [ $class$ [ $1$ ] ] ] [ $age4 \eq 1$ [ $class$ [ $1$ ] ] [ $class$ [ $1$ ] ] ] ] [ $class$ [ $0$ ] ] ] [ $age3 \eq 1$ [ $age5 \eq 0$ [ $class$ [ $1$ ] ] [ $age4 \eq 0$ [ $direction_same \eq 1$ [ $class$ [ $1$ ] ] [ $class$ [ $1$ ] ] ] [ $age2 \eq 0$ [ $class$ [ $1$ ] ] [ $class$ [ $1$ ] ] ] ] ] [ $direction_same \eq 1$ [ $class$ [ $1$ ] ] [ $class$ [ $1$ ] ] ] ] ] [ $Restaurant20to50 \ge 4 \eq 1$ [ $age6 \eq 1$ [ $age3 \eq 0$ [ $class$ [ $0$ ] ] [ $class$ [ $0$ ] ] ] [ $class$ [ $0$ ] ] ] [ $age2 \eq 0$ [ $class$ [ $0$ ] ] [ $class$ [ $1$ ] ] ] ] ] [ $Bar1 \eq 0$ [ $age3 \eq 0$ [ $direction_same \eq 0$ [ $class$ [ $1$ ] ] [ $passanger2 \eq 0$ [ $class$ [ $1$ ] ] [ $class$ [ $0$ ] ] ] ] [ $direction_same \eq 1$ [ $age1 \eq 0$ [ $Restaurant20to50 \ge 4 \eq 0$ [ $class$ [ $1$ ] ] [ $passanger2 \eq 0$ [ $class$ [ $1$ ] ] [ $class$ [ $1$ ] ] ] ] [ $Restaurant20to50 \ge 4 \eq 1$ [ $age6 \eq 0$ [ $class$ [ $0$ ] ] [ $class$ [ $1$ ] ] ] [ $class$ [ $1$ ] ] ] ] [ $age0 \eq 0$ [ $class$ [ $1$ ] ] [ $age1 \eq 1$ [ $class$ [ $1$ ] ] [ $Restaurant20to50 \ge 4 \eq 1$ [ $class$ [ $1$ ] ] [ $class$ [ $1$ ] ] ] ] ] ] ] [ $Bar3 \eq 1$ [ $Bar2 \eq 0$ [ $age2 \eq 1$ [ $age1 \eq 1$ [ $Restaurant20to50 \ge 4 \eq 0$ [ $class$ [ $0$ ] ] [ $class$ [ $1$ ] ] ] [ $Restaurant20to50 \ge 4 \eq 1$ [ $class$ [ $1$ ] ] [ $class$ [ $1$ ] ] ] ] [ $direction_same \eq 0$ [ $class$ [ $1$ ] ] [ $class$ [ $0$ ] ] ] ] [ $passanger2 \eq 1$ [ $age6 \eq 0$ [ $direction_same \eq 1$ [ $class$ [ $0$ ] ] [ $class$ [ $0$ ] ] ] [ $age5 \eq 0$ [ $class$ [ $0$ ] ] [ $class$ [ $0$ ] ] ] ] [ $age6 \eq 1$ [ $age3 \eq 1$ [ $class$ [ $0$ ] ] [ $class$ [ $0$ ] ] ] [ $Restaurant20to50 \ge 4 \eq 1$ [ $class$ [ $0$ ] ] [ $class$ [ $0$ ] ] ] ] ] ] [ $age2 \eq 1$ [ $age3 \eq 1$ [ $Restaurant20to50 \ge 4 \eq 1$ [ $age1 \eq 0$ [ $class$ [ $0$ ] ] [ $class$ [ $1$ ] ] ] [ $age4 \eq 1$ [ $class$ [ $0$ ] ] [ $class$ [ $0$ ] ] ] ] [ $passanger2 \eq 0$ [ $class$ [ $0$ ] ] [ $direction_same \eq 0$ [ $class$ [ $0$ ] ] [ $class$ [ $0$ ] ] ] ] ] [ $Restaurant20to50 \ge 4 \eq 1$ [ $direction_same \eq 0$ [ $class$ [ $0$ ] ] [ $passanger2 \eq 0$ [ $class$ [ $0$ ] ] [ $class$ [ $0$ ] ] ] ] [ $direction_same \eq 1$ [ $class$ [ $0$ ] ] [ $class$ [ $0$ ] ] ] ] ] ] ] ],
bar-7,complete,1,1913,5,14,cart,7,128,None,300,leviathan,1,3,1531,14,28,0.004616415128,8,60,119,73.67733508,67.80104712,[ $Bar0 \eq 1$ [ $Bar1 \eq 0$ [ $age3 \eq 1$ [ $passanger2 \eq 1$ [ $Restaurant20to50 \ge 4 \eq 1$ [ $direction_same \eq 0$ [ $age0 \eq 0$ [ $class$ [ $1$ ] ] [ $class$ [ $1$ ] ] ] [ $age6 \eq 1$ [ $class$ [ $1$ ] ] [ $class$ [ $0$ ] ] ] ] [ $class$ [ $1$ ] ] ] [ $Restaurant20to50 \ge 4 \eq 0$ [ $class$ [ $1$ ] ] [ $age1 \eq 0$ [ $class$ [ $1$ ] ] [ $class$ [ $0$ ] ] ] ] ] [ $direction_same \eq 0$ [ $class$ [ $1$ ] ] [ $passanger2 \eq 0$ [ $class$ [ $1$ ] ] [ $class$ [ $0$ ] ] ] ] ] [ $Bar3 \eq 1$ [ $Bar2 \eq 0$ [ $Restaurant20to50 \ge 4 \eq 0$ [ $age1 \eq 1$ [ $direction_same \eq 0$ [ $class$ [ $1$ ] ] [ $class$ [ $0$ ] ] ] [ $direction_same \eq 0$ [ $class$ [ $1$ ] ] [ $class$ [ $1$ ] ] ] ] [ $age2 \eq 0$ [ $direction_same \eq 0$ [ $class$ [ $1$ ] ] [ $class$ [ $0$ ] ] ] [ $age0 \eq 1$ [ $class$ [ $1$ ] ] [ $class$ [ $1$ ] ] ] ] ] [ $age6 \eq 0$ [ $direction_same \eq 1$ [ $Restaurant20to50 \ge 4 \eq 1$ [ $class$ [ $0$ ] ] [ $class$ [ $0$ ] ] ] [ $class$ [ $0$ ] ] ] [ $passanger2 \eq 0$ [ $Restaurant20to50 \ge 4 \eq 1$ [ $class$ [ $0$ ] ] [ $class$ [ $0$ ] ] ] [ $Restaurant20to50 \ge 4 \eq 1$ [ $class$ [ $0$ ] ] [ $class$ [ $0$ ] ] ] ] ] ] [ $passanger2 \eq 1$ [ $age2 \eq 1$ [ $age3 \eq 1$ [ $age0 \eq 0$ [ $class$ [ $1$ ] ] [ $class$ [ $1$ ] ] ] [ $direction_same \eq 1$ [ $class$ [ $0$ ] ] [ $class$ [ $0$ ] ] ] ] [ $direction_same \eq 0$ [ $Restaurant20to50 \ge 4 \eq 1$ [ $class$ [ $0$ ] ] [ $class$ [ $1$ ] ] ] [ $Restaurant20to50 \ge 4 \eq 1$ [ $class$ [ $0$ ] ] [ $class$ [ $0$ ] ] ] ] ] [ $age0 \eq 0$ [ $Restaurant20to50 \ge 4 \eq 1$ [ $class$ [ $1$ ] ] [ $class$ [ $0$ ] ] ] [ $age3 \eq 1$ [ $age1 \eq 1$ [ $class$ [ $0$ ] ] [ $class$ [ $0$ ] ] ] [ $class$ [ $0$ ] ] ] ] ] ] ] [ $passanger2 \eq 0$ [ $age1 \eq 1$ [ $age0 \eq 1$ [ $Restaurant20to50 \ge 4 \eq 1$ [ $age6 \eq 1$ [ $age3 \eq 1$ [ $class$ [ $0$ ] ] [ $class$ [ $0$ ] ] ] [ $class$ [ $0$ ] ] ] [ $class$ [ $0$ ] ] ] [ $class$ [ $1$ ] ] ] [ $Restaurant20to50 \ge 4 \eq 1$ [ $class$ [ $1$ ] ] [ $class$ [ $1$ ] ] ] ] [ $Restaurant20to50 \ge 4 \eq 1$ [ $age0 \eq 0$ [ $direction_same \eq 1$ [ $class$ [ $1$ ] ] [ $class$ [ $1$ ] ] ] [ $age3 \eq 1$ [ $age6 \eq 0$ [ $direction_same \eq 0$ [ $class$ [ $1$ ] ] [ $class$ [ $1$ ] ] ] [ $direction_same \eq 1$ [ $class$ [ $1$ ] ] [ $class$ [ $1$ ] ] ] ] [ $direction_same \eq 1$ [ $class$ [ $1$ ] ] [ $class$ [ $0$ ] ] ] ] ] [ $age1 \eq 1$ [ $age5 \eq 1$ [ $age2 \eq 1$ [ $age4 \eq 0$ [ $class$ [ $1$ ] ] [ $class$ [ $1$ ] ] ] [ $direction_same \eq 1$ [ $class$ [ $1$ ] ] [ $class$ [ $1$ ] ] ] ] [ $class$ [ $0$ ] ] ] [ $class$ [ $1$ ] ] ] ] ] ],
bar-7,complete,1,1913,5,14,cart,7,128,None,300,leviathan,1,4,1531,14,28,0.00434170384,8,54,107,73.74265186,66.7539267,[ $Bar1 \eq 1$ [ $Bar0 \eq 1$ [ $Bar3 \eq 0$ [ $passanger2 \eq 1$ [ $age2 \eq 0$ [ $Restaurant20to50 \ge 4 \eq 0$ [ $direction_same \eq 1$ [ $class$ [ $0$ ] ] [ $class$ [ $0$ ] ] ] [ $direction_same \eq 0$ [ $class$ [ $0$ ] ] [ $class$ [ $0$ ] ] ] ] [ $age6 \eq 1$ [ $age1 \eq 1$ [ $class$ [ $1$ ] ] [ $class$ [ $0$ ] ] ] [ $direction_same \eq 1$ [ $class$ [ $0$ ] ] [ $class$ [ $0$ ] ] ] ] ] [ $age1 \eq 1$ [ $age2 \eq 1$ [ $age5 \eq 1$ [ $class$ [ $0$ ] ] [ $class$ [ $0$ ] ] ] [ $Restaurant20to50 \ge 4 \eq 1$ [ $class$ [ $0$ ] ] [ $class$ [ $0$ ] ] ] ] [ $class$ [ $1$ ] ] ] ] [ $Bar2 \eq 1$ [ $Restaurant20to50 \ge 4 \eq 1$ [ $age6 \eq 0$ [ $direction_same \eq 1$ [ $class$ [ $0$ ] ] [ $class$ [ $0$ ] ] ] [ $passanger2 \eq 0$ [ $class$ [ $0$ ] ] [ $class$ [ $0$ ] ] ] ] [ $age2 \eq 0$ [ $class$ [ $0$ ] ] [ $age3 \eq 1$ [ $class$ [ $1$ ] ] [ $class$ [ $1$ ] ] ] ] ] [ $age2 \eq 0$ [ $direction_same \eq 0$ [ $class$ [ $1$ ] ] [ $Restaurant20to50 \ge 4 \eq 0$ [ $class$ [ $0$ ] ] [ $class$ [ $0$ ] ] ] ] [ $age0 \eq 0$ [ $direction_same \eq 0$ [ $class$ [ $1$ ] ] [ $class$ [ $1$ ] ] ] [ $Restaurant20to50 \ge 4 \eq 0$ [ $class$ [ $1$ ] ] [ $class$ [ $1$ ] ] ] ] ] ] ] [ $Restaurant20to50 \ge 4 \eq 0$ [ $age2 \eq 0$ [ $direction_same \eq 1$ [ $passanger2 \eq 1$ [ $class$ [ $1$ ] ] [ $class$ [ $1$ ] ] ] [ $class$ [ $1$ ] ] ] [ $class$ [ $1$ ] ] ] [ $passanger2 \eq 0$ [ $age0 \eq 0$ [ $class$ [ $1$ ] ] [ $age1 \eq 0$ [ $class$ [ $1$ ] ] [ $age3 \eq 1$ [ $class$ [ $0$ ] ] [ $class$ [ $0$ ] ] ] ] ] [ $age4 \eq 1$ [ $age5 \eq 0$ [ $direction_same \eq 1$ [ $class$ [ $1$ ] ] [ $class$ [ $1$ ] ] ] [ $age2 \eq 0$ [ $class$ [ $1$ ] ] [ $class$ [ $1$ ] ] ] ] [ $direction_same \eq 0$ [ $class$ [ $1$ ] ] [ $class$ [ $1$ ] ] ] ] ] ] ] [ $direction_same \eq 0$ [ $age0 \eq 1$ [ $age1 \eq 0$ [ $Restaurant20to50 \ge 4 \eq 0$ [ $class$ [ $1$ ] ] [ $class$ [ $1$ ] ] ] [ $class$ [ $1$ ] ] ] [ $class$ [ $1$ ] ] ] [ $passanger2 \eq 0$ [ $Restaurant20to50 \ge 4 \eq 1$ [ $age3 \eq 0$ [ $class$ [ $1$ ] ] [ $class$ [ $0$ ] ] ] [ $class$ [ $1$ ] ] ] [ $age5 \eq 1$ [ $age1 \eq 1$ [ $Restaurant20to50 \ge 4 \eq 1$ [ $age6 \eq 0$ [ $class$ [ $0$ ] ] [ $class$ [ $1$ ] ] ] [ $class$ [ $1$ ] ] ] [ $Restaurant20to50 \ge 4 \eq 1$ [ $class$ [ $1$ ] ] [ $class$ [ $1$ ] ] ] ] [ $class$ [ $1$ ] ] ] ] ] ],