Data Set,Preprocessing,Classes,Samples,Features,Binary Features,Algorithm,Depth Limit,Width Limit,Regularization,Time Limit,Machine,Threads,Fold Index,Subsample,Subfeatures,Binary subfeatures,Training Time,Max Depth,# Leaves,# Nodes,Training Accuracy,Test Accuracy,Latex,Source
compas-binary,complete,1,6907,12,12,osdt,None,None,0.5,300,leviathan,1,0,5525,12,24,-1,-1,-1,-1,-1,-1,NA,
compas-binary,complete,1,6907,12,12,osdt,None,None,0.5,300,leviathan,1,1,5525,12,24,-1,-1,-1,-1,-1,-1,NA,
compas-binary,complete,1,6907,12,12,osdt,None,None,0.5,300,leviathan,1,2,5526,12,24,-1,-1,-1,-1,-1,-1,NA,
compas-binary,complete,1,6907,12,12,osdt,None,None,0.5,300,leviathan,1,3,5526,12,24,-1,-1,-1,-1,-1,-1,NA,
compas-binary,complete,1,6907,12,12,osdt,None,None,0.5,300,leviathan,1,4,5526,12,24,-1,-1,-1,-1,-1,-1,NA,
compas-binary,complete,1,6907,12,12,osdt,None,None,0.25,300,leviathan,1,0,5525,12,24,-1,-1,-1,-1,-1,-1,NA,
compas-binary,complete,1,6907,12,12,osdt,None,None,0.25,300,leviathan,1,1,5525,12,24,-1,-1,-1,-1,-1,-1,NA,
compas-binary,complete,1,6907,12,12,osdt,None,None,0.25,300,leviathan,1,2,5526,12,24,-1,-1,-1,-1,-1,-1,NA,
compas-binary,complete,1,6907,12,12,osdt,None,None,0.25,300,leviathan,1,3,5526,12,24,-1,-1,-1,-1,-1,-1,NA,
compas-binary,complete,1,6907,12,12,osdt,None,None,0.25,300,leviathan,1,4,5526,12,24,-1,-1,-1,-1,-1,-1,NA,
compas-binary,complete,1,6907,12,12,osdt,None,None,0.125,300,leviathan,1,0,5525,12,24,-1,-1,-1,-1,-1,-1,NA,
compas-binary,complete,1,6907,12,12,osdt,None,None,0.125,300,leviathan,1,1,5525,12,24,-1,-1,-1,-1,-1,-1,NA,
compas-binary,complete,1,6907,12,12,osdt,None,None,0.125,300,leviathan,1,2,5526,12,24,-1,-1,-1,-1,-1,-1,NA,
compas-binary,complete,1,6907,12,12,osdt,None,None,0.125,300,leviathan,1,3,5526,12,24,-1,-1,-1,-1,-1,-1,NA,
compas-binary,complete,1,6907,12,12,osdt,None,None,0.125,300,leviathan,1,4,5526,12,24,-1,-1,-1,-1,-1,-1,NA,
compas-binary,complete,1,6907,12,12,osdt,None,None,0.0625,300,leviathan,1,0,5525,12,24,0.1403737846,2,2,3,63.47511312,65.55716353,[ $priors:>3  \eq  1$ [ $class$ [ $1$ ] ] [ $class$ [ $0$ ] ] ],
compas-binary,complete,1,6907,12,12,osdt,None,None,0.0625,300,leviathan,1,1,5525,12,24,0.1403172011,2,2,3,63.83710407,64.10998553,[ $priors:>3  \eq  1$ [ $class$ [ $1$ ] ] [ $class$ [ $0$ ] ] ],
compas-binary,complete,1,6907,12,12,osdt,None,None,0.0625,300,leviathan,1,2,5526,12,24,0.1519344691,2,2,3,64.5674991,61.18754526,[ $priors:>3  \eq  1$ [ $class$ [ $1$ ] ] [ $class$ [ $0$ ] ] ],
compas-binary,complete,1,6907,12,12,osdt,None,None,0.0625,300,leviathan,1,3,5526,12,24,0.1398663642,2,2,3,63.66268549,64.80811007,[ $priors:>3  \eq  1$ [ $class$ [ $1$ ] ] [ $class$ [ $0$ ] ] ],
compas-binary,complete,1,6907,12,12,osdt,None,None,0.0625,300,leviathan,1,4,5526,12,24,0.1411564038,2,2,3,63.9160333,63.79435192,[ $priors:>3  \eq  1$ [ $class$ [ $1$ ] ] [ $class$ [ $0$ ] ] ],
compas-binary,complete,1,6907,12,12,osdt,None,None,0.03125,300,leviathan,1,0,5525,12,24,0.1544759842,2,2,3,63.47511312,65.55716353,[ $priors:>3  \eq  1$ [ $class$ [ $1$ ] ] [ $class$ [ $0$ ] ] ],
compas-binary,complete,1,6907,12,12,osdt,None,None,0.03125,300,leviathan,1,1,5525,12,24,0.1669715322,2,2,3,63.83710407,64.10998553,[ $priors:>3  \eq  1$ [ $class$ [ $1$ ] ] [ $class$ [ $0$ ] ] ],
compas-binary,complete,1,6907,12,12,osdt,None,None,0.03125,300,leviathan,1,2,5526,12,24,0.1491930368,2,2,3,64.5674991,61.18754526,[ $priors:>3  \eq  1$ [ $class$ [ $1$ ] ] [ $class$ [ $0$ ] ] ],
compas-binary,complete,1,6907,12,12,osdt,None,None,0.03125,300,leviathan,1,3,5526,12,24,0.1538043641,2,2,3,63.66268549,64.80811007,[ $priors:>3  \eq  1$ [ $class$ [ $1$ ] ] [ $class$ [ $0$ ] ] ],
compas-binary,complete,1,6907,12,12,osdt,None,None,0.03125,300,leviathan,1,4,5526,12,24,0.1910061091,2,2,3,63.9160333,63.79435192,[ $priors:>3  \eq  1$ [ $class$ [ $1$ ] ] [ $class$ [ $0$ ] ] ],
compas-binary,complete,1,6907,12,12,osdt,None,None,0.015625,300,leviathan,1,0,5525,12,24,0.5333855278,3,3,5,59.29411765,60.34732272,[ $juvenile-crimes:=0$ [ $class$ [ $0$ ] ] [ $priors:>3  \eq  1$ [ $class$ [ $1$ ] ] [ $class$ [ $1$ ] ] ] ],
compas-binary,complete,1,6907,12,12,osdt,None,None,0.015625,300,leviathan,1,1,5525,12,24,0.5491967984,3,3,5,59.78280543,58.39363242,[ $juvenile-crimes:=0$ [ $class$ [ $0$ ] ] [ $priors:>3  \eq  1$ [ $class$ [ $1$ ] ] [ $class$ [ $1$ ] ] ] ],
compas-binary,complete,1,6907,12,12,osdt,None,None,0.015625,300,leviathan,1,2,5526,12,24,0.497664032,3,3,5,66.23235613,62.63577118,[ $juvenile-crimes:=0$ [ $priors:>3  \eq  1$ [ $class$ [ $1$ ] ] [ $class$ [ $0$ ] ] ] [ $class$ [ $1$ ] ] ],
compas-binary,complete,1,6907,12,12,osdt,None,None,0.015625,300,leviathan,1,3,5526,12,24,0.5242673489,3,3,5,65.23706117,66.61839247,[ $juvenile-crimes:=0$ [ $priors:>3  \eq  1$ [ $class$ [ $1$ ] ] [ $class$ [ $0$ ] ] ] [ $class$ [ $1$ ] ] ],
compas-binary,complete,1,6907,12,12,osdt,None,None,0.015625,300,leviathan,1,4,5526,12,24,0.49996862,3,3,5,65.49040898,64.80811007,[ $priors:>3  \eq  1$ [ $class$ [ $1$ ] ] [ $age:<21  \eq  1$ [ $class$ [ $1$ ] ] [ $class$ [ $0$ ] ] ] ],
compas-binary,complete,1,6907,12,12,osdt,None,None,0.0078125,300,leviathan,1,0,5525,12,24,3.586312603,3,3,5,59.29411765,60.34732272,[ $juvenile-crimes:=0$ [ $class$ [ $0$ ] ] [ $priors:>3  \eq  1$ [ $class$ [ $1$ ] ] [ $class$ [ $1$ ] ] ] ],
compas-binary,complete,1,6907,12,12,osdt,None,None,0.0078125,300,leviathan,1,1,5525,12,24,10.18057889,3,3,5,59.78280543,58.39363242,[ $juvenile-crimes:=0$ [ $class$ [ $0$ ] ] [ $priors:>3  \eq  1$ [ $class$ [ $1$ ] ] [ $class$ [ $1$ ] ] ] ],
compas-binary,complete,1,6907,12,12,osdt,None,None,0.0078125,300,leviathan,1,2,5526,12,24,2.344688858,3,3,5,66.23235613,62.63577118,[ $juvenile-crimes:=0$ [ $priors:>3  \eq  1$ [ $class$ [ $1$ ] ] [ $class$ [ $0$ ] ] ] [ $class$ [ $1$ ] ] ],
compas-binary,complete,1,6907,12,12,osdt,None,None,0.0078125,300,leviathan,1,3,5526,12,24,2.320186581,4,4,7,66.35903004,65.67704562,[ $priors:>3  \eq  1$ [ $class$ [ $1$ ] ] [ $priors:=0$ [ $class$ [ $0$ ] ] [ $age:<26  \eq  1$ [ $class$ [ $1$ ] ] [ $class$ [ $0$ ] ] ] ] ],
compas-binary,complete,1,6907,12,12,osdt,None,None,0.0078125,300,leviathan,1,4,5526,12,24,3.499625776,3,3,5,65.49040898,64.80811007,[ $priors:>3  \eq  1$ [ $class$ [ $1$ ] ] [ $age:<21  \eq  1$ [ $class$ [ $1$ ] ] [ $class$ [ $0$ ] ] ] ],