Data Set,Preprocessing,Classes,Samples,Features,Binary Features,Algorithm,Depth Limit,Width Limit,Regularization,Time Limit,Machine,Threads,Fold Index,Subsample,Subfeatures,Binary subfeatures,Training Time,Max Depth,# Leaves,# Nodes,Training Accuracy,Test Accuracy,Latex,Source
compas-binary,complete,1,6907,12,12,binoct,1,None,None,300,leviathan,1,0,5525,12,24,0.9586861338,2,2,3,63.47511312,65.55716353,[ $priors:>3  \le  0.5$ [ $class$ [ $0$ ] ] [ $class$ [ $1$ ] ] ],
compas-binary,complete,1,6907,12,12,binoct,1,None,None,300,leviathan,1,1,5525,12,24,0.903639948,2,2,3,63.83710407,64.10998553,[ $priors:>3  \le  0.5$ [ $class$ [ $0$ ] ] [ $class$ [ $1$ ] ] ],
compas-binary,complete,1,6907,12,12,binoct,1,None,None,300,leviathan,1,2,5526,12,24,0.8932106872,2,2,3,64.5674991,61.18754526,[ $priors:>3  \le  0.5$ [ $class$ [ $0$ ] ] [ $class$ [ $1$ ] ] ],
compas-binary,complete,1,6907,12,12,binoct,1,None,None,300,leviathan,1,3,5526,12,24,0.8952098088,2,2,3,63.66268549,64.80811007,[ $priors:>3  \le  0.5$ [ $class$ [ $0$ ] ] [ $class$ [ $1$ ] ] ],
compas-binary,complete,1,6907,12,12,binoct,1,None,None,300,leviathan,1,4,5526,12,24,0.8937192289,2,2,3,63.9160333,63.79435192,[ $priors:>3  \le  0.5$ [ $class$ [ $0$ ] ] [ $class$ [ $1$ ] ] ],
compas-binary,complete,1,6907,12,12,binoct,2,None,None,300,leviathan,1,0,5525,12,24,8.456123944,3,4,7,65.84615385,67.29377713,[ $priors:2-3  \le  0.5$ [ $priors:>3  \le  0.5$ [ $class$ [ $0$ ] ] [ $class$ [ $1$ ] ] ] [ $age:<26  \le  0.5$ [ $class$ [ $0$ ] ] [ $class$ [ $1$ ] ] ] ],
compas-binary,complete,1,6907,12,12,binoct,2,None,None,300,leviathan,1,1,5525,12,24,4.792172154,3,4,7,66.33484163,65.34008683,[ $priors:2-3  \le  0.5$ [ $priors:>3  \le  0.5$ [ $class$ [ $0$ ] ] [ $class$ [ $1$ ] ] ] [ $age:<26  \le  0.5$ [ $class$ [ $0$ ] ] [ $class$ [ $1$ ] ] ] ],
compas-binary,complete,1,6907,12,12,binoct,2,None,None,300,leviathan,1,2,5526,12,24,5.030024588,3,4,7,66.63047412,64.1564084,[ $priors:2-3  \le  0.5$ [ $priors:>3  \le  0.5$ [ $class$ [ $0$ ] ] [ $class$ [ $1$ ] ] ] [ $age:<26  \le  0.5$ [ $class$ [ $0$ ] ] [ $class$ [ $1$ ] ] ] ],
compas-binary,complete,1,6907,12,12,binoct,2,None,None,300,leviathan,1,3,5526,12,24,5.05339674,3,4,7,66.35903004,65.67704562,[ $age:<26  \le  0.5$ [ $priors:>3  \le  0.5$ [ $class$ [ $0$ ] ] [ $class$ [ $1$ ] ] ] [ $priors:=0$ [ $class$ [ $1$ ] ] [ $class$ [ $0$ ] ] ] ],
compas-binary,complete,1,6907,12,12,binoct,2,None,None,300,leviathan,1,4,5526,12,24,8.052690466,3,4,7,66.19616359,66.32874728,[ $age:<26  \le  0.5$ [ $priors:>3  \le  0.5$ [ $class$ [ $0$ ] ] [ $class$ [ $1$ ] ] ] [ $priors:=0$ [ $class$ [ $1$ ] ] [ $class$ [ $0$ ] ] ] ],
compas-binary,complete,1,6907,12,12,binoct,3,None,None,300,leviathan,1,0,5525,12,24,305.8752245,4,8,15,66.73303167,68.37916064,[ $priors:2-3  \le  0.5$ [ $age:<21  \le  0.5$ [ $priors:>3  \le  0.5$ [ $class$ [ $0$ ] ] [ $class$ [ $1$ ] ] ] [ $sex:Female  \le  0.5$ [ $class$ [ $1$ ] ] [ $class$ [ $0$ ] ] ] ] [ $juvenile-felonies:=0$ [ $sex:Female  \le  0.5$ [ $class$ [ $1$ ] ] [ $class$ [ $1$ ] ] ] [ $age:<26  \le  0.5$ [ $class$ [ $0$ ] ] [ $class$ [ $1$ ] ] ] ] ],
compas-binary,complete,1,6907,12,12,binoct,3,None,None,300,leviathan,1,1,5525,12,24,306.372436,4,8,15,67.14932127,65.26772793,[ $priors:2-3  \le  0.5$ [ $priors:>3  \le  0.5$ [ $age:<21  \le  0.5$ [ $class$ [ $0$ ] ] [ $class$ [ $1$ ] ] ] [ $priors:>3  \le  0.5$ [ $class$ [ $0$ ] ] [ $class$ [ $1$ ] ] ] ] [ $age:<21  \le  0.5$ [ $age:<26  \le  0.5$ [ $class$ [ $0$ ] ] [ $class$ [ $1$ ] ] ] [ $sex:Female  \le  0.5$ [ $class$ [ $1$ ] ] [ $class$ [ $0$ ] ] ] ] ],
compas-binary,complete,1,6907,12,12,binoct,3,None,None,300,leviathan,1,2,5526,12,24,305.8992893,4,8,15,67.40861383,64.51846488,[ $age:<26  \le  0.5$ [ $priors:>3  \le  0.5$ [ $juvenile-felonies:=0$ [ $class$ [ $1$ ] ] [ $class$ [ $0$ ] ] ] [ $priors:=0$ [ $class$ [ $1$ ] ] [ $class$ [ $0$ ] ] ] ] [ $priors:=1$ [ $priors:=0$ [ $class$ [ $1$ ] ] [ $class$ [ $0$ ] ] ] [ $juvenile-crimes:=0$ [ $class$ [ $1$ ] ] [ $class$ [ $0$ ] ] ] ] ],
compas-binary,complete,1,6907,12,12,binoct,3,None,None,300,leviathan,1,3,5526,12,24,305.847014,4,8,15,66.72095548,67.34250543,[ $priors:2-3  \le  0.5$ [ $age:<21  \le  0.5$ [ $priors:>3  \le  0.5$ [ $class$ [ $0$ ] ] [ $class$ [ $1$ ] ] ] [ $priors:=0$ [ $class$ [ $1$ ] ] [ $class$ [ $0$ ] ] ] ] [ $juvenile-felonies:=0$ [ $sex:Female  \le  0.5$ [ $class$ [ $1$ ] ] [ $class$ [ $0$ ] ] ] [ $age:<26  \le  0.5$ [ $class$ [ $0$ ] ] [ $class$ [ $1$ ] ] ] ] ],
compas-binary,complete,1,6907,12,12,binoct,3,None,None,300,leviathan,1,4,5526,12,24,306.1727885,4,8,15,66.68476294,65.53222303,[ $priors:=0$ [ $age:<26  \le  0.5$ [ $priors:>3  \le  0.5$ [ $class$ [ $0$ ] ] [ $class$ [ $1$ ] ] ] [ $age:<46  \le  0.5$ [ $class$ [ $0$ ] ] [ $class$ [ $1$ ] ] ] ] [ $sex:Female  \le  0.5$ [ $age:<21  \le  0.5$ [ $class$ [ $0$ ] ] [ $class$ [ $1$ ] ] ] [ $juvenile-misdemeanors:=0$ [ $class$ [ $1$ ] ] [ $class$ [ $0$ ] ] ] ] ],
compas-binary,complete,1,6907,12,12,binoct,4,None,None,300,leviathan,1,0,5525,12,24,310.2489017,5,16,31,66.85972851,68.08972504,[ $priors:>3  \le  0.5$ [ $juvenile-crimes:=0$ [ $priors:2-3  \le  0.5$ [ $age:<23  \le  0.5$ [ $class$ [ $0$ ] ] [ $class$ [ $1$ ] ] ] [ $priors:>3  \le  0.5$ [ $class$ [ $1$ ] ] [ $class$ [ $0$ ] ] ] ] [ $priors:2-3  \le  0.5$ [ $age:<21  \le  0.5$ [ $class$ [ $0$ ] ] [ $class$ [ $1$ ] ] ] [ $age:<26  \le  0.5$ [ $class$ [ $0$ ] ] [ $class$ [ $1$ ] ] ] ] ] [ $sex:Female  \le  0.5$ [ $sex:Female  \le  0.5$ [ $sex:Female  \le  0.5$ [ $class$ [ $1$ ] ] [ $class$ [ $0$ ] ] ] [ $sex:Female  \le  0.5$ [ $class$ [ $0$ ] ] [ $class$ [ $0$ ] ] ] ] [ $age:<46  \le  0.5$ [ $juvenile-misdemeanors:=0$ [ $class$ [ $1$ ] ] [ $class$ [ $0$ ] ] ] [ $priors:=1$ [ $class$ [ $1$ ] ] [ $class$ [ $0$ ] ] ] ] ] ],
compas-binary,complete,1,6907,12,12,binoct,4,None,None,300,leviathan,1,1,5525,12,24,310.1658147,5,16,31,67.60180995,65.55716353,[ $sex:Female  \le  0.5$ [ $age:<21  \le  0.5$ [ $priors:2-3  \le  0.5$ [ $priors:>3  \le  0.5$ [ $class$ [ $0$ ] ] [ $class$ [ $1$ ] ] ] [ $age:<26  \le  0.5$ [ $class$ [ $0$ ] ] [ $class$ [ $1$ ] ] ] ] [ $sex:Female  \le  0.5$ [ $sex:Female  \le  0.5$ [ $class$ [ $1$ ] ] [ $class$ [ $0$ ] ] ] [ $sex:Female  \le  0.5$ [ $class$ [ $0$ ] ] [ $class$ [ $0$ ] ] ] ] ] [ $age:<46  \le  0.5$ [ $juvenile-crimes:=0$ [ $juvenile-felonies:=0$ [ $class$ [ $0$ ] ] [ $class$ [ $1$ ] ] ] [ $sex:Female  \le  0.5$ [ $class$ [ $0$ ] ] [ $class$ [ $0$ ] ] ] ] [ $priors:2-3  \le  0.5$ [ $priors:>3  \le  0.5$ [ $class$ [ $0$ ] ] [ $class$ [ $1$ ] ] ] [ $age:<26  \le  0.5$ [ $class$ [ $0$ ] ] [ $class$ [ $1$ ] ] ] ] ] ],
compas-binary,complete,1,6907,12,12,binoct,4,None,None,300,leviathan,1,2,5526,12,24,310.3090018,5,16,31,67.77053927,64.73569877,[ $priors:>3  \le  0.5$ [ $juvenile-crimes:=0$ [ $sex:Female  \le  0.5$ [ $age:<26  \le  0.5$ [ $class$ [ $0$ ] ] [ $class$ [ $1$ ] ] ] [ $age:<21  \le  0.5$ [ $class$ [ $0$ ] ] [ $class$ [ $1$ ] ] ] ] [ $age:<26  \le  0.5$ [ $sex:Female  \le  0.5$ [ $class$ [ $0$ ] ] [ $class$ [ $0$ ] ] ] [ $priors:2-3  \le  0.5$ [ $class$ [ $0$ ] ] [ $class$ [ $1$ ] ] ] ] ] [ $juvenile-crimes:=0$ [ $sex:Female  \le  0.5$ [ $priors:>3  \le  0.5$ [ $class$ [ $0$ ] ] [ $class$ [ $1$ ] ] ] [ $juvenile-crimes:=0$ [ $class$ [ $1$ ] ] [ $class$ [ $0$ ] ] ] ] [ $sex:Female  \le  0.5$ [ $sex:Female  \le  0.5$ [ $class$ [ $1$ ] ] [ $class$ [ $0$ ] ] ] [ $age:<46  \le  0.5$ [ $class$ [ $0$ ] ] [ $class$ [ $1$ ] ] ] ] ] ],
compas-binary,complete,1,6907,12,12,binoct,4,None,None,300,leviathan,1,3,5526,12,24,310.4516603,5,16,31,66.97430329,66.83562636,[ $priors:>3  \le  0.5$ [ $priors:=1$ [ $age:<26  \le  0.5$ [ $priors:>3  \le  0.5$ [ $class$ [ $0$ ] ] [ $class$ [ $1$ ] ] ] [ $priors:=0$ [ $class$ [ $1$ ] ] [ $class$ [ $0$ ] ] ] ] [ $sex:Female  \le  0.5$ [ $age:<23  \le  0.5$ [ $class$ [ $0$ ] ] [ $class$ [ $1$ ] ] ] [ $sex:Female  \le  0.5$ [ $class$ [ $0$ ] ] [ $class$ [ $0$ ] ] ] ] ] [ $priors:>3  \le  0.5$ [ $sex:Female  \le  0.5$ [ $sex:Female  \le  0.5$ [ $class$ [ $0$ ] ] [ $class$ [ $0$ ] ] ] [ $juvenile-crimes:=0$ [ $class$ [ $0$ ] ] [ $class$ [ $0$ ] ] ] ] [ $sex:Female  \le  0.5$ [ $sex:Female  \le  0.5$ [ $class$ [ $1$ ] ] [ $class$ [ $0$ ] ] ] [ $age:<46  \le  0.5$ [ $class$ [ $0$ ] ] [ $class$ [ $1$ ] ] ] ] ] ],
compas-binary,complete,1,6907,12,12,binoct,4,None,None,300,leviathan,1,4,5526,12,24,310.410689,5,16,31,67.04668838,66.47356988,[ $priors:=0$ [ $priors:>3  \le  0.5$ [ $age:<26  \le  0.5$ [ $juvenile-felonies:=0$ [ $class$ [ $1$ ] ] [ $class$ [ $0$ ] ] ] [ $sex:Female  \le  0.5$ [ $class$ [ $1$ ] ] [ $class$ [ $0$ ] ] ] ] [ $age:<46  \le  0.5$ [ $sex:Female  \le  0.5$ [ $class$ [ $1$ ] ] [ $class$ [ $0$ ] ] ] [ $age:<46  \le  0.5$ [ $class$ [ $0$ ] ] [ $class$ [ $1$ ] ] ] ] ] [ $sex:Female  \le  0.5$ [ $age:<21  \le  0.5$ [ $priors:>3  \le  0.5$ [ $class$ [ $0$ ] ] [ $class$ [ $1$ ] ] ] [ $sex:Female  \le  0.5$ [ $class$ [ $1$ ] ] [ $class$ [ $0$ ] ] ] ] [ $age:<46  \le  0.5$ [ $juvenile-crimes:=0$ [ $class$ [ $1$ ] ] [ $class$ [ $0$ ] ] ] [ $priors:>3  \le  0.5$ [ $class$ [ $0$ ] ] [ $class$ [ $1$ ] ] ] ] ] ],
compas-binary,complete,1,6907,12,12,binoct,5,None,None,300,leviathan,1,0,5525,12,24,321.1749471,6,32,63,66.9321267,68.08972504,[ $priors:>3  \le  0.5$ [ $juvenile-crimes:=0$ [ $priors:2-3  \le  0.5$ [ $age:<23  \le  0.5$ [ $juvenile-felonies:=0$ [ $class$ [ $1$ ] ] [ $class$ [ $0$ ] ] ] [ $age:<26  \le  0.5$ [ $class$ [ $0$ ] ] [ $class$ [ $1$ ] ] ] ] [ $sex:Female  \le  0.5$ [ $sex:Female  \le  0.5$ [ $class$ [ $1$ ] ] [ $class$ [ $0$ ] ] ] [ $juvenile-misdemeanors:=0$ [ $class$ [ $0$ ] ] [ $class$ [ $1$ ] ] ] ] ] [ $age:<26  \le  0.5$ [ $age:<21  \le  0.5$ [ $age:<26  \le  0.5$ [ $class$ [ $0$ ] ] [ $class$ [ $0$ ] ] ] [ $age:<26  \le  0.5$ [ $class$ [ $1$ ] ] [ $class$ [ $0$ ] ] ] ] [ $priors:2-3  \le  0.5$ [ $age:<21  \le  0.5$ [ $class$ [ $0$ ] ] [ $class$ [ $1$ ] ] ] [ $priors:2-3  \le  0.5$ [ $class$ [ $0$ ] ] [ $class$ [ $1$ ] ] ] ] ] ] [ $sex:Female  \le  0.5$ [ $priors:=1$ [ $sex:Female  \le  0.5$ [ $priors:2-3  \le  0.5$ [ $class$ [ $1$ ] ] [ $class$ [ $0$ ] ] ] [ $sex:Female  \le  0.5$ [ $class$ [ $0$ ] ] [ $class$ [ $0$ ] ] ] ] [ $sex:Female  \le  0.5$ [ $sex:Female  \le  0.5$ [ $class$ [ $0$ ] ] [ $class$ [ $0$ ] ] ] [ $sex:Female  \le  0.5$ [ $class$ [ $0$ ] ] [ $class$ [ $0$ ] ] ] ] ] [ $juvenile-crimes:=0$ [ $age:<26  \le  0.5$ [ $juvenile-misdemeanors:=0$ [ $class$ [ $1$ ] ] [ $class$ [ $1$ ] ] ] [ $sex:Female  \le  0.5$ [ $class$ [ $1$ ] ] [ $class$ [ $1$ ] ] ] ] [ $age:<46  \le  0.5$ [ $sex:Female  \le  0.5$ [ $class$ [ $0$ ] ] [ $class$ [ $0$ ] ] ] [ $juvenile-crimes:=0$ [ $class$ [ $0$ ] ] [ $class$ [ $1$ ] ] ] ] ] ] ],
compas-binary,complete,1,6907,12,12,binoct,5,None,None,300,leviathan,1,1,5525,12,24,321.2707573,6,32,63,67.90950226,64.83357453,[ $age:<26  \le  0.5$ [ $priors:>3  \le  0.5$ [ $juvenile-crimes:=0$ [ $sex:Female  \le  0.5$ [ $priors:=0$ [ $class$ [ $1$ ] ] [ $class$ [ $0$ ] ] ] [ $priors:=1$ [ $class$ [ $1$ ] ] [ $class$ [ $0$ ] ] ] ] [ $priors:>3  \le  0.5$ [ $juvenile-crimes:=0$ [ $class$ [ $1$ ] ] [ $class$ [ $0$ ] ] ] [ $sex:Female  \le  0.5$ [ $class$ [ $0$ ] ] [ $class$ [ $0$ ] ] ] ] ] [ $sex:Female  \le  0.5$ [ $sex:Female  \le  0.5$ [ $sex:Female  \le  0.5$ [ $class$ [ $1$ ] ] [ $class$ [ $0$ ] ] ] [ $sex:Female  \le  0.5$ [ $class$ [ $0$ ] ] [ $class$ [ $0$ ] ] ] ] [ $sex:Female  \le  0.5$ [ $sex:Female  \le  0.5$ [ $class$ [ $0$ ] ] [ $class$ [ $0$ ] ] ] [ $age:<46  \le  0.5$ [ $class$ [ $0$ ] ] [ $class$ [ $1$ ] ] ] ] ] ] [ $age:<21  \le  0.5$ [ $juvenile-crimes:=0$ [ $sex:Female  \le  0.5$ [ $sex:Female  \le  0.5$ [ $class$ [ $1$ ] ] [ $class$ [ $0$ ] ] ] [ $age:<46  \le  0.5$ [ $class$ [ $0$ ] ] [ $class$ [ $0$ ] ] ] ] [ $priors:=1$ [ $priors:=0$ [ $class$ [ $1$ ] ] [ $class$ [ $0$ ] ] ] [ $priors:=1$ [ $class$ [ $0$ ] ] [ $class$ [ $0$ ] ] ] ] ] [ $priors:>3  \le  0.5$ [ $sex:Female  \le  0.5$ [ $priors:=0$ [ $class$ [ $1$ ] ] [ $class$ [ $1$ ] ] ] [ $sex:Female  \le  0.5$ [ $class$ [ $0$ ] ] [ $class$ [ $0$ ] ] ] ] [ $priors:2-3  \le  0.5$ [ $juvenile-misdemeanors:=0$ [ $class$ [ $1$ ] ] [ $class$ [ $1$ ] ] ] [ $juvenile-crimes:=0$ [ $class$ [ $1$ ] ] [ $class$ [ $1$ ] ] ] ] ] ] ],
compas-binary,complete,1,6907,12,12,binoct,5,None,None,300,leviathan,1,2,5526,12,24,321.7257271,6,32,63,67.69815418,65.45981173,[ $sex:Female  \le  0.5$ [ $priors:=0$ [ $age:<26  \le  0.5$ [ $age:<23  \le  0.5$ [ $priors:>3  \le  0.5$ [ $class$ [ $0$ ] ] [ $class$ [ $1$ ] ] ] [ $age:<23  \le  0.5$ [ $class$ [ $0$ ] ] [ $class$ [ $0$ ] ] ] ] [ $priors:=0$ [ $sex:Female  \le  0.5$ [ $class$ [ $1$ ] ] [ $class$ [ $0$ ] ] ] [ $sex:Female  \le  0.5$ [ $class$ [ $0$ ] ] [ $class$ [ $0$ ] ] ] ] ] [ $juvenile-misdemeanors:=0$ [ $sex:Female  \le  0.5$ [ $sex:Female  \le  0.5$ [ $class$ [ $0$ ] ] [ $class$ [ $0$ ] ] ] [ $sex:Female  \le  0.5$ [ $class$ [ $0$ ] ] [ $class$ [ $0$ ] ] ] ] [ $juvenile-crimes:=0$ [ $age:<23  \le  0.5$ [ $class$ [ $0$ ] ] [ $class$ [ $1$ ] ] ] [ $age:<21  \le  0.5$ [ $class$ [ $0$ ] ] [ $class$ [ $1$ ] ] ] ] ] ] [ $priors:2-3  \le  0.5$ [ $juvenile-crimes:=0$ [ $priors:>3  \le  0.5$ [ $priors:=0$ [ $class$ [ $0$ ] ] [ $class$ [ $1$ ] ] ] [ $sex:Female  \le  0.5$ [ $class$ [ $0$ ] ] [ $class$ [ $1$ ] ] ] ] [ $priors:>3  \le  0.5$ [ $age:<46  \le  0.5$ [ $class$ [ $0$ ] ] [ $class$ [ $0$ ] ] ] [ $age:<46  \le  0.5$ [ $class$ [ $0$ ] ] [ $class$ [ $1$ ] ] ] ] ] [ $sex:Female  \le  0.5$ [ $sex:Female  \le  0.5$ [ $sex:Female  \le  0.5$ [ $class$ [ $0$ ] ] [ $class$ [ $0$ ] ] ] [ $sex:Female  \le  0.5$ [ $class$ [ $0$ ] ] [ $class$ [ $0$ ] ] ] ] [ $age:<26  \le  0.5$ [ $priors:=0$ [ $class$ [ $0$ ] ] [ $class$ [ $1$ ] ] ] [ $juvenile-crimes:=0$ [ $class$ [ $0$ ] ] [ $class$ [ $1$ ] ] ] ] ] ] ],
compas-binary,complete,1,6907,12,12,binoct,5,None,None,300,leviathan,1,3,5526,12,24,321.5228199,6,32,63,66.86572566,66.61839247,[ $sex:Female  \le  0.5$ [ $priors:=0$ [ $age:<23  \le  0.5$ [ $age:<26  \le  0.5$ [ $priors:>3  \le  0.5$ [ $class$ [ $0$ ] ] [ $class$ [ $1$ ] ] ] [ $priors:=1$ [ $class$ [ $1$ ] ] [ $class$ [ $0$ ] ] ] ] [ $sex:Female  \le  0.5$ [ $sex:Female  \le  0.5$ [ $class$ [ $1$ ] ] [ $class$ [ $0$ ] ] ] [ $priors:>3  \le  0.5$ [ $class$ [ $0$ ] ] [ $class$ [ $1$ ] ] ] ] ] [ $sex:Female  \le  0.5$ [ $sex:Female  \le  0.5$ [ $juvenile-crimes:=0$ [ $class$ [ $1$ ] ] [ $class$ [ $0$ ] ] ] [ $sex:Female  \le  0.5$ [ $class$ [ $0$ ] ] [ $class$ [ $0$ ] ] ] ] [ $sex:Female  \le  0.5$ [ $sex:Female  \le  0.5$ [ $class$ [ $0$ ] ] [ $class$ [ $0$ ] ] ] [ $sex:Female  \le  0.5$ [ $class$ [ $0$ ] ] [ $class$ [ $0$ ] ] ] ] ] ] [ $sex:Female  \le  0.5$ [ $age:<46  \le  0.5$ [ $sex:Female  \le  0.5$ [ $sex:Female  \le  0.5$ [ $class$ [ $0$ ] ] [ $class$ [ $0$ ] ] ] [ $sex:Female  \le  0.5$ [ $class$ [ $1$ ] ] [ $class$ [ $0$ ] ] ] ] [ $sex:Female  \le  0.5$ [ $sex:Female  \le  0.5$ [ $class$ [ $0$ ] ] [ $class$ [ $0$ ] ] ] [ $sex:Female  \le  0.5$ [ $class$ [ $0$ ] ] [ $class$ [ $0$ ] ] ] ] ] [ $sex:Female  \le  0.5$ [ $sex:Female  \le  0.5$ [ $sex:Female  \le  0.5$ [ $class$ [ $0$ ] ] [ $class$ [ $0$ ] ] ] [ $sex:Female  \le  0.5$ [ $class$ [ $0$ ] ] [ $class$ [ $0$ ] ] ] ] [ $priors:>3  \le  0.5$ [ $age:<46  \le  0.5$ [ $class$ [ $0$ ] ] [ $class$ [ $0$ ] ] ] [ $age:<46  \le  0.5$ [ $class$ [ $0$ ] ] [ $class$ [ $1$ ] ] ] ] ] ] ],
compas-binary,complete,1,6907,12,12,binoct,5,None,None,300,leviathan,1,4,5526,12,24,321.3071321,6,32,63,67.39051755,67.34250543,[ $priors:2-3  \le  0.5$ [ $juvenile-felonies:=0$ [ $age:<26  \le  0.5$ [ $priors:>3  \le  0.5$ [ $priors:=1$ [ $class$ [ $1$ ] ] [ $class$ [ $1$ ] ] ] [ $sex:Female  \le  0.5$ [ $class$ [ $1$ ] ] [ $class$ [ $0$ ] ] ] ] [ $sex:Female  \le  0.5$ [ $sex:Female  \le  0.5$ [ $class$ [ $1$ ] ] [ $class$ [ $0$ ] ] ] [ $age:<23  \le  0.5$ [ $class$ [ $0$ ] ] [ $class$ [ $1$ ] ] ] ] ] [ $priors:>3  \le  0.5$ [ $sex:Female  \le  0.5$ [ $age:<21  \le  0.5$ [ $class$ [ $0$ ] ] [ $class$ [ $1$ ] ] ] [ $sex:Female  \le  0.5$ [ $class$ [ $1$ ] ] [ $class$ [ $0$ ] ] ] ] [ $age:<46  \le  0.5$ [ $sex:Female  \le  0.5$ [ $class$ [ $1$ ] ] [ $class$ [ $0$ ] ] ] [ $age:<21  \le  0.5$ [ $class$ [ $1$ ] ] [ $class$ [ $1$ ] ] ] ] ] ] [ $age:<26  \le  0.5$ [ $juvenile-crimes:=0$ [ $priors:=0$ [ $juvenile-misdemeanors:=0$ [ $class$ [ $0$ ] ] [ $class$ [ $1$ ] ] ] [ $sex:Female  \le  0.5$ [ $class$ [ $0$ ] ] [ $class$ [ $0$ ] ] ] ] [ $sex:Female  \le  0.5$ [ $juvenile-misdemeanors:=0$ [ $class$ [ $0$ ] ] [ $class$ [ $0$ ] ] ] [ $priors:=1$ [ $class$ [ $0$ ] ] [ $class$ [ $1$ ] ] ] ] ] [ $juvenile-misdemeanors:=0$ [ $juvenile-crimes:=0$ [ $sex:Female  \le  0.5$ [ $class$ [ $1$ ] ] [ $class$ [ $0$ ] ] ] [ $age:<21  \le  0.5$ [ $class$ [ $0$ ] ] [ $class$ [ $0$ ] ] ] ] [ $juvenile-crimes:=0$ [ $age:<23  \le  0.5$ [ $class$ [ $0$ ] ] [ $class$ [ $1$ ] ] ] [ $age:<26  \le  0.5$ [ $class$ [ $0$ ] ] [ $class$ [ $1$ ] ] ] ] ] ] ],
compas-binary,complete,1,6907,12,12,binoct,6,None,None,300,leviathan,1,0,5525,12,24,345.9275545,7,64,127,67.07692308,68.16208394,[ $age:<26  \le  0.5$ [ $age:<21  \le  0.5$ [ $age:<23  \le  0.5$ [ $juvenile-felonies:=0$ [ $juvenile-crimes:=0$ [ $age:<23  \le  0.5$ [ $class$ [ $1$ ] ] [ $class$ [ $0$ ] ] ] [ $priors:>3  \le  0.5$ [ $class$ [ $0$ ] ] [ $class$ [ $1$ ] ] ] ] [ $age:<26  \le  0.5$ [ $priors:>3  \le  0.5$ [ $class$ [ $0$ ] ] [ $class$ [ $1$ ] ] ] [ $priors:2-3  \le  0.5$ [ $class$ [ $1$ ] ] [ $class$ [ $0$ ] ] ] ] ] [ $age:<21  \le  0.5$ [ $sex:Female  \le  0.5$ [ $sex:Female  \le  0.5$ [ $class$ [ $0$ ] ] [ $class$ [ $0$ ] ] ] [ $sex:Female  \le  0.5$ [ $class$ [ $0$ ] ] [ $class$ [ $0$ ] ] ] ] [ $sex:Female  \le  0.5$ [ $sex:Female  \le  0.5$ [ $class$ [ $0$ ] ] [ $class$ [ $0$ ] ] ] [ $sex:Female  \le  0.5$ [ $class$ [ $0$ ] ] [ $class$ [ $0$ ] ] ] ] ] ] [ $juvenile-misdemeanors:=0$ [ $sex:Female  \le  0.5$ [ $sex:Female  \le  0.5$ [ $sex:Female  \le  0.5$ [ $class$ [ $0$ ] ] [ $class$ [ $0$ ] ] ] [ $sex:Female  \le  0.5$ [ $class$ [ $0$ ] ] [ $class$ [ $1$ ] ] ] ] [ $sex:Female  \le  0.5$ [ $sex:Female  \le  0.5$ [ $class$ [ $0$ ] ] [ $class$ [ $0$ ] ] ] [ $sex:Female  \le  0.5$ [ $class$ [ $0$ ] ] [ $class$ [ $0$ ] ] ] ] ] [ $sex:Female  \le  0.5$ [ $sex:Female  \le  0.5$ [ $sex:Female  \le  0.5$ [ $class$ [ $0$ ] ] [ $class$ [ $0$ ] ] ] [ $sex:Female  \le  0.5$ [ $class$ [ $0$ ] ] [ $class$ [ $0$ ] ] ] ] [ $sex:Female  \le  0.5$ [ $sex:Female  \le  0.5$ [ $class$ [ $0$ ] ] [ $class$ [ $0$ ] ] ] [ $age:<23  \le  0.5$ [ $class$ [ $0$ ] ] [ $class$ [ $0$ ] ] ] ] ] ] ] [ $juvenile-crimes:=0$ [ $age:<23  \le  0.5$ [ $priors:=0$ [ $sex:Female  \le  0.5$ [ $age:<21  \le  0.5$ [ $class$ [ $1$ ] ] [ $class$ [ $1$ ] ] ] [ $age:<21  \le  0.5$ [ $class$ [ $0$ ] ] [ $class$ [ $1$ ] ] ] ] [ $priors:=1$ [ $age:<21  \le  0.5$ [ $class$ [ $0$ ] ] [ $class$ [ $0$ ] ] ] [ $juvenile-misdemeanors:=0$ [ $class$ [ $1$ ] ] [ $class$ [ $0$ ] ] ] ] ] [ $priors:=1$ [ $age:<23  \le  0.5$ [ $sex:Female  \le  0.5$ [ $class$ [ $0$ ] ] [ $class$ [ $0$ ] ] ] [ $age:<46  \le  0.5$ [ $class$ [ $0$ ] ] [ $class$ [ $1$ ] ] ] ] [ $sex:Female  \le  0.5$ [ $sex:Female  \le  0.5$ [ $class$ [ $1$ ] ] [ $class$ [ $0$ ] ] ] [ $age:<21  \le  0.5$ [ $class$ [ $0$ ] ] [ $class$ [ $1$ ] ] ] ] ] ] [ $sex:Female  \le  0.5$ [ $priors:=0$ [ $priors:=1$ [ $sex:Female  \le  0.5$ [ $class$ [ $1$ ] ] [ $class$ [ $0$ ] ] ] [ $priors:2-3  \le  0.5$ [ $class$ [ $0$ ] ] [ $class$ [ $0$ ] ] ] ] [ $sex:Female  \le  0.5$ [ $age:<21  \le  0.5$ [ $class$ [ $0$ ] ] [ $class$ [ $1$ ] ] ] [ $sex:Female  \le  0.5$ [ $class$ [ $0$ ] ] [ $class$ [ $0$ ] ] ] ] ] [ $priors:2-3  \le  0.5$ [ $sex:Female  \le  0.5$ [ $sex:Female  \le  0.5$ [ $class$ [ $0$ ] ] [ $class$ [ $0$ ] ] ] [ $priors:>3  \le  0.5$ [ $class$ [ $0$ ] ] [ $class$ [ $1$ ] ] ] ] [ $sex:Female  \le  0.5$ [ $sex:Female  \le  0.5$ [ $class$ [ $0$ ] ] [ $class$ [ $0$ ] ] ] [ $sex:Female  \le  0.5$ [ $class$ [ $0$ ] ] [ $class$ [ $1$ ] ] ] ] ] ] ] ],
compas-binary,complete,1,6907,12,12,binoct,6,None,None,300,leviathan,1,1,5525,12,24,345.8458892,7,64,127,67.89140271,65.26772793,[ $sex:Female  \le  0.5$ [ $age:<21  \le  0.5$ [ $priors:=1$ [ $sex:Female  \le  0.5$ [ $age:<26  \le  0.5$ [ $priors:>3  \le  0.5$ [ $class$ [ $0$ ] ] [ $class$ [ $1$ ] ] ] [ $priors:=0$ [ $class$ [ $1$ ] ] [ $class$ [ $0$ ] ] ] ] [ $sex:Female  \le  0.5$ [ $sex:Female  \le  0.5$ [ $class$ [ $0$ ] ] [ $class$ [ $0$ ] ] ] [ $sex:Female  \le  0.5$ [ $class$ [ $0$ ] ] [ $class$ [ $0$ ] ] ] ] ] [ $juvenile-misdemeanors:=0$ [ $sex:Female  \le  0.5$ [ $age:<23  \le  0.5$ [ $class$ [ $0$ ] ] [ $class$ [ $0$ ] ] ] [ $sex:Female  \le  0.5$ [ $class$ [ $0$ ] ] [ $class$ [ $0$ ] ] ] ] [ $sex:Female  \le  0.5$ [ $juvenile-crimes:=0$ [ $class$ [ $1$ ] ] [ $class$ [ $0$ ] ] ] [ $sex:Female  \le  0.5$ [ $class$ [ $0$ ] ] [ $class$ [ $0$ ] ] ] ] ] ] [ $sex:Female  \le  0.5$ [ $sex:Female  \le  0.5$ [ $sex:Female  \le  0.5$ [ $sex:Female  \le  0.5$ [ $class$ [ $1$ ] ] [ $class$ [ $0$ ] ] ] [ $sex:Female  \le  0.5$ [ $class$ [ $0$ ] ] [ $class$ [ $0$ ] ] ] ] [ $sex:Female  \le  0.5$ [ $sex:Female  \le  0.5$ [ $class$ [ $0$ ] ] [ $class$ [ $0$ ] ] ] [ $sex:Female  \le  0.5$ [ $class$ [ $0$ ] ] [ $class$ [ $0$ ] ] ] ] ] [ $sex:Female  \le  0.5$ [ $sex:Female  \le  0.5$ [ $sex:Female  \le  0.5$ [ $class$ [ $0$ ] ] [ $class$ [ $0$ ] ] ] [ $sex:Female  \le  0.5$ [ $class$ [ $0$ ] ] [ $class$ [ $0$ ] ] ] ] [ $sex:Female  \le  0.5$ [ $sex:Female  \le  0.5$ [ $class$ [ $0$ ] ] [ $class$ [ $0$ ] ] ] [ $sex:Female  \le  0.5$ [ $class$ [ $0$ ] ] [ $class$ [ $0$ ] ] ] ] ] ] ] [ $priors:2-3  \le  0.5$ [ $priors:>3  \le  0.5$ [ $sex:Female  \le  0.5$ [ $sex:Female  \le  0.5$ [ $sex:Female  \le  0.5$ [ $class$ [ $0$ ] ] [ $class$ [ $0$ ] ] ] [ $sex:Female  \le  0.5$ [ $class$ [ $0$ ] ] [ $class$ [ $0$ ] ] ] ] [ $sex:Female  \le  0.5$ [ $sex:Female  \le  0.5$ [ $class$ [ $0$ ] ] [ $class$ [ $0$ ] ] ] [ $age:<23  \le  0.5$ [ $class$ [ $0$ ] ] [ $class$ [ $0$ ] ] ] ] ] [ $priors:=0$ [ $age:<46  \le  0.5$ [ $juvenile-misdemeanors:=0$ [ $class$ [ $1$ ] ] [ $class$ [ $0$ ] ] ] [ $sex:Female  \le  0.5$ [ $class$ [ $0$ ] ] [ $class$ [ $1$ ] ] ] ] [ $sex:Female  \le  0.5$ [ $sex:Female  \le  0.5$ [ $class$ [ $0$ ] ] [ $class$ [ $0$ ] ] ] [ $sex:Female  \le  0.5$ [ $class$ [ $0$ ] ] [ $class$ [ $0$ ] ] ] ] ] ] [ $sex:Female  \le  0.5$ [ $sex:Female  \le  0.5$ [ $sex:Female  \le  0.5$ [ $sex:Female  \le  0.5$ [ $class$ [ $0$ ] ] [ $class$ [ $0$ ] ] ] [ $sex:Female  \le  0.5$ [ $class$ [ $0$ ] ] [ $class$ [ $0$ ] ] ] ] [ $sex:Female  \le  0.5$ [ $sex:Female  \le  0.5$ [ $class$ [ $0$ ] ] [ $class$ [ $0$ ] ] ] [ $sex:Female  \le  0.5$ [ $class$ [ $0$ ] ] [ $class$ [ $0$ ] ] ] ] ] [ $juvenile-crimes:=0$ [ $sex:Female  \le  0.5$ [ $sex:Female  \le  0.5$ [ $class$ [ $0$ ] ] [ $class$ [ $0$ ] ] ] [ $age:<26  \le  0.5$ [ $class$ [ $1$ ] ] [ $class$ [ $0$ ] ] ] ] [ $sex:Female  \le  0.5$ [ $sex:Female  \le  0.5$ [ $class$ [ $0$ ] ] [ $class$ [ $0$ ] ] ] [ $age:<26  \le  0.5$ [ $class$ [ $0$ ] ] [ $class$ [ $1$ ] ] ] ] ] ] ] ],
compas-binary,complete,1,6907,12,12,binoct,6,None,None,300,leviathan,1,2,5526,12,24,345.9502131,7,64,127,68.04198335,65.53222303,[ $priors:>3  \le  0.5$ [ $sex:Female  \le  0.5$ [ $age:<21  \le  0.5$ [ $juvenile-crimes:=0$ [ $age:<23  \le  0.5$ [ $priors:=0$ [ $class$ [ $1$ ] ] [ $class$ [ $0$ ] ] ] [ $sex:Female  \le  0.5$ [ $class$ [ $1$ ] ] [ $class$ [ $0$ ] ] ] ] [ $age:<26  \le  0.5$ [ $priors:=1$ [ $class$ [ $0$ ] ] [ $class$ [ $0$ ] ] ] [ $priors:2-3  \le  0.5$ [ $class$ [ $0$ ] ] [ $class$ [ $1$ ] ] ] ] ] [ $sex:Female  \le  0.5$ [ $sex:Female  \le  0.5$ [ $sex:Female  \le  0.5$ [ $class$ [ $1$ ] ] [ $class$ [ $0$ ] ] ] [ $sex:Female  \le  0.5$ [ $class$ [ $1$ ] ] [ $class$ [ $0$ ] ] ] ] [ $sex:Female  \le  0.5$ [ $sex:Female  \le  0.5$ [ $class$ [ $0$ ] ] [ $class$ [ $0$ ] ] ] [ $sex:Female  \le  0.5$ [ $class$ [ $0$ ] ] [ $class$ [ $0$ ] ] ] ] ] ] [ $age:<26  \le  0.5$ [ $sex:Female  \le  0.5$ [ $juvenile-felonies:=0$ [ $sex:Female  \le  0.5$ [ $class$ [ $0$ ] ] [ $class$ [ $0$ ] ] ] [ $juvenile-crimes:=0$ [ $class$ [ $1$ ] ] [ $class$ [ $0$ ] ] ] ] [ $age:<26  \le  0.5$ [ $juvenile-felonies:=0$ [ $class$ [ $1$ ] ] [ $class$ [ $0$ ] ] ] [ $sex:Female  \le  0.5$ [ $class$ [ $0$ ] ] [ $class$ [ $0$ ] ] ] ] ] [ $juvenile-crimes:=0$ [ $priors:=0$ [ $age:<21  \le  0.5$ [ $class$ [ $0$ ] ] [ $class$ [ $1$ ] ] ] [ $age:<23  \le  0.5$ [ $class$ [ $0$ ] ] [ $class$ [ $1$ ] ] ] ] [ $sex:Female  \le  0.5$ [ $sex:Female  \le  0.5$ [ $class$ [ $0$ ] ] [ $class$ [ $0$ ] ] ] [ $priors:2-3  \le  0.5$ [ $class$ [ $0$ ] ] [ $class$ [ $1$ ] ] ] ] ] ] ] [ $sex:Female  \le  0.5$ [ $priors:>3  \le  0.5$ [ $sex:Female  \le  0.5$ [ $sex:Female  \le  0.5$ [ $age:<21  \le  0.5$ [ $class$ [ $0$ ] ] [ $class$ [ $0$ ] ] ] [ $sex:Female  \le  0.5$ [ $class$ [ $0$ ] ] [ $class$ [ $0$ ] ] ] ] [ $sex:Female  \le  0.5$ [ $sex:Female  \le  0.5$ [ $class$ [ $0$ ] ] [ $class$ [ $0$ ] ] ] [ $sex:Female  \le  0.5$ [ $class$ [ $0$ ] ] [ $class$ [ $0$ ] ] ] ] ] [ $sex:Female  \le  0.5$ [ $sex:Female  \le  0.5$ [ $priors:=0$ [ $class$ [ $1$ ] ] [ $class$ [ $0$ ] ] ] [ $sex:Female  \le  0.5$ [ $class$ [ $0$ ] ] [ $class$ [ $0$ ] ] ] ] [ $sex:Female  \le  0.5$ [ $sex:Female  \le  0.5$ [ $class$ [ $0$ ] ] [ $class$ [ $0$ ] ] ] [ $sex:Female  \le  0.5$ [ $class$ [ $0$ ] ] [ $class$ [ $0$ ] ] ] ] ] ] [ $age:<26  \le  0.5$ [ $age:<46  \le  0.5$ [ $sex:Female  \le  0.5$ [ $sex:Female  \le  0.5$ [ $class$ [ $0$ ] ] [ $class$ [ $0$ ] ] ] [ $juvenile-crimes:=0$ [ $class$ [ $1$ ] ] [ $class$ [ $0$ ] ] ] ] [ $juvenile-felonies:=0$ [ $sex:Female  \le  0.5$ [ $class$ [ $0$ ] ] [ $class$ [ $0$ ] ] ] [ $sex:Female  \le  0.5$ [ $class$ [ $0$ ] ] [ $class$ [ $1$ ] ] ] ] ] [ $juvenile-misdemeanors:=0$ [ $sex:Female  \le  0.5$ [ $sex:Female  \le  0.5$ [ $class$ [ $0$ ] ] [ $class$ [ $0$ ] ] ] [ $sex:Female  \le  0.5$ [ $class$ [ $0$ ] ] [ $class$ [ $0$ ] ] ] ] [ $age:<46  \le  0.5$ [ $sex:Female  \le  0.5$ [ $class$ [ $0$ ] ] [ $class$ [ $0$ ] ] ] [ $sex:Female  \le  0.5$ [ $class$ [ $0$ ] ] [ $class$ [ $1$ ] ] ] ] ] ] ] ],
compas-binary,complete,1,6907,12,12,binoct,6,None,None,300,leviathan,1,3,5526,12,24,345.9731681,7,64,127,67.30003619,66.98044895,[ $priors:>3  \le  0.5$ [ $age:<26  \le  0.5$ [ $priors:=0$ [ $age:<26  \le  0.5$ [ $juvenile-felonies:=0$ [ $juvenile-crimes:=0$ [ $class$ [ $1$ ] ] [ $class$ [ $0$ ] ] ] [ $age:<23  \le  0.5$ [ $class$ [ $0$ ] ] [ $class$ [ $0$ ] ] ] ] [ $sex:Female  \le  0.5$ [ $age:<21  \le  0.5$ [ $class$ [ $0$ ] ] [ $class$ [ $0$ ] ] ] [ $sex:Female  \le  0.5$ [ $class$ [ $0$ ] ] [ $class$ [ $0$ ] ] ] ] ] [ $juvenile-crimes:=0$ [ $sex:Female  \le  0.5$ [ $sex:Female  \le  0.5$ [ $class$ [ $0$ ] ] [ $class$ [ $1$ ] ] ] [ $sex:Female  \le  0.5$ [ $class$ [ $0$ ] ] [ $class$ [ $1$ ] ] ] ] [ $sex:Female  \le  0.5$ [ $sex:Female  \le  0.5$ [ $class$ [ $0$ ] ] [ $class$ [ $0$ ] ] ] [ $sex:Female  \le  0.5$ [ $class$ [ $0$ ] ] [ $class$ [ $0$ ] ] ] ] ] ] [ $priors:=0$ [ $sex:Female  \le  0.5$ [ $sex:Female  \le  0.5$ [ $sex:Female  \le  0.5$ [ $class$ [ $1$ ] ] [ $class$ [ $0$ ] ] ] [ $sex:Female  \le  0.5$ [ $class$ [ $0$ ] ] [ $class$ [ $0$ ] ] ] ] [ $juvenile-crimes:=0$ [ $priors:>3  \le  0.5$ [ $class$ [ $0$ ] ] [ $class$ [ $1$ ] ] ] [ $priors:2-3  \le  0.5$ [ $class$ [ $0$ ] ] [ $class$ [ $1$ ] ] ] ] ] [ $juvenile-crimes:=0$ [ $juvenile-felonies:=0$ [ $age:<26  \le  0.5$ [ $class$ [ $0$ ] ] [ $class$ [ $1$ ] ] ] [ $age:<23  \le  0.5$ [ $class$ [ $0$ ] ] [ $class$ [ $1$ ] ] ] ] [ $priors:=0$ [ $juvenile-crimes:=0$ [ $class$ [ $0$ ] ] [ $class$ [ $0$ ] ] ] [ $juvenile-misdemeanors:=0$ [ $class$ [ $1$ ] ] [ $class$ [ $0$ ] ] ] ] ] ] ] [ $sex:Female  \le  0.5$ [ $age:<23  \le  0.5$ [ $sex:Female  \le  0.5$ [ $sex:Female  \le  0.5$ [ $sex:Female  \le  0.5$ [ $class$ [ $1$ ] ] [ $class$ [ $0$ ] ] ] [ $sex:Female  \le  0.5$ [ $class$ [ $0$ ] ] [ $class$ [ $0$ ] ] ] ] [ $sex:Female  \le  0.5$ [ $sex:Female  \le  0.5$ [ $class$ [ $0$ ] ] [ $class$ [ $0$ ] ] ] [ $sex:Female  \le  0.5$ [ $class$ [ $0$ ] ] [ $class$ [ $0$ ] ] ] ] ] [ $sex:Female  \le  0.5$ [ $sex:Female  \le  0.5$ [ $age:<21  \le  0.5$ [ $class$ [ $1$ ] ] [ $class$ [ $1$ ] ] ] [ $sex:Female  \le  0.5$ [ $class$ [ $0$ ] ] [ $class$ [ $0$ ] ] ] ] [ $sex:Female  \le  0.5$ [ $sex:Female  \le  0.5$ [ $class$ [ $0$ ] ] [ $class$ [ $0$ ] ] ] [ $sex:Female  \le  0.5$ [ $class$ [ $0$ ] ] [ $class$ [ $0$ ] ] ] ] ] ] [ $sex:Female  \le  0.5$ [ $sex:Female  \le  0.5$ [ $sex:Female  \le  0.5$ [ $sex:Female  \le  0.5$ [ $class$ [ $0$ ] ] [ $class$ [ $0$ ] ] ] [ $sex:Female  \le  0.5$ [ $class$ [ $0$ ] ] [ $class$ [ $0$ ] ] ] ] [ $sex:Female  \le  0.5$ [ $sex:Female  \le  0.5$ [ $class$ [ $0$ ] ] [ $class$ [ $0$ ] ] ] [ $sex:Female  \le  0.5$ [ $class$ [ $0$ ] ] [ $class$ [ $0$ ] ] ] ] ] [ $age:<23  \le  0.5$ [ $sex:Female  \le  0.5$ [ $sex:Female  \le  0.5$ [ $class$ [ $0$ ] ] [ $class$ [ $0$ ] ] ] [ $age:<46  \le  0.5$ [ $class$ [ $0$ ] ] [ $class$ [ $1$ ] ] ] ] [ $age:<26  \le  0.5$ [ $sex:Female  \le  0.5$ [ $class$ [ $0$ ] ] [ $class$ [ $0$ ] ] ] [ $sex:Female  \le  0.5$ [ $class$ [ $0$ ] ] [ $class$ [ $1$ ] ] ] ] ] ] ] ],
compas-binary,complete,1,6907,12,12,binoct,6,None,None,300,leviathan,1,4,5526,12,24,346.0629685,7,64,127,67.35432501,67.34250543,[ $age:<26  \le  0.5$ [ $age:<26  \le  0.5$ [ $priors:=1$ [ $juvenile-felonies:=0$ [ $sex:Female  \le  0.5$ [ $priors:>3  \le  0.5$ [ $class$ [ $1$ ] ] [ $class$ [ $1$ ] ] ] [ $priors:>3  \le  0.5$ [ $class$ [ $1$ ] ] [ $class$ [ $0$ ] ] ] ] [ $priors:>3  \le  0.5$ [ $sex:Female  \le  0.5$ [ $class$ [ $0$ ] ] [ $class$ [ $0$ ] ] ] [ $sex:Female  \le  0.5$ [ $class$ [ $1$ ] ] [ $class$ [ $1$ ] ] ] ] ] [ $sex:Female  \le  0.5$ [ $sex:Female  \le  0.5$ [ $sex:Female  \le  0.5$ [ $class$ [ $0$ ] ] [ $class$ [ $0$ ] ] ] [ $sex:Female  \le  0.5$ [ $class$ [ $0$ ] ] [ $class$ [ $0$ ] ] ] ] [ $juvenile-felonies:=0$ [ $priors:2-3  \le  0.5$ [ $class$ [ $1$ ] ] [ $class$ [ $1$ ] ] ] [ $priors:>3  \le  0.5$ [ $class$ [ $0$ ] ] [ $class$ [ $0$ ] ] ] ] ] ] [ $sex:Female  \le  0.5$ [ $sex:Female  \le  0.5$ [ $sex:Female  \le  0.5$ [ $sex:Female  \le  0.5$ [ $class$ [ $0$ ] ] [ $class$ [ $0$ ] ] ] [ $sex:Female  \le  0.5$ [ $class$ [ $0$ ] ] [ $class$ [ $0$ ] ] ] ] [ $sex:Female  \le  0.5$ [ $sex:Female  \le  0.5$ [ $class$ [ $0$ ] ] [ $class$ [ $0$ ] ] ] [ $sex:Female  \le  0.5$ [ $class$ [ $0$ ] ] [ $class$ [ $0$ ] ] ] ] ] [ $sex:Female  \le  0.5$ [ $sex:Female  \le  0.5$ [ $sex:Female  \le  0.5$ [ $class$ [ $0$ ] ] [ $class$ [ $0$ ] ] ] [ $sex:Female  \le  0.5$ [ $class$ [ $0$ ] ] [ $class$ [ $0$ ] ] ] ] [ $sex:Female  \le  0.5$ [ $sex:Female  \le  0.5$ [ $class$ [ $0$ ] ] [ $class$ [ $0$ ] ] ] [ $sex:Female  \le  0.5$ [ $class$ [ $0$ ] ] [ $class$ [ $0$ ] ] ] ] ] ] ] [ $age:<21  \le  0.5$ [ $priors:=0$ [ $juvenile-crimes:=0$ [ $priors:>3  \le  0.5$ [ $sex:Female  \le  0.5$ [ $class$ [ $1$ ] ] [ $class$ [ $0$ ] ] ] [ $priors:=1$ [ $class$ [ $1$ ] ] [ $class$ [ $0$ ] ] ] ] [ $priors:=1$ [ $sex:Female  \le  0.5$ [ $class$ [ $1$ ] ] [ $class$ [ $1$ ] ] ] [ $sex:Female  \le  0.5$ [ $class$ [ $0$ ] ] [ $class$ [ $0$ ] ] ] ] ] [ $sex:Female  \le  0.5$ [ $priors:=0$ [ $sex:Female  \le  0.5$ [ $class$ [ $0$ ] ] [ $class$ [ $0$ ] ] ] [ $sex:Female  \le  0.5$ [ $class$ [ $0$ ] ] [ $class$ [ $0$ ] ] ] ] [ $sex:Female  \le  0.5$ [ $sex:Female  \le  0.5$ [ $class$ [ $0$ ] ] [ $class$ [ $0$ ] ] ] [ $sex:Female  \le  0.5$ [ $class$ [ $0$ ] ] [ $class$ [ $0$ ] ] ] ] ] ] [ $age:<21  \le  0.5$ [ $sex:Female  \le  0.5$ [ $sex:Female  \le  0.5$ [ $sex:Female  \le  0.5$ [ $class$ [ $0$ ] ] [ $class$ [ $0$ ] ] ] [ $sex:Female  \le  0.5$ [ $class$ [ $0$ ] ] [ $class$ [ $0$ ] ] ] ] [ $sex:Female  \le  0.5$ [ $sex:Female  \le  0.5$ [ $class$ [ $0$ ] ] [ $class$ [ $0$ ] ] ] [ $sex:Female  \le  0.5$ [ $class$ [ $0$ ] ] [ $class$ [ $0$ ] ] ] ] ] [ $juvenile-crimes:=0$ [ $sex:Female  \le  0.5$ [ $sex:Female  \le  0.5$ [ $class$ [ $1$ ] ] [ $class$ [ $0$ ] ] ] [ $age:<21  \le  0.5$ [ $class$ [ $0$ ] ] [ $class$ [ $1$ ] ] ] ] [ $priors:>3  \le  0.5$ [ $sex:Female  \le  0.5$ [ $class$ [ $1$ ] ] [ $class$ [ $0$ ] ] ] [ $priors:>3  \le  0.5$ [ $class$ [ $0$ ] ] [ $class$ [ $1$ ] ] ] ] ] ] ] ],
compas-binary,complete,1,6907,12,12,binoct,7,None,None,300,leviathan,1,0,5525,12,24,399.0492098,8,128,255,67.13122172,69.03039074,[ $priors:>3  \le  0.5$ [ $juvenile-crimes:=0$ [ $priors:=0$ [ $age:<46  \le  0.5$ [ $age:<21  \le  0.5$ [ $age:<23  \le  0.5$ [ $sex:Female  \le  0.5$ [ $class$ [ $0$ ] ] [ $class$ [ $0$ ] ] ] [ $age:<23  \le  0.5$ [ $class$ [ $0$ ] ] [ $class$ [ $0$ ] ] ] ] [ $sex:Female  \le  0.5$ [ $sex:Female  \le  0.5$ [ $class$ [ $0$ ] ] [ $class$ [ $0$ ] ] ] [ $sex:Female  \le  0.5$ [ $class$ [ $0$ ] ] [ $class$ [ $0$ ] ] ] ] ] [ $age:<26  \le  0.5$ [ $juvenile-misdemeanors:=0$ [ $sex:Female  \le  0.5$ [ $class$ [ $0$ ] ] [ $class$ [ $0$ ] ] ] [ $juvenile-felonies:=0$ [ $class$ [ $1$ ] ] [ $class$ [ $0$ ] ] ] ] [ $sex:Female  \le  0.5$ [ $sex:Female  \le  0.5$ [ $class$ [ $1$ ] ] [ $class$ [ $0$ ] ] ] [ $sex:Female  \le  0.5$ [ $class$ [ $0$ ] ] [ $class$ [ $0$ ] ] ] ] ] ] [ $juvenile-felonies:=0$ [ $sex:Female  \le  0.5$ [ $age:<21  \le  0.5$ [ $sex:Female  \le  0.5$ [ $class$ [ $0$ ] ] [ $class$ [ $0$ ] ] ] [ $sex:Female  \le  0.5$ [ $class$ [ $0$ ] ] [ $class$ [ $0$ ] ] ] ] [ $sex:Female  \le  0.5$ [ $sex:Female  \le  0.5$ [ $class$ [ $0$ ] ] [ $class$ [ $0$ ] ] ] [ $sex:Female  \le  0.5$ [ $class$ [ $0$ ] ] [ $class$ [ $1$ ] ] ] ] ] [ $juvenile-crimes:=0$ [ $age:<23  \le  0.5$ [ $sex:Female  \le  0.5$ [ $class$ [ $0$ ] ] [ $class$ [ $0$ ] ] ] [ $age:<26  \le  0.5$ [ $class$ [ $0$ ] ] [ $class$ [ $1$ ] ] ] ] [ $sex:Female  \le  0.5$ [ $sex:Female  \le  0.5$ [ $class$ [ $0$ ] ] [ $class$ [ $0$ ] ] ] [ $sex:Female  \le  0.5$ [ $class$ [ $0$ ] ] [ $class$ [ $1$ ] ] ] ] ] ] ] [ $age:<23  \le  0.5$ [ $age:<23  \le  0.5$ [ $priors:=1$ [ $priors:=0$ [ $age:<26  \le  0.5$ [ $class$ [ $0$ ] ] [ $class$ [ $1$ ] ] ] [ $age:<23  \le  0.5$ [ $class$ [ $0$ ] ] [ $class$ [ $0$ ] ] ] ] [ $age:<21  \le  0.5$ [ $priors:>3  \le  0.5$ [ $class$ [ $0$ ] ] [ $class$ [ $0$ ] ] ] [ $age:<21  \le  0.5$ [ $class$ [ $1$ ] ] [ $class$ [ $0$ ] ] ] ] ] [ $age:<21  \le  0.5$ [ $age:<21  \le  0.5$ [ $sex:Female  \le  0.5$ [ $class$ [ $0$ ] ] [ $class$ [ $0$ ] ] ] [ $sex:Female  \le  0.5$ [ $class$ [ $0$ ] ] [ $class$ [ $0$ ] ] ] ] [ $age:<21  \le  0.5$ [ $sex:Female  \le  0.5$ [ $class$ [ $0$ ] ] [ $class$ [ $0$ ] ] ] [ $sex:Female  \le  0.5$ [ $class$ [ $0$ ] ] [ $class$ [ $0$ ] ] ] ] ] ] [ $sex:Female  \le  0.5$ [ $priors:=0$ [ $age:<21  \le  0.5$ [ $sex:Female  \le  0.5$ [ $class$ [ $1$ ] ] [ $class$ [ $0$ ] ] ] [ $priors:=0$ [ $class$ [ $1$ ] ] [ $class$ [ $0$ ] ] ] ] [ $age:<46  \le  0.5$ [ $sex:Female  \le  0.5$ [ $class$ [ $0$ ] ] [ $class$ [ $0$ ] ] ] [ $age:<21  \le  0.5$ [ $class$ [ $0$ ] ] [ $class$ [ $1$ ] ] ] ] ] [ $sex:Female  \le  0.5$ [ $sex:Female  \le  0.5$ [ $sex:Female  \le  0.5$ [ $class$ [ $0$ ] ] [ $class$ [ $0$ ] ] ] [ $sex:Female  \le  0.5$ [ $class$ [ $0$ ] ] [ $class$ [ $0$ ] ] ] ] [ $priors:=1$ [ $priors:2-3  \le  0.5$ [ $class$ [ $0$ ] ] [ $class$ [ $1$ ] ] ] [ $sex:Female  \le  0.5$ [ $class$ [ $0$ ] ] [ $class$ [ $0$ ] ] ] ] ] ] ] ] [ $sex:Female  \le  0.5$ [ $age:<21  \le  0.5$ [ $sex:Female  \le  0.5$ [ $priors:>3  \le  0.5$ [ $sex:Female  \le  0.5$ [ $age:<23  \le  0.5$ [ $class$ [ $0$ ] ] [ $class$ [ $0$ ] ] ] [ $sex:Female  \le  0.5$ [ $class$ [ $0$ ] ] [ $class$ [ $0$ ] ] ] ] [ $priors:>3  \le  0.5$ [ $sex:Female  \le  0.5$ [ $class$ [ $1$ ] ] [ $class$ [ $0$ ] ] ] [ $sex:Female  \le  0.5$ [ $class$ [ $1$ ] ] [ $class$ [ $0$ ] ] ] ] ] [ $sex:Female  \le  0.5$ [ $sex:Female  \le  0.5$ [ $sex:Female  \le  0.5$ [ $class$ [ $1$ ] ] [ $class$ [ $0$ ] ] ] [ $juvenile-misdemeanors:=0$ [ $class$ [ $0$ ] ] [ $class$ [ $0$ ] ] ] ] [ $priors:=1$ [ $sex:Female  \le  0.5$ [ $class$ [ $0$ ] ] [ $class$ [ $0$ ] ] ] [ $sex:Female  \le  0.5$ [ $class$ [ $0$ ] ] [ $class$ [ $0$ ] ] ] ] ] ] [ $age:<26  \le  0.5$ [ $age:<21  \le  0.5$ [ $sex:Female  \le  0.5$ [ $sex:Female  \le  0.5$ [ $class$ [ $0$ ] ] [ $class$ [ $0$ ] ] ] [ $sex:Female  \le  0.5$ [ $class$ [ $0$ ] ] [ $class$ [ $0$ ] ] ] ] [ $age:<21  \le  0.5$ [ $sex:Female  \le  0.5$ [ $class$ [ $0$ ] ] [ $class$ [ $0$ ] ] ] [ $sex:Female  \le  0.5$ [ $class$ [ $0$ ] ] [ $class$ [ $0$ ] ] ] ] ] [ $age:<23  \le  0.5$ [ $age:<21  \le  0.5$ [ $age:<21  \le  0.5$ [ $class$ [ $0$ ] ] [ $class$ [ $0$ ] ] ] [ $sex:Female  \le  0.5$ [ $class$ [ $0$ ] ] [ $class$ [ $0$ ] ] ] ] [ $sex:Female  \le  0.5$ [ $sex:Female  \le  0.5$ [ $class$ [ $1$ ] ] [ $class$ [ $0$ ] ] ] [ $sex:Female  \le  0.5$ [ $class$ [ $0$ ] ] [ $class$ [ $0$ ] ] ] ] ] ] ] [ $sex:Female  \le  0.5$ [ $age:<26  \le  0.5$ [ $priors:2-3  \le  0.5$ [ $age:<21  \le  0.5$ [ $age:<21  \le  0.5$ [ $class$ [ $0$ ] ] [ $class$ [ $0$ ] ] ] [ $sex:Female  \le  0.5$ [ $class$ [ $0$ ] ] [ $class$ [ $1$ ] ] ] ] [ $sex:Female  \le  0.5$ [ $sex:Female  \le  0.5$ [ $class$ [ $0$ ] ] [ $class$ [ $0$ ] ] ] [ $sex:Female  \le  0.5$ [ $class$ [ $0$ ] ] [ $class$ [ $0$ ] ] ] ] ] [ $juvenile-crimes:=0$ [ $sex:Female  \le  0.5$ [ $sex:Female  \le  0.5$ [ $class$ [ $0$ ] ] [ $class$ [ $0$ ] ] ] [ $sex:Female  \le  0.5$ [ $class$ [ $1$ ] ] [ $class$ [ $1$ ] ] ] ] [ $sex:Female  \le  0.5$ [ $sex:Female  \le  0.5$ [ $class$ [ $0$ ] ] [ $class$ [ $1$ ] ] ] [ $sex:Female  \le  0.5$ [ $class$ [ $0$ ] ] [ $class$ [ $0$ ] ] ] ] ] ] [ $age:<46  \le  0.5$ [ $sex:Female  \le  0.5$ [ $sex:Female  \le  0.5$ [ $age:<23  \le  0.5$ [ $class$ [ $0$ ] ] [ $class$ [ $0$ ] ] ] [ $sex:Female  \le  0.5$ [ $class$ [ $0$ ] ] [ $class$ [ $0$ ] ] ] ] [ $juvenile-misdemeanors:=0$ [ $sex:Female  \le  0.5$ [ $class$ [ $0$ ] ] [ $class$ [ $1$ ] ] ] [ $age:<21  \le  0.5$ [ $class$ [ $0$ ] ] [ $class$ [ $0$ ] ] ] ] ] [ $sex:Female  \le  0.5$ [ $sex:Female  \le  0.5$ [ $sex:Female  \le  0.5$ [ $class$ [ $1$ ] ] [ $class$ [ $0$ ] ] ] [ $age:<21  \le  0.5$ [ $class$ [ $1$ ] ] [ $class$ [ $0$ ] ] ] ] [ $priors:=0$ [ $age:<21  \le  0.5$ [ $class$ [ $1$ ] ] [ $class$ [ $1$ ] ] ] [ $sex:Female  \le  0.5$ [ $class$ [ $0$ ] ] [ $class$ [ $0$ ] ] ] ] ] ] ] ] ],
compas-binary,complete,1,6907,12,12,binoct,7,None,None,300,leviathan,1,1,5525,12,24,399.9124934,8,128,255,68.05429864,64.97829233,[ $priors:2-3  \le  0.5$ [ $juvenile-crimes:=0$ [ $age:<21  \le  0.5$ [ $priors:2-3  \le  0.5$ [ $sex:Female  \le  0.5$ [ $priors:=0$ [ $age:<21  \le  0.5$ [ $class$ [ $1$ ] ] [ $class$ [ $1$ ] ] ] [ $age:<26  \le  0.5$ [ $class$ [ $0$ ] ] [ $class$ [ $1$ ] ] ] ] [ $juvenile-felonies:=0$ [ $juvenile-crimes:=0$ [ $class$ [ $1$ ] ] [ $class$ [ $0$ ] ] ] [ $priors:>3  \le  0.5$ [ $class$ [ $0$ ] ] [ $class$ [ $1$ ] ] ] ] ] [ $age:<46  \le  0.5$ [ $sex:Female  \le  0.5$ [ $sex:Female  \le  0.5$ [ $class$ [ $0$ ] ] [ $class$ [ $1$ ] ] ] [ $age:<23  \le  0.5$ [ $class$ [ $0$ ] ] [ $class$ [ $0$ ] ] ] ] [ $age:<46  \le  0.5$ [ $age:<46  \le  0.5$ [ $class$ [ $1$ ] ] [ $class$ [ $0$ ] ] ] [ $sex:Female  \le  0.5$ [ $class$ [ $0$ ] ] [ $class$ [ $0$ ] ] ] ] ] ] [ $priors:2-3  \le  0.5$ [ $sex:Female  \le  0.5$ [ $sex:Female  \le  0.5$ [ $priors:2-3  \le  0.5$ [ $class$ [ $1$ ] ] [ $class$ [ $0$ ] ] ] [ $priors:2-3  \le  0.5$ [ $class$ [ $1$ ] ] [ $class$ [ $0$ ] ] ] ] [ $age:<21  \le  0.5$ [ $age:<21  \le  0.5$ [ $class$ [ $1$ ] ] [ $class$ [ $0$ ] ] ] [ $juvenile-crimes:=0$ [ $class$ [ $1$ ] ] [ $class$ [ $0$ ] ] ] ] ] [ $sex:Female  \le  0.5$ [ $sex:Female  \le  0.5$ [ $priors:=1$ [ $class$ [ $1$ ] ] [ $class$ [ $1$ ] ] ] [ $age:<23  \le  0.5$ [ $class$ [ $0$ ] ] [ $class$ [ $0$ ] ] ] ] [ $sex:Female  \le  0.5$ [ $juvenile-felonies:=0$ [ $class$ [ $0$ ] ] [ $class$ [ $0$ ] ] ] [ $sex:Female  \le  0.5$ [ $class$ [ $0$ ] ] [ $class$ [ $0$ ] ] ] ] ] ] ] [ $priors:>3  \le  0.5$ [ $sex:Female  \le  0.5$ [ $sex:Female  \le  0.5$ [ $priors:2-3  \le  0.5$ [ $age:<21  \le  0.5$ [ $class$ [ $0$ ] ] [ $class$ [ $1$ ] ] ] [ $sex:Female  \le  0.5$ [ $class$ [ $0$ ] ] [ $class$ [ $0$ ] ] ] ] [ $sex:Female  \le  0.5$ [ $priors:=1$ [ $class$ [ $0$ ] ] [ $class$ [ $0$ ] ] ] [ $sex:Female  \le  0.5$ [ $class$ [ $1$ ] ] [ $class$ [ $0$ ] ] ] ] ] [ $priors:2-3  \le  0.5$ [ $priors:=1$ [ $juvenile-felonies:=0$ [ $class$ [ $1$ ] ] [ $class$ [ $0$ ] ] ] [ $priors:2-3  \le  0.5$ [ $class$ [ $0$ ] ] [ $class$ [ $0$ ] ] ] ] [ $juvenile-felonies:=0$ [ $sex:Female  \le  0.5$ [ $class$ [ $0$ ] ] [ $class$ [ $0$ ] ] ] [ $age:<26  \le  0.5$ [ $class$ [ $0$ ] ] [ $class$ [ $0$ ] ] ] ] ] ] [ $age:<46  \le  0.5$ [ $priors:>3  \le  0.5$ [ $sex:Female  \le  0.5$ [ $sex:Female  \le  0.5$ [ $class$ [ $0$ ] ] [ $class$ [ $1$ ] ] ] [ $sex:Female  \le  0.5$ [ $class$ [ $0$ ] ] [ $class$ [ $0$ ] ] ] ] [ $sex:Female  \le  0.5$ [ $sex:Female  \le  0.5$ [ $class$ [ $1$ ] ] [ $class$ [ $0$ ] ] ] [ $sex:Female  \le  0.5$ [ $class$ [ $0$ ] ] [ $class$ [ $0$ ] ] ] ] ] [ $priors:2-3  \le  0.5$ [ $age:<23  \le  0.5$ [ $age:<46  \le  0.5$ [ $class$ [ $1$ ] ] [ $class$ [ $1$ ] ] ] [ $sex:Female  \le  0.5$ [ $class$ [ $1$ ] ] [ $class$ [ $1$ ] ] ] ] [ $age:<21  \le  0.5$ [ $priors:=0$ [ $class$ [ $0$ ] ] [ $class$ [ $0$ ] ] ] [ $age:<21  \le  0.5$ [ $class$ [ $1$ ] ] [ $class$ [ $0$ ] ] ] ] ] ] ] ] [ $age:<26  \le  0.5$ [ $priors:2-3  \le  0.5$ [ $age:<23  \le  0.5$ [ $sex:Female  \le  0.5$ [ $sex:Female  \le  0.5$ [ $sex:Female  \le  0.5$ [ $class$ [ $0$ ] ] [ $class$ [ $0$ ] ] ] [ $age:<23  \le  0.5$ [ $class$ [ $0$ ] ] [ $class$ [ $0$ ] ] ] ] [ $sex:Female  \le  0.5$ [ $sex:Female  \le  0.5$ [ $class$ [ $0$ ] ] [ $class$ [ $1$ ] ] ] [ $sex:Female  \le  0.5$ [ $class$ [ $1$ ] ] [ $class$ [ $0$ ] ] ] ] ] [ $priors:2-3  \le  0.5$ [ $priors:>3  \le  0.5$ [ $sex:Female  \le  0.5$ [ $class$ [ $0$ ] ] [ $class$ [ $0$ ] ] ] [ $priors:2-3  \le  0.5$ [ $class$ [ $0$ ] ] [ $class$ [ $1$ ] ] ] ] [ $sex:Female  \le  0.5$ [ $sex:Female  \le  0.5$ [ $class$ [ $0$ ] ] [ $class$ [ $0$ ] ] ] [ $sex:Female  \le  0.5$ [ $class$ [ $0$ ] ] [ $class$ [ $1$ ] ] ] ] ] ] [ $priors:=0$ [ $juvenile-felonies:=0$ [ $age:<21  \le  0.5$ [ $juvenile-misdemeanors:=0$ [ $class$ [ $1$ ] ] [ $class$ [ $1$ ] ] ] [ $juvenile-felonies:=0$ [ $class$ [ $1$ ] ] [ $class$ [ $0$ ] ] ] ] [ $age:<46  \le  0.5$ [ $age:<23  \le  0.5$ [ $class$ [ $0$ ] ] [ $class$ [ $0$ ] ] ] [ $juvenile-crimes:=0$ [ $class$ [ $1$ ] ] [ $class$ [ $0$ ] ] ] ] ] [ $juvenile-misdemeanors:=0$ [ $sex:Female  \le  0.5$ [ $sex:Female  \le  0.5$ [ $class$ [ $0$ ] ] [ $class$ [ $0$ ] ] ] [ $sex:Female  \le  0.5$ [ $class$ [ $1$ ] ] [ $class$ [ $0$ ] ] ] ] [ $juvenile-misdemeanors:=0$ [ $age:<21  \le  0.5$ [ $class$ [ $0$ ] ] [ $class$ [ $1$ ] ] ] [ $age:<46  \le  0.5$ [ $class$ [ $1$ ] ] [ $class$ [ $1$ ] ] ] ] ] ] ] [ $priors:=0$ [ $priors:=1$ [ $sex:Female  \le  0.5$ [ $age:<21  \le  0.5$ [ $age:<26  \le  0.5$ [ $class$ [ $0$ ] ] [ $class$ [ $1$ ] ] ] [ $sex:Female  \le  0.5$ [ $class$ [ $1$ ] ] [ $class$ [ $0$ ] ] ] ] [ $sex:Female  \le  0.5$ [ $sex:Female  \le  0.5$ [ $class$ [ $0$ ] ] [ $class$ [ $0$ ] ] ] [ $juvenile-crimes:=0$ [ $class$ [ $0$ ] ] [ $class$ [ $1$ ] ] ] ] ] [ $sex:Female  \le  0.5$ [ $sex:Female  \le  0.5$ [ $sex:Female  \le  0.5$ [ $class$ [ $0$ ] ] [ $class$ [ $0$ ] ] ] [ $age:<26  \le  0.5$ [ $class$ [ $0$ ] ] [ $class$ [ $1$ ] ] ] ] [ $sex:Female  \le  0.5$ [ $sex:Female  \le  0.5$ [ $class$ [ $0$ ] ] [ $class$ [ $0$ ] ] ] [ $sex:Female  \le  0.5$ [ $class$ [ $0$ ] ] [ $class$ [ $0$ ] ] ] ] ] ] [ $age:<23  \le  0.5$ [ $priors:=0$ [ $priors:=0$ [ $priors:>3  \le  0.5$ [ $class$ [ $0$ ] ] [ $class$ [ $0$ ] ] ] [ $sex:Female  \le  0.5$ [ $class$ [ $0$ ] ] [ $class$ [ $0$ ] ] ] ] [ $sex:Female  \le  0.5$ [ $age:<26  \le  0.5$ [ $class$ [ $0$ ] ] [ $class$ [ $0$ ] ] ] [ $priors:=0$ [ $class$ [ $0$ ] ] [ $class$ [ $1$ ] ] ] ] ] [ $sex:Female  \le  0.5$ [ $age:<46  \le  0.5$ [ $sex:Female  \le  0.5$ [ $class$ [ $0$ ] ] [ $class$ [ $0$ ] ] ] [ $sex:Female  \le  0.5$ [ $class$ [ $1$ ] ] [ $class$ [ $0$ ] ] ] ] [ $sex:Female  \le  0.5$ [ $sex:Female  \le  0.5$ [ $class$ [ $0$ ] ] [ $class$ [ $1$ ] ] ] [ $sex:Female  \le  0.5$ [ $class$ [ $1$ ] ] [ $class$ [ $0$ ] ] ] ] ] ] ] ] ],
compas-binary,complete,1,6907,12,12,binoct,7,None,None,300,leviathan,1,2,5526,12,24,400.3762342,8,128,255,67.71625045,65.45981173,[ $age:<21  \le  0.5$ [ $age:<26  \le  0.5$ [ $age:<21  \le  0.5$ [ $priors:=0$ [ $age:<26  \le  0.5$ [ $priors:>3  \le  0.5$ [ $sex:Female  \le  0.5$ [ $class$ [ $0$ ] ] [ $class$ [ $0$ ] ] ] [ $age:<21  \le  0.5$ [ $class$ [ $1$ ] ] [ $class$ [ $0$ ] ] ] ] [ $age:<23  \le  0.5$ [ $sex:Female  \le  0.5$ [ $class$ [ $0$ ] ] [ $class$ [ $1$ ] ] ] [ $sex:Female  \le  0.5$ [ $class$ [ $0$ ] ] [ $class$ [ $0$ ] ] ] ] ] [ $age:<26  \le  0.5$ [ $age:<21  \le  0.5$ [ $sex:Female  \le  0.5$ [ $class$ [ $0$ ] ] [ $class$ [ $0$ ] ] ] [ $sex:Female  \le  0.5$ [ $class$ [ $0$ ] ] [ $class$ [ $1$ ] ] ] ] [ $sex:Female  \le  0.5$ [ $age:<21  \le  0.5$ [ $class$ [ $0$ ] ] [ $class$ [ $0$ ] ] ] [ $sex:Female  \le  0.5$ [ $class$ [ $0$ ] ] [ $class$ [ $1$ ] ] ] ] ] ] [ $sex:Female  \le  0.5$ [ $sex:Female  \le  0.5$ [ $sex:Female  \le  0.5$ [ $priors:=1$ [ $class$ [ $0$ ] ] [ $class$ [ $1$ ] ] ] [ $age:<21  \le  0.5$ [ $class$ [ $0$ ] ] [ $class$ [ $0$ ] ] ] ] [ $age:<23  \le  0.5$ [ $age:<23  \le  0.5$ [ $class$ [ $1$ ] ] [ $class$ [ $0$ ] ] ] [ $sex:Female  \le  0.5$ [ $class$ [ $0$ ] ] [ $class$ [ $0$ ] ] ] ] ] [ $sex:Female  \le  0.5$ [ $sex:Female  \le  0.5$ [ $sex:Female  \le  0.5$ [ $class$ [ $1$ ] ] [ $class$ [ $0$ ] ] ] [ $sex:Female  \le  0.5$ [ $class$ [ $0$ ] ] [ $class$ [ $0$ ] ] ] ] [ $sex:Female  \le  0.5$ [ $sex:Female  \le  0.5$ [ $class$ [ $0$ ] ] [ $class$ [ $0$ ] ] ] [ $sex:Female  \le  0.5$ [ $class$ [ $0$ ] ] [ $class$ [ $0$ ] ] ] ] ] ] ] [ $age:<26  \le  0.5$ [ $priors:2-3  \le  0.5$ [ $juvenile-crimes:=0$ [ $priors:=1$ [ $age:<23  \le  0.5$ [ $class$ [ $0$ ] ] [ $class$ [ $0$ ] ] ] [ $juvenile-felonies:=0$ [ $class$ [ $1$ ] ] [ $class$ [ $1$ ] ] ] ] [ $sex:Female  \le  0.5$ [ $age:<26  \le  0.5$ [ $class$ [ $0$ ] ] [ $class$ [ $0$ ] ] ] [ $age:<26  \le  0.5$ [ $class$ [ $0$ ] ] [ $class$ [ $0$ ] ] ] ] ] [ $priors:=1$ [ $sex:Female  \le  0.5$ [ $sex:Female  \le  0.5$ [ $class$ [ $1$ ] ] [ $class$ [ $0$ ] ] ] [ $priors:=1$ [ $class$ [ $1$ ] ] [ $class$ [ $0$ ] ] ] ] [ $juvenile-felonies:=0$ [ $juvenile-misdemeanors:=0$ [ $class$ [ $1$ ] ] [ $class$ [ $0$ ] ] ] [ $age:<21  \le  0.5$ [ $class$ [ $0$ ] ] [ $class$ [ $0$ ] ] ] ] ] ] [ $priors:=1$ [ $age:<26  \le  0.5$ [ $priors:=0$ [ $sex:Female  \le  0.5$ [ $class$ [ $1$ ] ] [ $class$ [ $0$ ] ] ] [ $sex:Female  \le  0.5$ [ $class$ [ $0$ ] ] [ $class$ [ $1$ ] ] ] ] [ $juvenile-crimes:=0$ [ $priors:=1$ [ $class$ [ $1$ ] ] [ $class$ [ $0$ ] ] ] [ $priors:=0$ [ $class$ [ $1$ ] ] [ $class$ [ $0$ ] ] ] ] ] [ $sex:Female  \le  0.5$ [ $juvenile-crimes:=0$ [ $age:<21  \le  0.5$ [ $class$ [ $1$ ] ] [ $class$ [ $0$ ] ] ] [ $age:<26  \le  0.5$ [ $class$ [ $0$ ] ] [ $class$ [ $0$ ] ] ] ] [ $age:<21  \le  0.5$ [ $priors:>3  \le  0.5$ [ $class$ [ $0$ ] ] [ $class$ [ $0$ ] ] ] [ $age:<21  \le  0.5$ [ $class$ [ $0$ ] ] [ $class$ [ $0$ ] ] ] ] ] ] ] ] [ $juvenile-crimes:=0$ [ $age:<21  \le  0.5$ [ $sex:Female  \le  0.5$ [ $sex:Female  \le  0.5$ [ $sex:Female  \le  0.5$ [ $sex:Female  \le  0.5$ [ $class$ [ $0$ ] ] [ $class$ [ $0$ ] ] ] [ $sex:Female  \le  0.5$ [ $class$ [ $0$ ] ] [ $class$ [ $0$ ] ] ] ] [ $sex:Female  \le  0.5$ [ $sex:Female  \le  0.5$ [ $class$ [ $0$ ] ] [ $class$ [ $0$ ] ] ] [ $sex:Female  \le  0.5$ [ $class$ [ $0$ ] ] [ $class$ [ $0$ ] ] ] ] ] [ $sex:Female  \le  0.5$ [ $age:<23  \le  0.5$ [ $sex:Female  \le  0.5$ [ $class$ [ $0$ ] ] [ $class$ [ $0$ ] ] ] [ $sex:Female  \le  0.5$ [ $class$ [ $0$ ] ] [ $class$ [ $0$ ] ] ] ] [ $age:<21  \le  0.5$ [ $age:<21  \le  0.5$ [ $class$ [ $0$ ] ] [ $class$ [ $0$ ] ] ] [ $sex:Female  \le  0.5$ [ $class$ [ $0$ ] ] [ $class$ [ $0$ ] ] ] ] ] ] [ $sex:Female  \le  0.5$ [ $sex:Female  \le  0.5$ [ $juvenile-crimes:=0$ [ $age:<26  \le  0.5$ [ $class$ [ $0$ ] ] [ $class$ [ $1$ ] ] ] [ $sex:Female  \le  0.5$ [ $class$ [ $0$ ] ] [ $class$ [ $0$ ] ] ] ] [ $age:<21  \le  0.5$ [ $age:<26  \le  0.5$ [ $class$ [ $0$ ] ] [ $class$ [ $0$ ] ] ] [ $sex:Female  \le  0.5$ [ $class$ [ $0$ ] ] [ $class$ [ $0$ ] ] ] ] ] [ $sex:Female  \le  0.5$ [ $sex:Female  \le  0.5$ [ $sex:Female  \le  0.5$ [ $class$ [ $0$ ] ] [ $class$ [ $0$ ] ] ] [ $age:<26  \le  0.5$ [ $class$ [ $1$ ] ] [ $class$ [ $0$ ] ] ] ] [ $juvenile-misdemeanors:=0$ [ $sex:Female  \le  0.5$ [ $class$ [ $0$ ] ] [ $class$ [ $1$ ] ] ] [ $priors:=1$ [ $class$ [ $1$ ] ] [ $class$ [ $0$ ] ] ] ] ] ] ] [ $age:<21  \le  0.5$ [ $sex:Female  \le  0.5$ [ $sex:Female  \le  0.5$ [ $sex:Female  \le  0.5$ [ $age:<21  \le  0.5$ [ $class$ [ $0$ ] ] [ $class$ [ $0$ ] ] ] [ $sex:Female  \le  0.5$ [ $class$ [ $0$ ] ] [ $class$ [ $0$ ] ] ] ] [ $sex:Female  \le  0.5$ [ $sex:Female  \le  0.5$ [ $class$ [ $0$ ] ] [ $class$ [ $0$ ] ] ] [ $sex:Female  \le  0.5$ [ $class$ [ $0$ ] ] [ $class$ [ $1$ ] ] ] ] ] [ $age:<26  \le  0.5$ [ $sex:Female  \le  0.5$ [ $sex:Female  \le  0.5$ [ $class$ [ $0$ ] ] [ $class$ [ $0$ ] ] ] [ $sex:Female  \le  0.5$ [ $class$ [ $0$ ] ] [ $class$ [ $0$ ] ] ] ] [ $age:<23  \le  0.5$ [ $age:<21  \le  0.5$ [ $class$ [ $0$ ] ] [ $class$ [ $0$ ] ] ] [ $priors:2-3  \le  0.5$ [ $class$ [ $1$ ] ] [ $class$ [ $0$ ] ] ] ] ] ] [ $priors:2-3  \le  0.5$ [ $sex:Female  \le  0.5$ [ $sex:Female  \le  0.5$ [ $sex:Female  \le  0.5$ [ $class$ [ $1$ ] ] [ $class$ [ $0$ ] ] ] [ $sex:Female  \le  0.5$ [ $class$ [ $0$ ] ] [ $class$ [ $1$ ] ] ] ] [ $priors:>3  \le  0.5$ [ $sex:Female  \le  0.5$ [ $class$ [ $1$ ] ] [ $class$ [ $0$ ] ] ] [ $sex:Female  \le  0.5$ [ $class$ [ $0$ ] ] [ $class$ [ $1$ ] ] ] ] ] [ $age:<23  \le  0.5$ [ $sex:Female  \le  0.5$ [ $sex:Female  \le  0.5$ [ $class$ [ $0$ ] ] [ $class$ [ $0$ ] ] ] [ $sex:Female  \le  0.5$ [ $class$ [ $0$ ] ] [ $class$ [ $0$ ] ] ] ] [ $priors:2-3  \le  0.5$ [ $sex:Female  \le  0.5$ [ $class$ [ $0$ ] ] [ $class$ [ $0$ ] ] ] [ $priors:>3  \le  0.5$ [ $class$ [ $1$ ] ] [ $class$ [ $0$ ] ] ] ] ] ] ] ] ],
compas-binary,complete,1,6907,12,12,binoct,7,None,None,300,leviathan,1,3,5526,12,24,400.0786651,8,128,255,67.37242128,67.34250543,[ $priors:>3  \le  0.5$ [ $age:<23  \le  0.5$ [ $age:<26  \le  0.5$ [ $juvenile-felonies:=0$ [ $sex:Female  \le  0.5$ [ $priors:=1$ [ $age:<23  \le  0.5$ [ $class$ [ $1$ ] ] [ $class$ [ $0$ ] ] ] [ $age:<26  \le  0.5$ [ $class$ [ $1$ ] ] [ $class$ [ $0$ ] ] ] ] [ $age:<46  \le  0.5$ [ $priors:>3  \le  0.5$ [ $class$ [ $0$ ] ] [ $class$ [ $0$ ] ] ] [ $sex:Female  \le  0.5$ [ $class$ [ $0$ ] ] [ $class$ [ $0$ ] ] ] ] ] [ $juvenile-crimes:=0$ [ $sex:Female  \le  0.5$ [ $sex:Female  \le  0.5$ [ $class$ [ $0$ ] ] [ $class$ [ $0$ ] ] ] [ $juvenile-misdemeanors:=0$ [ $class$ [ $0$ ] ] [ $class$ [ $1$ ] ] ] ] [ $juvenile-misdemeanors:=0$ [ $age:<23  \le  0.5$ [ $class$ [ $0$ ] ] [ $class$ [ $0$ ] ] ] [ $age:<46  \le  0.5$ [ $class$ [ $0$ ] ] [ $class$ [ $0$ ] ] ] ] ] ] [ $priors:2-3  \le  0.5$ [ $juvenile-felonies:=0$ [ $juvenile-misdemeanors:=0$ [ $age:<26  \le  0.5$ [ $class$ [ $0$ ] ] [ $class$ [ $1$ ] ] ] [ $sex:Female  \le  0.5$ [ $class$ [ $1$ ] ] [ $class$ [ $0$ ] ] ] ] [ $juvenile-crimes:=0$ [ $priors:=0$ [ $class$ [ $1$ ] ] [ $class$ [ $0$ ] ] ] [ $age:<26  \le  0.5$ [ $class$ [ $0$ ] ] [ $class$ [ $0$ ] ] ] ] ] [ $sex:Female  \le  0.5$ [ $juvenile-felonies:=0$ [ $priors:2-3  \le  0.5$ [ $class$ [ $0$ ] ] [ $class$ [ $0$ ] ] ] [ $priors:2-3  \le  0.5$ [ $class$ [ $0$ ] ] [ $class$ [ $1$ ] ] ] ] [ $sex:Female  \le  0.5$ [ $age:<46  \le  0.5$ [ $class$ [ $0$ ] ] [ $class$ [ $0$ ] ] ] [ $juvenile-crimes:=0$ [ $class$ [ $0$ ] ] [ $class$ [ $1$ ] ] ] ] ] ] ] [ $sex:Female  \le  0.5$ [ $priors:=0$ [ $sex:Female  \le  0.5$ [ $sex:Female  \le  0.5$ [ $sex:Female  \le  0.5$ [ $class$ [ $1$ ] ] [ $class$ [ $0$ ] ] ] [ $sex:Female  \le  0.5$ [ $class$ [ $0$ ] ] [ $class$ [ $0$ ] ] ] ] [ $age:<21  \le  0.5$ [ $sex:Female  \le  0.5$ [ $class$ [ $0$ ] ] [ $class$ [ $0$ ] ] ] [ $sex:Female  \le  0.5$ [ $class$ [ $0$ ] ] [ $class$ [ $0$ ] ] ] ] ] [ $age:<26  \le  0.5$ [ $sex:Female  \le  0.5$ [ $sex:Female  \le  0.5$ [ $class$ [ $0$ ] ] [ $class$ [ $0$ ] ] ] [ $age:<21  \le  0.5$ [ $class$ [ $0$ ] ] [ $class$ [ $0$ ] ] ] ] [ $priors:=0$ [ $sex:Female  \le  0.5$ [ $class$ [ $0$ ] ] [ $class$ [ $0$ ] ] ] [ $juvenile-crimes:=0$ [ $class$ [ $1$ ] ] [ $class$ [ $0$ ] ] ] ] ] ] [ $priors:=0$ [ $priors:2-3  \le  0.5$ [ $priors:=1$ [ $priors:=0$ [ $class$ [ $0$ ] ] [ $class$ [ $1$ ] ] ] [ $priors:=0$ [ $class$ [ $0$ ] ] [ $class$ [ $0$ ] ] ] ] [ $juvenile-misdemeanors:=0$ [ $sex:Female  \le  0.5$ [ $class$ [ $0$ ] ] [ $class$ [ $0$ ] ] ] [ $priors:>3  \le  0.5$ [ $class$ [ $1$ ] ] [ $class$ [ $0$ ] ] ] ] ] [ $sex:Female  \le  0.5$ [ $sex:Female  \le  0.5$ [ $sex:Female  \le  0.5$ [ $class$ [ $0$ ] ] [ $class$ [ $0$ ] ] ] [ $sex:Female  \le  0.5$ [ $class$ [ $0$ ] ] [ $class$ [ $0$ ] ] ] ] [ $priors:>3  \le  0.5$ [ $juvenile-crimes:=0$ [ $class$ [ $1$ ] ] [ $class$ [ $0$ ] ] ] [ $sex:Female  \le  0.5$ [ $class$ [ $0$ ] ] [ $class$ [ $0$ ] ] ] ] ] ] ] ] [ $priors:=1$ [ $priors:>3  \le  0.5$ [ $sex:Female  \le  0.5$ [ $age:<26  \le  0.5$ [ $juvenile-felonies:=0$ [ $age:<21  \le  0.5$ [ $class$ [ $0$ ] ] [ $class$ [ $1$ ] ] ] [ $age:<21  \le  0.5$ [ $class$ [ $1$ ] ] [ $class$ [ $0$ ] ] ] ] [ $age:<26  \le  0.5$ [ $sex:Female  \le  0.5$ [ $class$ [ $0$ ] ] [ $class$ [ $0$ ] ] ] [ $sex:Female  \le  0.5$ [ $class$ [ $0$ ] ] [ $class$ [ $1$ ] ] ] ] ] [ $age:<21  \le  0.5$ [ $sex:Female  \le  0.5$ [ $sex:Female  \le  0.5$ [ $class$ [ $0$ ] ] [ $class$ [ $0$ ] ] ] [ $age:<23  \le  0.5$ [ $class$ [ $1$ ] ] [ $class$ [ $0$ ] ] ] ] [ $sex:Female  \le  0.5$ [ $sex:Female  \le  0.5$ [ $class$ [ $0$ ] ] [ $class$ [ $1$ ] ] ] [ $sex:Female  \le  0.5$ [ $class$ [ $0$ ] ] [ $class$ [ $1$ ] ] ] ] ] ] [ $sex:Female  \le  0.5$ [ $sex:Female  \le  0.5$ [ $sex:Female  \le  0.5$ [ $sex:Female  \le  0.5$ [ $class$ [ $1$ ] ] [ $class$ [ $0$ ] ] ] [ $sex:Female  \le  0.5$ [ $class$ [ $1$ ] ] [ $class$ [ $0$ ] ] ] ] [ $sex:Female  \le  0.5$ [ $sex:Female  \le  0.5$ [ $class$ [ $0$ ] ] [ $class$ [ $1$ ] ] ] [ $sex:Female  \le  0.5$ [ $class$ [ $0$ ] ] [ $class$ [ $0$ ] ] ] ] ] [ $priors:2-3  \le  0.5$ [ $sex:Female  \le  0.5$ [ $age:<23  \le  0.5$ [ $class$ [ $0$ ] ] [ $class$ [ $0$ ] ] ] [ $age:<46  \le  0.5$ [ $class$ [ $0$ ] ] [ $class$ [ $1$ ] ] ] ] [ $sex:Female  \le  0.5$ [ $sex:Female  \le  0.5$ [ $class$ [ $0$ ] ] [ $class$ [ $0$ ] ] ] [ $sex:Female  \le  0.5$ [ $class$ [ $0$ ] ] [ $class$ [ $0$ ] ] ] ] ] ] ] [ $age:<26  \le  0.5$ [ $age:<26  \le  0.5$ [ $age:<21  \le  0.5$ [ $sex:Female  \le  0.5$ [ $sex:Female  \le  0.5$ [ $class$ [ $0$ ] ] [ $class$ [ $0$ ] ] ] [ $sex:Female  \le  0.5$ [ $class$ [ $0$ ] ] [ $class$ [ $0$ ] ] ] ] [ $sex:Female  \le  0.5$ [ $sex:Female  \le  0.5$ [ $class$ [ $0$ ] ] [ $class$ [ $0$ ] ] ] [ $age:<46  \le  0.5$ [ $class$ [ $0$ ] ] [ $class$ [ $0$ ] ] ] ] ] [ $sex:Female  \le  0.5$ [ $sex:Female  \le  0.5$ [ $sex:Female  \le  0.5$ [ $class$ [ $0$ ] ] [ $class$ [ $0$ ] ] ] [ $sex:Female  \le  0.5$ [ $class$ [ $0$ ] ] [ $class$ [ $0$ ] ] ] ] [ $sex:Female  \le  0.5$ [ $sex:Female  \le  0.5$ [ $class$ [ $0$ ] ] [ $class$ [ $0$ ] ] ] [ $age:<21  \le  0.5$ [ $class$ [ $0$ ] ] [ $class$ [ $0$ ] ] ] ] ] ] [ $sex:Female  \le  0.5$ [ $age:<21  \le  0.5$ [ $juvenile-felonies:=0$ [ $sex:Female  \le  0.5$ [ $class$ [ $0$ ] ] [ $class$ [ $1$ ] ] ] [ $sex:Female  \le  0.5$ [ $class$ [ $0$ ] ] [ $class$ [ $0$ ] ] ] ] [ $sex:Female  \le  0.5$ [ $sex:Female  \le  0.5$ [ $class$ [ $0$ ] ] [ $class$ [ $0$ ] ] ] [ $sex:Female  \le  0.5$ [ $class$ [ $0$ ] ] [ $class$ [ $0$ ] ] ] ] ] [ $age:<23  \le  0.5$ [ $sex:Female  \le  0.5$ [ $age:<21  \le  0.5$ [ $class$ [ $0$ ] ] [ $class$ [ $0$ ] ] ] [ $sex:Female  \le  0.5$ [ $class$ [ $1$ ] ] [ $class$ [ $0$ ] ] ] ] [ $sex:Female  \le  0.5$ [ $sex:Female  \le  0.5$ [ $class$ [ $1$ ] ] [ $class$ [ $0$ ] ] ] [ $sex:Female  \le  0.5$ [ $class$ [ $0$ ] ] [ $class$ [ $1$ ] ] ] ] ] ] ] ] ],
compas-binary,complete,1,6907,12,12,binoct,7,None,None,300,leviathan,1,4,5526,12,24,401.28884,8,128,255,67.39051755,66.69080377,[ $sex:Female  \le  0.5$ [ $age:<26  \le  0.5$ [ $sex:Female  \le  0.5$ [ $priors:=1$ [ $age:<21  \le  0.5$ [ $priors:>3  \le  0.5$ [ $juvenile-felonies:=0$ [ $class$ [ $1$ ] ] [ $class$ [ $0$ ] ] ] [ $priors:=0$ [ $class$ [ $1$ ] ] [ $class$ [ $0$ ] ] ] ] [ $sex:Female  \le  0.5$ [ $sex:Female  \le  0.5$ [ $class$ [ $0$ ] ] [ $class$ [ $0$ ] ] ] [ $sex:Female  \le  0.5$ [ $class$ [ $0$ ] ] [ $class$ [ $0$ ] ] ] ] ] [ $priors:2-3  \le  0.5$ [ $sex:Female  \le  0.5$ [ $priors:>3  \le  0.5$ [ $class$ [ $0$ ] ] [ $class$ [ $0$ ] ] ] [ $sex:Female  \le  0.5$ [ $class$ [ $0$ ] ] [ $class$ [ $0$ ] ] ] ] [ $age:<46  \le  0.5$ [ $age:<21  \le  0.5$ [ $class$ [ $0$ ] ] [ $class$ [ $1$ ] ] ] [ $sex:Female  \le  0.5$ [ $class$ [ $0$ ] ] [ $class$ [ $0$ ] ] ] ] ] ] [ $age:<21  \le  0.5$ [ $sex:Female  \le  0.5$ [ $sex:Female  \le  0.5$ [ $sex:Female  \le  0.5$ [ $class$ [ $0$ ] ] [ $class$ [ $0$ ] ] ] [ $sex:Female  \le  0.5$ [ $class$ [ $0$ ] ] [ $class$ [ $0$ ] ] ] ] [ $age:<26  \le  0.5$ [ $sex:Female  \le  0.5$ [ $class$ [ $0$ ] ] [ $class$ [ $0$ ] ] ] [ $priors:=0$ [ $class$ [ $1$ ] ] [ $class$ [ $0$ ] ] ] ] ] [ $sex:Female  \le  0.5$ [ $sex:Female  \le  0.5$ [ $age:<26  \le  0.5$ [ $class$ [ $0$ ] ] [ $class$ [ $0$ ] ] ] [ $sex:Female  \le  0.5$ [ $class$ [ $0$ ] ] [ $class$ [ $0$ ] ] ] ] [ $sex:Female  \le  0.5$ [ $sex:Female  \le  0.5$ [ $class$ [ $0$ ] ] [ $class$ [ $1$ ] ] ] [ $sex:Female  \le  0.5$ [ $class$ [ $0$ ] ] [ $class$ [ $0$ ] ] ] ] ] ] ] [ $age:<46  \le  0.5$ [ $juvenile-misdemeanors:=0$ [ $age:<23  \le  0.5$ [ $age:<26  \le  0.5$ [ $sex:Female  \le  0.5$ [ $class$ [ $0$ ] ] [ $class$ [ $0$ ] ] ] [ $sex:Female  \le  0.5$ [ $class$ [ $0$ ] ] [ $class$ [ $0$ ] ] ] ] [ $sex:Female  \le  0.5$ [ $sex:Female  \le  0.5$ [ $class$ [ $0$ ] ] [ $class$ [ $0$ ] ] ] [ $age:<26  \le  0.5$ [ $class$ [ $0$ ] ] [ $class$ [ $0$ ] ] ] ] ] [ $age:<23  \le  0.5$ [ $age:<21  \le  0.5$ [ $age:<46  \le  0.5$ [ $class$ [ $0$ ] ] [ $class$ [ $0$ ] ] ] [ $age:<26  \le  0.5$ [ $class$ [ $0$ ] ] [ $class$ [ $0$ ] ] ] ] [ $sex:Female  \le  0.5$ [ $sex:Female  \le  0.5$ [ $class$ [ $0$ ] ] [ $class$ [ $0$ ] ] ] [ $sex:Female  \le  0.5$ [ $class$ [ $0$ ] ] [ $class$ [ $0$ ] ] ] ] ] ] [ $priors:=0$ [ $sex:Female  \le  0.5$ [ $sex:Female  \le  0.5$ [ $sex:Female  \le  0.5$ [ $class$ [ $1$ ] ] [ $class$ [ $0$ ] ] ] [ $sex:Female  \le  0.5$ [ $class$ [ $0$ ] ] [ $class$ [ $0$ ] ] ] ] [ $sex:Female  \le  0.5$ [ $sex:Female  \le  0.5$ [ $class$ [ $0$ ] ] [ $class$ [ $0$ ] ] ] [ $sex:Female  \le  0.5$ [ $class$ [ $0$ ] ] [ $class$ [ $0$ ] ] ] ] ] [ $age:<21  \le  0.5$ [ $sex:Female  \le  0.5$ [ $age:<21  \le  0.5$ [ $class$ [ $0$ ] ] [ $class$ [ $0$ ] ] ] [ $sex:Female  \le  0.5$ [ $class$ [ $0$ ] ] [ $class$ [ $0$ ] ] ] ] [ $age:<26  \le  0.5$ [ $sex:Female  \le  0.5$ [ $class$ [ $0$ ] ] [ $class$ [ $0$ ] ] ] [ $age:<23  \le  0.5$ [ $class$ [ $1$ ] ] [ $class$ [ $1$ ] ] ] ] ] ] ] ] [ $priors:=1$ [ $priors:>3  \le  0.5$ [ $juvenile-crimes:=0$ [ $priors:=0$ [ $age:<21  \le  0.5$ [ $sex:Female  \le  0.5$ [ $class$ [ $0$ ] ] [ $class$ [ $0$ ] ] ] [ $juvenile-misdemeanors:=0$ [ $class$ [ $0$ ] ] [ $class$ [ $1$ ] ] ] ] [ $juvenile-misdemeanors:=0$ [ $sex:Female  \le  0.5$ [ $class$ [ $0$ ] ] [ $class$ [ $1$ ] ] ] [ $juvenile-felonies:=0$ [ $class$ [ $0$ ] ] [ $class$ [ $0$ ] ] ] ] ] [ $priors:=0$ [ $age:<26  \le  0.5$ [ $age:<23  \le  0.5$ [ $class$ [ $0$ ] ] [ $class$ [ $0$ ] ] ] [ $age:<26  \le  0.5$ [ $class$ [ $0$ ] ] [ $class$ [ $1$ ] ] ] ] [ $priors:2-3  \le  0.5$ [ $age:<46  \le  0.5$ [ $class$ [ $0$ ] ] [ $class$ [ $0$ ] ] ] [ $sex:Female  \le  0.5$ [ $class$ [ $0$ ] ] [ $class$ [ $0$ ] ] ] ] ] ] [ $juvenile-crimes:=0$ [ $sex:Female  \le  0.5$ [ $sex:Female  \le  0.5$ [ $sex:Female  \le  0.5$ [ $class$ [ $0$ ] ] [ $class$ [ $0$ ] ] ] [ $sex:Female  \le  0.5$ [ $class$ [ $0$ ] ] [ $class$ [ $0$ ] ] ] ] [ $age:<26  \le  0.5$ [ $juvenile-misdemeanors:=0$ [ $class$ [ $1$ ] ] [ $class$ [ $0$ ] ] ] [ $priors:>3  \le  0.5$ [ $class$ [ $0$ ] ] [ $class$ [ $1$ ] ] ] ] ] [ $age:<23  \le  0.5$ [ $juvenile-felonies:=0$ [ $sex:Female  \le  0.5$ [ $class$ [ $0$ ] ] [ $class$ [ $0$ ] ] ] [ $age:<46  \le  0.5$ [ $class$ [ $0$ ] ] [ $class$ [ $1$ ] ] ] ] [ $sex:Female  \le  0.5$ [ $sex:Female  \le  0.5$ [ $class$ [ $0$ ] ] [ $class$ [ $0$ ] ] ] [ $sex:Female  \le  0.5$ [ $class$ [ $1$ ] ] [ $class$ [ $1$ ] ] ] ] ] ] ] [ $sex:Female  \le  0.5$ [ $sex:Female  \le  0.5$ [ $age:<21  \le  0.5$ [ $sex:Female  \le  0.5$ [ $age:<21  \le  0.5$ [ $class$ [ $0$ ] ] [ $class$ [ $0$ ] ] ] [ $sex:Female  \le  0.5$ [ $class$ [ $0$ ] ] [ $class$ [ $0$ ] ] ] ] [ $sex:Female  \le  0.5$ [ $age:<21  \le  0.5$ [ $class$ [ $0$ ] ] [ $class$ [ $0$ ] ] ] [ $sex:Female  \le  0.5$ [ $class$ [ $0$ ] ] [ $class$ [ $0$ ] ] ] ] ] [ $sex:Female  \le  0.5$ [ $sex:Female  \le  0.5$ [ $sex:Female  \le  0.5$ [ $class$ [ $0$ ] ] [ $class$ [ $0$ ] ] ] [ $sex:Female  \le  0.5$ [ $class$ [ $0$ ] ] [ $class$ [ $0$ ] ] ] ] [ $age:<26  \le  0.5$ [ $sex:Female  \le  0.5$ [ $class$ [ $0$ ] ] [ $class$ [ $0$ ] ] ] [ $age:<26  \le  0.5$ [ $class$ [ $0$ ] ] [ $class$ [ $0$ ] ] ] ] ] ] [ $juvenile-misdemeanors:=0$ [ $priors:=0$ [ $age:<21  \le  0.5$ [ $priors:>3  \le  0.5$ [ $class$ [ $0$ ] ] [ $class$ [ $0$ ] ] ] [ $juvenile-misdemeanors:=0$ [ $class$ [ $1$ ] ] [ $class$ [ $0$ ] ] ] ] [ $juvenile-misdemeanors:=0$ [ $priors:>3  \le  0.5$ [ $class$ [ $0$ ] ] [ $class$ [ $0$ ] ] ] [ $sex:Female  \le  0.5$ [ $class$ [ $0$ ] ] [ $class$ [ $0$ ] ] ] ] ] [ $priors:>3  \le  0.5$ [ $priors:>3  \le  0.5$ [ $priors:>3  \le  0.5$ [ $class$ [ $0$ ] ] [ $class$ [ $0$ ] ] ] [ $priors:=0$ [ $class$ [ $0$ ] ] [ $class$ [ $0$ ] ] ] ] [ $juvenile-felonies:=0$ [ $sex:Female  \le  0.5$ [ $class$ [ $0$ ] ] [ $class$ [ $1$ ] ] ] [ $priors:2-3  \le  0.5$ [ $class$ [ $0$ ] ] [ $class$ [ $0$ ] ] ] ] ] ] ] ] ],