Data Set,Preprocessing,Classes,Samples,Features,Binary Features,Algorithm,Depth Limit,Width Limit,Regularization,Time Limit,Machine,Threads,Fold Index,Subsample,Subfeatures,Binary subfeatures,Training Time,Max Depth,# Leaves,# Nodes,Training Accuracy,Test Accuracy,Latex,Source
compas-binary,complete,1,6907,12,12,dl85,1,None,None,300,leviathan,1,0,5525,12,24,0.003417900298,2,2,3,63.47511312,65.55716353,[ $priors:>3  \eq  1$ [ $class$ [ $1$ ] ] [ $class$ [ $0$ ] ] ],
compas-binary,complete,1,6907,12,12,dl85,1,None,None,300,leviathan,1,1,5525,12,24,0.003308648244,2,2,3,63.83710407,64.10998553,[ $priors:>3  \eq  1$ [ $class$ [ $1$ ] ] [ $class$ [ $0$ ] ] ],
compas-binary,complete,1,6907,12,12,dl85,1,None,None,300,leviathan,1,2,5526,12,24,0.003162663896,2,2,3,64.5674991,61.18754526,[ $priors:>3  \eq  1$ [ $class$ [ $1$ ] ] [ $class$ [ $0$ ] ] ],
compas-binary,complete,1,6907,12,12,dl85,1,None,None,300,leviathan,1,3,5526,12,24,0.003203053959,2,2,3,63.66268549,64.80811007,[ $priors:>3  \eq  1$ [ $class$ [ $1$ ] ] [ $class$ [ $0$ ] ] ],
compas-binary,complete,1,6907,12,12,dl85,1,None,None,300,leviathan,1,4,5526,12,24,0.003244495019,2,2,3,63.9160333,63.79435192,[ $priors:>3  \eq  1$ [ $class$ [ $1$ ] ] [ $class$ [ $0$ ] ] ],
compas-binary,complete,1,6907,12,12,dl85,2,None,None,300,leviathan,1,0,5525,12,24,0.005542500876,3,4,7,65.84615385,67.29377713,[ $priors:2-3  \eq  1$ [ $age:<26  \eq  1$ [ $class$ [ $1$ ] ] [ $class$ [ $0$ ] ] ] [ $priors:>3  \eq  1$ [ $class$ [ $1$ ] ] [ $class$ [ $0$ ] ] ] ],
compas-binary,complete,1,6907,12,12,dl85,2,None,None,300,leviathan,1,1,5525,12,24,0.005701757036,3,4,7,66.33484163,65.34008683,[ $priors:2-3  \eq  1$ [ $age:<26  \eq  1$ [ $class$ [ $1$ ] ] [ $class$ [ $0$ ] ] ] [ $priors:>3  \eq  1$ [ $class$ [ $1$ ] ] [ $class$ [ $0$ ] ] ] ],
compas-binary,complete,1,6907,12,12,dl85,2,None,None,300,leviathan,1,2,5526,12,24,0.005430547986,3,4,7,66.63047412,64.59087618,[ $age:<26  \eq  1$ [ $priors:=0$ [ $class$ [ $0$ ] ] [ $class$ [ $1$ ] ] ] [ $priors:>3  \eq  1$ [ $class$ [ $1$ ] ] [ $class$ [ $0$ ] ] ] ],
compas-binary,complete,1,6907,12,12,dl85,2,None,None,300,leviathan,1,3,5526,12,24,0.005304498132,3,4,7,66.35903004,65.67704562,[ $age:<26  \eq  1$ [ $priors:=0$ [ $class$ [ $0$ ] ] [ $class$ [ $1$ ] ] ] [ $priors:>3  \eq  1$ [ $class$ [ $1$ ] ] [ $class$ [ $0$ ] ] ] ],
compas-binary,complete,1,6907,12,12,dl85,2,None,None,300,leviathan,1,4,5526,12,24,0.00561756175,3,4,7,66.19616359,66.32874728,[ $age:<26  \eq  1$ [ $priors:=0$ [ $class$ [ $0$ ] ] [ $class$ [ $1$ ] ] ] [ $priors:>3  \eq  1$ [ $class$ [ $1$ ] ] [ $class$ [ $0$ ] ] ] ],
compas-binary,complete,1,6907,12,12,dl85,3,None,None,300,leviathan,1,0,5525,12,24,0.0265643266,4,7,13,66.73303167,67.80028944,[ $juvenile-crimes:=0$ [ $priors:2-3  \eq  1$ [ $age:<26  \eq  1$ [ $class$ [ $1$ ] ] [ $class$ [ $0$ ] ] ] [ $priors:>3  \eq  1$ [ $class$ [ $1$ ] ] [ $class$ [ $0$ ] ] ] ] [ $age:<26  \eq  1$ [ $class$ [ $1$ ] ] [ $priors:=1$ [ $class$ [ $0$ ] ] [ $class$ [ $1$ ] ] ] ] ],
compas-binary,complete,1,6907,12,12,dl85,3,None,None,300,leviathan,1,1,5525,12,24,0.02556824777,4,7,13,67.52941176,65.19536903,[ $priors:2-3  \eq  1$ [ $age:<26  \eq  1$ [ $class$ [ $1$ ] ] [ $juvenile-crimes:=0$ [ $class$ [ $0$ ] ] [ $class$ [ $1$ ] ] ] ] [ $age:<21  \eq  1$ [ $sex:Female  \eq  1$ [ $class$ [ $0$ ] ] [ $class$ [ $1$ ] ] ] [ $priors:>3  \eq  1$ [ $class$ [ $1$ ] ] [ $class$ [ $0$ ] ] ] ] ],
compas-binary,complete,1,6907,12,12,dl85,3,None,None,300,leviathan,1,2,5526,12,24,0.02531392826,4,7,13,67.53528773,64.66328747,[ $juvenile-crimes:=0$ [ $priors:2-3  \eq  1$ [ $age:<26  \eq  1$ [ $class$ [ $1$ ] ] [ $class$ [ $0$ ] ] ] [ $priors:>3  \eq  1$ [ $class$ [ $1$ ] ] [ $class$ [ $0$ ] ] ] ] [ $sex:Female  \eq  1$ [ $priors:=1$ [ $class$ [ $0$ ] ] [ $class$ [ $1$ ] ] ] [ $class$ [ $1$ ] ] ] ],
compas-binary,complete,1,6907,12,12,dl85,3,None,None,300,leviathan,1,3,5526,12,24,0.02658738103,4,7,13,66.81143684,66.90803765,[ $age:<26  \eq  1$ [ $priors:=1$ [ $sex:Female  \eq  1$ [ $class$ [ $0$ ] ] [ $class$ [ $1$ ] ] ] [ $priors:=0$ [ $class$ [ $0$ ] ] [ $class$ [ $1$ ] ] ] ] [ $juvenile-felonies:=0$ [ $priors:>3  \eq  1$ [ $class$ [ $1$ ] ] [ $class$ [ $0$ ] ] ] [ $class$ [ $1$ ] ] ] ],
compas-binary,complete,1,6907,12,12,dl85,3,None,None,300,leviathan,1,4,5526,12,24,0.02519033616,4,7,13,67.1009772,66.76321506,[ $age:<21  \eq  1$ [ $sex:Female  \eq  1$ [ $juvenile-crimes:=0$ [ $class$ [ $0$ ] ] [ $class$ [ $1$ ] ] ] [ $class$ [ $1$ ] ] ] [ $priors:2-3  \eq  1$ [ $age:<26  \eq  1$ [ $class$ [ $1$ ] ] [ $class$ [ $0$ ] ] ] [ $priors:>3  \eq  1$ [ $class$ [ $1$ ] ] [ $class$ [ $0$ ] ] ] ] ],
compas-binary,complete,1,6907,12,12,dl85,4,None,None,300,leviathan,1,0,5525,12,24,0.1234998717,5,14,27,67.09502262,68.37916064,[ $juvenile-crimes:=0$ [ $age:<21  \eq  1$ [ $sex:Female  \eq  1$ [ $priors:>3  \eq  1$ [ $class$ [ $1$ ] ] [ $class$ [ $0$ ] ] ] [ $class$ [ $1$ ] ] ] [ $priors:2-3  \eq  1$ [ $age:<26  \eq  1$ [ $class$ [ $1$ ] ] [ $class$ [ $0$ ] ] ] [ $priors:>3  \eq  1$ [ $class$ [ $1$ ] ] [ $class$ [ $0$ ] ] ] ] ] [ $age:<26  \eq  1$ [ $priors:=0$ [ $age:<23  \eq  1$ [ $class$ [ $1$ ] ] [ $class$ [ $0$ ] ] ] [ $sex:Female  \eq  1$ [ $class$ [ $0$ ] ] [ $class$ [ $1$ ] ] ] ] [ $juvenile-felonies:=0$ [ $priors:>3  \eq  1$ [ $class$ [ $1$ ] ] [ $class$ [ $0$ ] ] ] [ $class$ [ $1$ ] ] ] ] ],
compas-binary,complete,1,6907,12,12,dl85,4,None,None,300,leviathan,1,1,5525,12,24,0.1240475397,5,12,23,67.92760181,65.12301013,[ $juvenile-crimes:=0$ [ $age:<21  \eq  1$ [ $sex:Female  \eq  1$ [ $priors:>3  \eq  1$ [ $class$ [ $1$ ] ] [ $class$ [ $0$ ] ] ] [ $class$ [ $1$ ] ] ] [ $priors:2-3  \eq  1$ [ $age:<26  \eq  1$ [ $class$ [ $1$ ] ] [ $class$ [ $0$ ] ] ] [ $priors:>3  \eq  1$ [ $class$ [ $1$ ] ] [ $class$ [ $0$ ] ] ] ] ] [ $priors:>3  \eq  1$ [ $class$ [ $1$ ] ] [ $priors:=0$ [ $age:<23  \eq  1$ [ $class$ [ $1$ ] ] [ $class$ [ $0$ ] ] ] [ $sex:Female  \eq  1$ [ $class$ [ $0$ ] ] [ $class$ [ $1$ ] ] ] ] ] ],
compas-binary,complete,1,6907,12,12,dl85,4,None,None,300,leviathan,1,2,5526,12,24,0.1239204858,5,13,25,67.8791169,64.73569877,[ $juvenile-crimes:=0$ [ $priors:>3  \eq  1$ [ $sex:Female  \eq  1$ [ $age:<46  \eq  1$ [ $class$ [ $1$ ] ] [ $class$ [ $0$ ] ] ] [ $class$ [ $1$ ] ] ] [ $age:<26  \eq  1$ [ $priors:2-3  \eq  1$ [ $class$ [ $1$ ] ] [ $class$ [ $0$ ] ] ] [ $class$ [ $0$ ] ] ] ] [ $age:<23  \eq  1$ [ $sex:Female  \eq  1$ [ $priors:=1$ [ $class$ [ $0$ ] ] [ $class$ [ $1$ ] ] ] [ $class$ [ $1$ ] ] ] [ $priors:=1$ [ $age:<26  \eq  1$ [ $class$ [ $1$ ] ] [ $class$ [ $0$ ] ] ] [ $priors:=0$ [ $class$ [ $0$ ] ] [ $class$ [ $1$ ] ] ] ] ] ],
compas-binary,complete,1,6907,12,12,dl85,4,None,None,300,leviathan,1,3,5526,12,24,0.124137864,5,12,23,67.2276511,66.98044895,[ $age:<26  \eq  1$ [ $priors:=0$ [ $age:<23  \eq  1$ [ $juvenile-crimes:=0$ [ $class$ [ $0$ ] ] [ $class$ [ $1$ ] ] ] [ $class$ [ $0$ ] ] ] [ $sex:Female  \eq  1$ [ $priors:=1$ [ $class$ [ $0$ ] ] [ $class$ [ $1$ ] ] ] [ $class$ [ $1$ ] ] ] ] [ $sex:Female  \eq  1$ [ $age:<46  \eq  1$ [ $priors:>3  \eq  1$ [ $class$ [ $1$ ] ] [ $class$ [ $0$ ] ] ] [ $class$ [ $0$ ] ] ] [ $juvenile-felonies:=0$ [ $priors:>3  \eq  1$ [ $class$ [ $1$ ] ] [ $class$ [ $0$ ] ] ] [ $class$ [ $1$ ] ] ] ] ],
compas-binary,complete,1,6907,12,12,dl85,4,None,None,300,leviathan,1,4,5526,12,24,0.123623081,5,14,27,67.31813246,67.48732802,[ $juvenile-crimes:=0$ [ $age:<21  \eq  1$ [ $sex:Female  \eq  1$ [ $priors:>3  \eq  1$ [ $class$ [ $1$ ] ] [ $class$ [ $0$ ] ] ] [ $class$ [ $1$ ] ] ] [ $priors:2-3  \eq  1$ [ $age:<26  \eq  1$ [ $class$ [ $1$ ] ] [ $class$ [ $0$ ] ] ] [ $priors:>3  \eq  1$ [ $class$ [ $1$ ] ] [ $class$ [ $0$ ] ] ] ] ] [ $age:<23  \eq  1$ [ $sex:Female  \eq  1$ [ $priors:=1$ [ $class$ [ $0$ ] ] [ $class$ [ $1$ ] ] ] [ $class$ [ $1$ ] ] ] [ $priors:2-3  \eq  1$ [ $sex:Female  \eq  1$ [ $class$ [ $0$ ] ] [ $class$ [ $1$ ] ] ] [ $priors:>3  \eq  1$ [ $class$ [ $1$ ] ] [ $class$ [ $0$ ] ] ] ] ] ],
compas-binary,complete,1,6907,12,12,dl85,5,None,None,300,leviathan,1,0,5525,12,24,0.4201320843,6,24,47,67.31221719,68.74095514,[ $age:<26  \eq  1$ [ $juvenile-crimes:=0$ [ $age:<21  \eq  1$ [ $sex:Female  \eq  1$ [ $priors:>3  \eq  1$ [ $class$ [ $1$ ] ] [ $class$ [ $0$ ] ] ] [ $class$ [ $1$ ] ] ] [ $priors:=0$ [ $class$ [ $0$ ] ] [ $priors:=1$ [ $class$ [ $0$ ] ] [ $class$ [ $1$ ] ] ] ] ] [ $sex:Female  \eq  1$ [ $priors:=1$ [ $age:<21  \eq  1$ [ $class$ [ $1$ ] ] [ $class$ [ $0$ ] ] ] [ $age:<23  \eq  1$ [ $class$ [ $1$ ] ] [ $class$ [ $0$ ] ] ] ] [ $age:<23  \eq  1$ [ $class$ [ $1$ ] ] [ $priors:=0$ [ $class$ [ $0$ ] ] [ $class$ [ $1$ ] ] ] ] ] ] [ $juvenile-crimes:=0$ [ $priors:>3  \eq  1$ [ $sex:Female  \eq  1$ [ $age:<46  \eq  1$ [ $class$ [ $1$ ] ] [ $class$ [ $0$ ] ] ] [ $class$ [ $1$ ] ] ] [ $class$ [ $0$ ] ] ] [ $juvenile-felonies:=0$ [ $priors:2-3  \eq  1$ [ $juvenile-misdemeanors:=0$ [ $class$ [ $1$ ] ] [ $class$ [ $0$ ] ] ] [ $priors:>3  \eq  1$ [ $class$ [ $1$ ] ] [ $class$ [ $0$ ] ] ] ] [ $sex:Female  \eq  1$ [ $age:<46  \eq  1$ [ $class$ [ $1$ ] ] [ $class$ [ $0$ ] ] ] [ $class$ [ $1$ ] ] ] ] ] ],
compas-binary,complete,1,6907,12,12,dl85,5,None,None,300,leviathan,1,1,5525,12,24,0.4328025538,6,23,45,68.21719457,65.12301013,[ $sex:Female  \eq  1$ [ $age:<26  \eq  1$ [ $priors:2-3  \eq  1$ [ $juvenile-crimes:=0$ [ $class$ [ $1$ ] ] [ $class$ [ $0$ ] ] ] [ $juvenile-misdemeanors:=0$ [ $priors:>3  \eq  1$ [ $class$ [ $1$ ] ] [ $class$ [ $0$ ] ] ] [ $age:<21  \eq  1$ [ $class$ [ $1$ ] ] [ $class$ [ $0$ ] ] ] ] ] [ $juvenile-crimes:=0$ [ $age:<46  \eq  1$ [ $priors:>3  \eq  1$ [ $class$ [ $1$ ] ] [ $class$ [ $0$ ] ] ] [ $class$ [ $0$ ] ] ] [ $juvenile-felonies:=0$ [ $priors:=1$ [ $class$ [ $0$ ] ] [ $class$ [ $1$ ] ] ] [ $age:<46  \eq  1$ [ $class$ [ $1$ ] ] [ $class$ [ $0$ ] ] ] ] ] ] [ $juvenile-crimes:=0$ [ $age:<21  \eq  1$ [ $class$ [ $1$ ] ] [ $priors:2-3  \eq  1$ [ $age:<26  \eq  1$ [ $class$ [ $1$ ] ] [ $class$ [ $0$ ] ] ] [ $priors:>3  \eq  1$ [ $class$ [ $1$ ] ] [ $class$ [ $0$ ] ] ] ] ] [ $age:<23  \eq  1$ [ $class$ [ $1$ ] ] [ $juvenile-misdemeanors:=0$ [ $priors:=0$ [ $class$ [ $0$ ] ] [ $class$ [ $1$ ] ] ] [ $priors:=1$ [ $class$ [ $0$ ] ] [ $class$ [ $1$ ] ] ] ] ] ] ],
compas-binary,complete,1,6907,12,12,dl85,5,None,None,300,leviathan,1,2,5526,12,24,0.431616921,6,20,39,68.13246471,65.53222303,[ $juvenile-crimes:=0$ [ $priors:2-3  \eq  1$ [ $age:<26  \eq  1$ [ $class$ [ $1$ ] ] [ $class$ [ $0$ ] ] ] [ $sex:Female  \eq  1$ [ $age:<46  \eq  1$ [ $priors:>3  \eq  1$ [ $class$ [ $1$ ] ] [ $class$ [ $0$ ] ] ] [ $class$ [ $0$ ] ] ] [ $age:<21  \eq  1$ [ $class$ [ $1$ ] ] [ $priors:>3  \eq  1$ [ $class$ [ $1$ ] ] [ $class$ [ $0$ ] ] ] ] ] ] [ $juvenile-misdemeanors:=0$ [ $age:<23  \eq  1$ [ $sex:Female  \eq  1$ [ $priors:=1$ [ $class$ [ $0$ ] ] [ $class$ [ $1$ ] ] ] [ $class$ [ $1$ ] ] ] [ $priors:2-3  \eq  1$ [ $age:<26  \eq  1$ [ $class$ [ $0$ ] ] [ $class$ [ $1$ ] ] ] [ $priors:=0$ [ $class$ [ $0$ ] ] [ $class$ [ $1$ ] ] ] ] ] [ $age:<21  \eq  1$ [ $class$ [ $1$ ] ] [ $age:<26  \eq  1$ [ $sex:Female  \eq  1$ [ $class$ [ $0$ ] ] [ $class$ [ $1$ ] ] ] [ $priors:>3  \eq  1$ [ $class$ [ $1$ ] ] [ $class$ [ $0$ ] ] ] ] ] ] ],
compas-binary,complete,1,6907,12,12,dl85,5,None,None,300,leviathan,1,3,5526,12,24,0.4262038586,6,27,53,67.40861383,67.12527154,[ $age:<23  \eq  1$ [ $sex:Female  \eq  1$ [ $juvenile-crimes:=0$ [ $age:<21  \eq  1$ [ $priors:>3  \eq  1$ [ $class$ [ $1$ ] ] [ $class$ [ $0$ ] ] ] [ $priors:2-3  \eq  1$ [ $class$ [ $1$ ] ] [ $class$ [ $0$ ] ] ] ] [ $juvenile-misdemeanors:=0$ [ $priors:=1$ [ $class$ [ $0$ ] ] [ $class$ [ $1$ ] ] ] [ $priors:2-3  \eq  1$ [ $class$ [ $0$ ] ] [ $class$ [ $1$ ] ] ] ] ] [ $juvenile-misdemeanors:=0$ [ $juvenile-crimes:=0$ [ $priors:=0$ [ $class$ [ $0$ ] ] [ $class$ [ $1$ ] ] ] [ $class$ [ $1$ ] ] ] [ $age:<21  \eq  1$ [ $class$ [ $1$ ] ] [ $priors:=1$ [ $class$ [ $0$ ] ] [ $class$ [ $1$ ] ] ] ] ] ] [ $age:<26  \eq  1$ [ $juvenile-misdemeanors:=0$ [ $priors:2-3  \eq  1$ [ $juvenile-crimes:=0$ [ $class$ [ $1$ ] ] [ $class$ [ $0$ ] ] ] [ $priors:>3  \eq  1$ [ $class$ [ $1$ ] ] [ $class$ [ $0$ ] ] ] ] [ $sex:Female  \eq  1$ [ $class$ [ $0$ ] ] [ $priors:=1$ [ $class$ [ $0$ ] ] [ $class$ [ $1$ ] ] ] ] ] [ $sex:Female  \eq  1$ [ $age:<46  \eq  1$ [ $priors:>3  \eq  1$ [ $class$ [ $1$ ] ] [ $class$ [ $0$ ] ] ] [ $class$ [ $0$ ] ] ] [ $juvenile-felonies:=0$ [ $priors:>3  \eq  1$ [ $class$ [ $1$ ] ] [ $class$ [ $0$ ] ] ] [ $class$ [ $1$ ] ] ] ] ] ],
compas-binary,complete,1,6907,12,12,dl85,5,None,None,300,leviathan,1,4,5526,12,24,0.4295989168,6,26,51,67.58957655,67.27009413,[ $age:<26  \eq  1$ [ $juvenile-crimes:=0$ [ $priors:>3  \eq  1$ [ $sex:Female  \eq  1$ [ $age:<21  \eq  1$ [ $class$ [ $1$ ] ] [ $class$ [ $1$ ] ] ] [ $class$ [ $1$ ] ] ] [ $age:<21  \eq  1$ [ $sex:Female  \eq  1$ [ $class$ [ $0$ ] ] [ $class$ [ $1$ ] ] ] [ $priors:2-3  \eq  1$ [ $class$ [ $1$ ] ] [ $class$ [ $0$ ] ] ] ] ] [ $juvenile-misdemeanors:=0$ [ $age:<23  \eq  1$ [ $class$ [ $1$ ] ] [ $priors:>3  \eq  1$ [ $class$ [ $1$ ] ] [ $class$ [ $0$ ] ] ] ] [ $age:<21  \eq  1$ [ $class$ [ $1$ ] ] [ $priors:=1$ [ $class$ [ $0$ ] ] [ $class$ [ $1$ ] ] ] ] ] ] [ $sex:Female  \eq  1$ [ $age:<46  \eq  1$ [ $juvenile-felonies:=0$ [ $priors:>3  \eq  1$ [ $class$ [ $1$ ] ] [ $class$ [ $0$ ] ] ] [ $priors:=1$ [ $class$ [ $1$ ] ] [ $class$ [ $0$ ] ] ] ] [ $juvenile-felonies:=0$ [ $juvenile-crimes:=0$ [ $class$ [ $0$ ] ] [ $class$ [ $1$ ] ] ] [ $class$ [ $0$ ] ] ] ] [ $juvenile-misdemeanors:=0$ [ $priors:2-3  \eq  1$ [ $juvenile-crimes:=0$ [ $class$ [ $0$ ] ] [ $class$ [ $1$ ] ] ] [ $priors:>3  \eq  1$ [ $class$ [ $1$ ] ] [ $class$ [ $0$ ] ] ] ] [ $priors:>3  \eq  1$ [ $class$ [ $1$ ] ] [ $class$ [ $0$ ] ] ] ] ] ],
compas-binary,complete,1,6907,12,12,dl85,6,None,None,300,leviathan,1,0,5525,12,24,1.14653136,7,39,77,67.40271493,68.95803184,[ $age:<23  \eq  1$ [ $sex:Female  \eq  1$ [ $juvenile-felonies:=0$ [ $juvenile-misdemeanors:=0$ [ $priors:=0$ [ $juvenile-crimes:=0$ [ $class$ [ $0$ ] ] [ $class$ [ $1$ ] ] ] [ $priors:=1$ [ $class$ [ $0$ ] ] [ $class$ [ $1$ ] ] ] ] [ $age:<21  \eq  1$ [ $priors:2-3  \eq  1$ [ $class$ [ $0$ ] ] [ $class$ [ $1$ ] ] ] [ $priors:=1$ [ $class$ [ $0$ ] ] [ $class$ [ $1$ ] ] ] ] ] [ $class$ [ $1$ ] ] ] [ $age:<21  \eq  1$ [ $class$ [ $1$ ] ] [ $juvenile-crimes:=0$ [ $priors:=0$ [ $class$ [ $0$ ] ] [ $priors:=1$ [ $class$ [ $0$ ] ] [ $class$ [ $1$ ] ] ] ] [ $juvenile-misdemeanors:=0$ [ $class$ [ $1$ ] ] [ $priors:=1$ [ $class$ [ $0$ ] ] [ $class$ [ $1$ ] ] ] ] ] ] ] [ $age:<26  \eq  1$ [ $sex:Female  \eq  1$ [ $juvenile-misdemeanors:=0$ [ $priors:2-3  \eq  1$ [ $juvenile-crimes:=0$ [ $class$ [ $1$ ] ] [ $class$ [ $0$ ] ] ] [ $priors:>3  \eq  1$ [ $class$ [ $1$ ] ] [ $class$ [ $0$ ] ] ] ] [ $class$ [ $0$ ] ] ] [ $juvenile-felonies:=0$ [ $priors:=1$ [ $juvenile-crimes:=0$ [ $class$ [ $0$ ] ] [ $class$ [ $1$ ] ] ] [ $priors:=0$ [ $class$ [ $0$ ] ] [ $class$ [ $1$ ] ] ] ] [ $juvenile-misdemeanors:=0$ [ $priors:2-3  \eq  1$ [ $class$ [ $0$ ] ] [ $class$ [ $1$ ] ] ] [ $class$ [ $1$ ] ] ] ] ] [ $juvenile-crimes:=0$ [ $priors:>3  \eq  1$ [ $sex:Female  \eq  1$ [ $age:<46  \eq  1$ [ $class$ [ $1$ ] ] [ $class$ [ $0$ ] ] ] [ $class$ [ $1$ ] ] ] [ $class$ [ $0$ ] ] ] [ $juvenile-felonies:=0$ [ $priors:2-3  \eq  1$ [ $juvenile-misdemeanors:=0$ [ $class$ [ $1$ ] ] [ $class$ [ $0$ ] ] ] [ $priors:>3  \eq  1$ [ $class$ [ $1$ ] ] [ $class$ [ $0$ ] ] ] ] [ $sex:Female  \eq  1$ [ $age:<46  \eq  1$ [ $class$ [ $1$ ] ] [ $class$ [ $0$ ] ] ] [ $class$ [ $1$ ] ] ] ] ] ] ],
compas-binary,complete,1,6907,12,12,dl85,6,None,None,300,leviathan,1,1,5525,12,24,1.1563162,7,37,73,68.30769231,65.19536903,[ $sex:Female  \eq  1$ [ $age:<23  \eq  1$ [ $juvenile-misdemeanors:=0$ [ $priors:=0$ [ $juvenile-crimes:=0$ [ $class$ [ $0$ ] ] [ $class$ [ $1$ ] ] ] [ $priors:=1$ [ $class$ [ $0$ ] ] [ $class$ [ $1$ ] ] ] ] [ $age:<21  \eq  1$ [ $priors:2-3  \eq  1$ [ $class$ [ $0$ ] ] [ $class$ [ $1$ ] ] ] [ $priors:>3  \eq  1$ [ $class$ [ $1$ ] ] [ $class$ [ $0$ ] ] ] ] ] [ $age:<26  \eq  1$ [ $juvenile-misdemeanors:=0$ [ $priors:2-3  \eq  1$ [ $juvenile-crimes:=0$ [ $class$ [ $1$ ] ] [ $class$ [ $0$ ] ] ] [ $priors:>3  \eq  1$ [ $class$ [ $1$ ] ] [ $class$ [ $0$ ] ] ] ] [ $class$ [ $0$ ] ] ] [ $juvenile-crimes:=0$ [ $age:<46  \eq  1$ [ $priors:>3  \eq  1$ [ $class$ [ $1$ ] ] [ $class$ [ $0$ ] ] ] [ $class$ [ $0$ ] ] ] [ $juvenile-felonies:=0$ [ $priors:=1$ [ $class$ [ $0$ ] ] [ $class$ [ $1$ ] ] ] [ $age:<46  \eq  1$ [ $class$ [ $1$ ] ] [ $class$ [ $0$ ] ] ] ] ] ] ] [ $age:<23  \eq  1$ [ $age:<21  \eq  1$ [ $class$ [ $1$ ] ] [ $juvenile-crimes:=0$ [ $priors:=0$ [ $class$ [ $0$ ] ] [ $priors:=1$ [ $class$ [ $0$ ] ] [ $class$ [ $1$ ] ] ] ] [ $class$ [ $1$ ] ] ] ] [ $juvenile-felonies:=0$ [ $juvenile-crimes:=0$ [ $priors:2-3  \eq  1$ [ $age:<26  \eq  1$ [ $class$ [ $1$ ] ] [ $class$ [ $0$ ] ] ] [ $priors:>3  \eq  1$ [ $class$ [ $1$ ] ] [ $class$ [ $0$ ] ] ] ] [ $juvenile-misdemeanors:=0$ [ $priors:=0$ [ $class$ [ $0$ ] ] [ $class$ [ $1$ ] ] ] [ $priors:=1$ [ $class$ [ $0$ ] ] [ $class$ [ $1$ ] ] ] ] ] [ $age:<26  \eq  1$ [ $juvenile-misdemeanors:=0$ [ $priors:2-3  \eq  1$ [ $class$ [ $0$ ] ] [ $class$ [ $1$ ] ] ] [ $class$ [ $1$ ] ] ] [ $class$ [ $1$ ] ] ] ] ] ],
compas-binary,complete,1,6907,12,12,dl85,6,None,None,300,leviathan,1,2,5526,12,24,1.08337876,7,25,49,68.2048498,65.31498914,[ $juvenile-crimes:=0$ [ $priors:2-3  \eq  1$ [ $age:<26  \eq  1$ [ $class$ [ $1$ ] ] [ $class$ [ $0$ ] ] ] [ $sex:Female  \eq  1$ [ $age:<46  \eq  1$ [ $priors:>3  \eq  1$ [ $class$ [ $1$ ] ] [ $class$ [ $0$ ] ] ] [ $class$ [ $0$ ] ] ] [ $age:<21  \eq  1$ [ $class$ [ $1$ ] ] [ $priors:>3  \eq  1$ [ $class$ [ $1$ ] ] [ $class$ [ $0$ ] ] ] ] ] ] [ $age:<26  \eq  1$ [ $juvenile-misdemeanors:=0$ [ $age:<23  \eq  1$ [ $sex:Female  \eq  1$ [ $priors:=1$ [ $class$ [ $0$ ] ] [ $class$ [ $1$ ] ] ] [ $class$ [ $1$ ] ] ] [ $priors:2-3  \eq  1$ [ $juvenile-felonies:=0$ [ $class$ [ $0$ ] ] [ $class$ [ $1$ ] ] ] [ $priors:=0$ [ $class$ [ $0$ ] ] [ $class$ [ $1$ ] ] ] ] ] [ $sex:Female  \eq  1$ [ $age:<21  \eq  1$ [ $class$ [ $1$ ] ] [ $class$ [ $0$ ] ] ] [ $class$ [ $1$ ] ] ] ] [ $sex:Female  \eq  1$ [ $juvenile-felonies:=0$ [ $priors:>3  \eq  1$ [ $class$ [ $1$ ] ] [ $class$ [ $0$ ] ] ] [ $priors:=1$ [ $class$ [ $1$ ] ] [ $class$ [ $0$ ] ] ] ] [ $priors:=1$ [ $class$ [ $0$ ] ] [ $priors:=0$ [ $class$ [ $0$ ] ] [ $class$ [ $1$ ] ] ] ] ] ] ],
compas-binary,complete,1,6907,12,12,dl85,6,None,None,300,leviathan,1,3,5526,12,24,1.067762254,7,31,61,67.46290264,67.19768284,[ $sex:Female  \eq  1$ [ $age:<23  \eq  1$ [ $juvenile-crimes:=0$ [ $age:<21  \eq  1$ [ $priors:>3  \eq  1$ [ $class$ [ $1$ ] ] [ $class$ [ $0$ ] ] ] [ $priors:2-3  \eq  1$ [ $class$ [ $1$ ] ] [ $class$ [ $0$ ] ] ] ] [ $juvenile-misdemeanors:=0$ [ $priors:=1$ [ $class$ [ $0$ ] ] [ $class$ [ $1$ ] ] ] [ $priors:2-3  \eq  1$ [ $class$ [ $0$ ] ] [ $class$ [ $1$ ] ] ] ] ] [ $age:<26  \eq  1$ [ $juvenile-misdemeanors:=0$ [ $priors:2-3  \eq  1$ [ $juvenile-crimes:=0$ [ $class$ [ $1$ ] ] [ $class$ [ $0$ ] ] ] [ $priors:>3  \eq  1$ [ $class$ [ $1$ ] ] [ $class$ [ $0$ ] ] ] ] [ $class$ [ $0$ ] ] ] [ $age:<46  \eq  1$ [ $priors:=0$ [ $juvenile-crimes:=0$ [ $class$ [ $0$ ] ] [ $class$ [ $1$ ] ] ] [ $priors:>3  \eq  1$ [ $class$ [ $1$ ] ] [ $class$ [ $0$ ] ] ] ] [ $class$ [ $0$ ] ] ] ] ] [ $priors:>3  \eq  1$ [ $class$ [ $1$ ] ] [ $juvenile-crimes:=0$ [ $age:<23  \eq  1$ [ $priors:=0$ [ $class$ [ $0$ ] ] [ $class$ [ $1$ ] ] ] [ $age:<26  \eq  1$ [ $priors:2-3  \eq  1$ [ $class$ [ $1$ ] ] [ $class$ [ $0$ ] ] ] [ $class$ [ $0$ ] ] ] ] [ $juvenile-misdemeanors:=0$ [ $age:<23  \eq  1$ [ $class$ [ $1$ ] ] [ $priors:=0$ [ $class$ [ $0$ ] ] [ $class$ [ $1$ ] ] ] ] [ $priors:=1$ [ $age:<21  \eq  1$ [ $class$ [ $1$ ] ] [ $class$ [ $0$ ] ] ] [ $age:<26  \eq  1$ [ $class$ [ $1$ ] ] [ $class$ [ $0$ ] ] ] ] ] ] ] ],
compas-binary,complete,1,6907,12,12,dl85,6,None,None,300,leviathan,1,4,5526,12,24,1.092389148,7,30,59,67.69815418,67.48732802,[ $age:<26  \eq  1$ [ $juvenile-crimes:=0$ [ $priors:>3  \eq  1$ [ $sex:Female  \eq  1$ [ $age:<21  \eq  1$ [ $class$ [ $1$ ] ] [ $class$ [ $1$ ] ] ] [ $class$ [ $1$ ] ] ] [ $age:<21  \eq  1$ [ $sex:Female  \eq  1$ [ $class$ [ $0$ ] ] [ $class$ [ $1$ ] ] ] [ $priors:2-3  \eq  1$ [ $class$ [ $1$ ] ] [ $class$ [ $0$ ] ] ] ] ] [ $priors:>3  \eq  1$ [ $class$ [ $1$ ] ] [ $juvenile-misdemeanors:=0$ [ $priors:=1$ [ $sex:Female  \eq  1$ [ $class$ [ $0$ ] ] [ $class$ [ $1$ ] ] ] [ $age:<23  \eq  1$ [ $class$ [ $1$ ] ] [ $class$ [ $0$ ] ] ] ] [ $priors:2-3  \eq  1$ [ $sex:Female  \eq  1$ [ $class$ [ $0$ ] ] [ $class$ [ $1$ ] ] ] [ $age:<21  \eq  1$ [ $class$ [ $1$ ] ] [ $class$ [ $0$ ] ] ] ] ] ] ] [ $sex:Female  \eq  1$ [ $age:<46  \eq  1$ [ $juvenile-misdemeanors:=0$ [ $priors:>3  \eq  1$ [ $juvenile-crimes:=0$ [ $class$ [ $1$ ] ] [ $class$ [ $0$ ] ] ] [ $juvenile-felonies:=0$ [ $class$ [ $0$ ] ] [ $class$ [ $1$ ] ] ] ] [ $priors:2-3  \eq  1$ [ $class$ [ $0$ ] ] [ $class$ [ $1$ ] ] ] ] [ $juvenile-felonies:=0$ [ $juvenile-crimes:=0$ [ $class$ [ $0$ ] ] [ $class$ [ $1$ ] ] ] [ $class$ [ $0$ ] ] ] ] [ $priors:>3  \eq  1$ [ $class$ [ $1$ ] ] [ $juvenile-misdemeanors:=0$ [ $juvenile-crimes:=0$ [ $class$ [ $0$ ] ] [ $priors:2-3  \eq  1$ [ $class$ [ $1$ ] ] [ $class$ [ $0$ ] ] ] ] [ $class$ [ $0$ ] ] ] ] ] ],
compas-binary,complete,1,6907,12,12,dl85,7,None,None,300,leviathan,1,0,5525,12,24,2.271955691,8,39,77,67.42081448,68.88567294,[ $sex:Female  \eq  1$ [ $age:<23  \eq  1$ [ $juvenile-felonies:=0$ [ $juvenile-misdemeanors:=0$ [ $priors:=0$ [ $juvenile-crimes:=0$ [ $class$ [ $0$ ] ] [ $class$ [ $1$ ] ] ] [ $priors:=1$ [ $class$ [ $0$ ] ] [ $class$ [ $1$ ] ] ] ] [ $age:<21  \eq  1$ [ $priors:2-3  \eq  1$ [ $class$ [ $0$ ] ] [ $class$ [ $1$ ] ] ] [ $priors:=1$ [ $class$ [ $0$ ] ] [ $class$ [ $1$ ] ] ] ] ] [ $class$ [ $1$ ] ] ] [ $age:<26  \eq  1$ [ $juvenile-misdemeanors:=0$ [ $priors:2-3  \eq  1$ [ $juvenile-crimes:=0$ [ $class$ [ $1$ ] ] [ $class$ [ $0$ ] ] ] [ $priors:>3  \eq  1$ [ $class$ [ $1$ ] ] [ $class$ [ $0$ ] ] ] ] [ $class$ [ $0$ ] ] ] [ $juvenile-felonies:=0$ [ $juvenile-crimes:=0$ [ $priors:>3  \eq  1$ [ $age:<46  \eq  1$ [ $class$ [ $1$ ] ] [ $class$ [ $0$ ] ] ] [ $class$ [ $0$ ] ] ] [ $juvenile-misdemeanors:=0$ [ $priors:=1$ [ $class$ [ $0$ ] ] [ $class$ [ $1$ ] ] ] [ $priors:>3  \eq  1$ [ $class$ [ $1$ ] ] [ $class$ [ $0$ ] ] ] ] ] [ $age:<46  \eq  1$ [ $class$ [ $1$ ] ] [ $class$ [ $0$ ] ] ] ] ] ] [ $juvenile-crimes:=0$ [ $priors:2-3  \eq  1$ [ $age:<26  \eq  1$ [ $class$ [ $1$ ] ] [ $class$ [ $0$ ] ] ] [ $age:<21  \eq  1$ [ $class$ [ $1$ ] ] [ $priors:>3  \eq  1$ [ $class$ [ $1$ ] ] [ $class$ [ $0$ ] ] ] ] ] [ $age:<26  \eq  1$ [ $juvenile-misdemeanors:=0$ [ $age:<23  \eq  1$ [ $class$ [ $1$ ] ] [ $juvenile-felonies:=0$ [ $priors:=0$ [ $class$ [ $0$ ] ] [ $class$ [ $1$ ] ] ] [ $priors:2-3  \eq  1$ [ $class$ [ $0$ ] ] [ $class$ [ $1$ ] ] ] ] ] [ $age:<21  \eq  1$ [ $class$ [ $1$ ] ] [ $priors:=1$ [ $class$ [ $0$ ] ] [ $class$ [ $1$ ] ] ] ] ] [ $juvenile-felonies:=0$ [ $priors:>3  \eq  1$ [ $class$ [ $1$ ] ] [ $class$ [ $0$ ] ] ] [ $class$ [ $1$ ] ] ] ] ] ],
compas-binary,complete,1,6907,12,12,dl85,7,None,None,300,leviathan,1,1,5525,12,24,2.192417304,8,33,65,68.30769231,65.19536903,[ $sex:Female  \eq  1$ [ $age:<23  \eq  1$ [ $juvenile-misdemeanors:=0$ [ $priors:=0$ [ $juvenile-crimes:=0$ [ $class$ [ $0$ ] ] [ $class$ [ $1$ ] ] ] [ $priors:=1$ [ $class$ [ $0$ ] ] [ $class$ [ $1$ ] ] ] ] [ $age:<21  \eq  1$ [ $priors:2-3  \eq  1$ [ $class$ [ $0$ ] ] [ $class$ [ $1$ ] ] ] [ $priors:>3  \eq  1$ [ $class$ [ $1$ ] ] [ $class$ [ $0$ ] ] ] ] ] [ $age:<26  \eq  1$ [ $juvenile-misdemeanors:=0$ [ $priors:2-3  \eq  1$ [ $juvenile-crimes:=0$ [ $class$ [ $1$ ] ] [ $class$ [ $0$ ] ] ] [ $priors:>3  \eq  1$ [ $class$ [ $1$ ] ] [ $class$ [ $0$ ] ] ] ] [ $class$ [ $0$ ] ] ] [ $juvenile-crimes:=0$ [ $age:<46  \eq  1$ [ $priors:>3  \eq  1$ [ $class$ [ $1$ ] ] [ $class$ [ $0$ ] ] ] [ $class$ [ $0$ ] ] ] [ $juvenile-felonies:=0$ [ $priors:=1$ [ $class$ [ $0$ ] ] [ $class$ [ $1$ ] ] ] [ $age:<46  \eq  1$ [ $class$ [ $1$ ] ] [ $class$ [ $0$ ] ] ] ] ] ] ] [ $juvenile-crimes:=0$ [ $age:<21  \eq  1$ [ $class$ [ $1$ ] ] [ $priors:2-3  \eq  1$ [ $age:<26  \eq  1$ [ $class$ [ $1$ ] ] [ $class$ [ $0$ ] ] ] [ $priors:>3  \eq  1$ [ $class$ [ $1$ ] ] [ $class$ [ $0$ ] ] ] ] ] [ $age:<23  \eq  1$ [ $class$ [ $1$ ] ] [ $juvenile-misdemeanors:=0$ [ $juvenile-felonies:=0$ [ $priors:=0$ [ $class$ [ $0$ ] ] [ $class$ [ $1$ ] ] ] [ $age:<26  \eq  1$ [ $priors:2-3  \eq  1$ [ $class$ [ $0$ ] ] [ $class$ [ $1$ ] ] ] [ $class$ [ $1$ ] ] ] ] [ $priors:=1$ [ $class$ [ $0$ ] ] [ $class$ [ $1$ ] ] ] ] ] ] ],
compas-binary,complete,1,6907,12,12,dl85,7,None,None,300,leviathan,1,2,5526,12,24,2.18084484,8,24,47,68.2048498,65.38740043,[ $juvenile-crimes:=0$ [ $priors:2-3  \eq  1$ [ $age:<26  \eq  1$ [ $class$ [ $1$ ] ] [ $class$ [ $0$ ] ] ] [ $sex:Female  \eq  1$ [ $age:<46  \eq  1$ [ $priors:>3  \eq  1$ [ $class$ [ $1$ ] ] [ $class$ [ $0$ ] ] ] [ $class$ [ $0$ ] ] ] [ $age:<21  \eq  1$ [ $class$ [ $1$ ] ] [ $priors:>3  \eq  1$ [ $class$ [ $1$ ] ] [ $class$ [ $0$ ] ] ] ] ] ] [ $age:<26  \eq  1$ [ $juvenile-misdemeanors:=0$ [ $priors:>3  \eq  1$ [ $class$ [ $1$ ] ] [ $priors:=1$ [ $sex:Female  \eq  1$ [ $class$ [ $0$ ] ] [ $class$ [ $1$ ] ] ] [ $age:<23  \eq  1$ [ $class$ [ $1$ ] ] [ $juvenile-felonies:=0$ [ $class$ [ $0$ ] ] [ $class$ [ $1$ ] ] ] ] ] ] [ $sex:Female  \eq  1$ [ $age:<21  \eq  1$ [ $class$ [ $1$ ] ] [ $class$ [ $0$ ] ] ] [ $class$ [ $1$ ] ] ] ] [ $sex:Female  \eq  1$ [ $juvenile-felonies:=0$ [ $priors:>3  \eq  1$ [ $class$ [ $1$ ] ] [ $class$ [ $0$ ] ] ] [ $priors:=1$ [ $class$ [ $1$ ] ] [ $class$ [ $0$ ] ] ] ] [ $priors:=1$ [ $class$ [ $0$ ] ] [ $priors:=0$ [ $class$ [ $0$ ] ] [ $class$ [ $1$ ] ] ] ] ] ] ],
compas-binary,complete,1,6907,12,12,dl85,7,None,None,300,leviathan,1,3,5526,12,24,2.166676041,8,33,65,67.48099891,67.12527154,[ $sex:Female  \eq  1$ [ $age:<23  \eq  1$ [ $juvenile-crimes:=0$ [ $age:<21  \eq  1$ [ $priors:>3  \eq  1$ [ $class$ [ $1$ ] ] [ $class$ [ $0$ ] ] ] [ $priors:2-3  \eq  1$ [ $class$ [ $1$ ] ] [ $class$ [ $0$ ] ] ] ] [ $juvenile-misdemeanors:=0$ [ $priors:=1$ [ $class$ [ $0$ ] ] [ $class$ [ $1$ ] ] ] [ $priors:2-3  \eq  1$ [ $class$ [ $0$ ] ] [ $class$ [ $1$ ] ] ] ] ] [ $age:<26  \eq  1$ [ $juvenile-misdemeanors:=0$ [ $priors:2-3  \eq  1$ [ $juvenile-crimes:=0$ [ $class$ [ $1$ ] ] [ $class$ [ $0$ ] ] ] [ $priors:>3  \eq  1$ [ $class$ [ $1$ ] ] [ $class$ [ $0$ ] ] ] ] [ $class$ [ $0$ ] ] ] [ $age:<46  \eq  1$ [ $priors:=0$ [ $juvenile-crimes:=0$ [ $class$ [ $0$ ] ] [ $class$ [ $1$ ] ] ] [ $priors:>3  \eq  1$ [ $class$ [ $1$ ] ] [ $class$ [ $0$ ] ] ] ] [ $class$ [ $0$ ] ] ] ] ] [ $priors:>3  \eq  1$ [ $class$ [ $1$ ] ] [ $juvenile-misdemeanors:=0$ [ $age:<23  \eq  1$ [ $juvenile-crimes:=0$ [ $priors:=0$ [ $class$ [ $0$ ] ] [ $class$ [ $1$ ] ] ] [ $class$ [ $1$ ] ] ] [ $juvenile-crimes:=0$ [ $age:<26  \eq  1$ [ $priors:2-3  \eq  1$ [ $class$ [ $1$ ] ] [ $class$ [ $0$ ] ] ] [ $class$ [ $0$ ] ] ] [ $juvenile-felonies:=0$ [ $priors:=0$ [ $class$ [ $0$ ] ] [ $class$ [ $1$ ] ] ] [ $age:<26  \eq  1$ [ $class$ [ $0$ ] ] [ $class$ [ $1$ ] ] ] ] ] ] [ $priors:=1$ [ $age:<21  \eq  1$ [ $class$ [ $1$ ] ] [ $class$ [ $0$ ] ] ] [ $age:<26  \eq  1$ [ $class$ [ $1$ ] ] [ $class$ [ $0$ ] ] ] ] ] ] ],
compas-binary,complete,1,6907,12,12,dl85,7,None,None,300,leviathan,1,4,5526,12,24,2.129429186,7,30,59,67.69815418,67.48732802,[ $age:<26  \eq  1$ [ $juvenile-crimes:=0$ [ $priors:>3  \eq  1$ [ $sex:Female  \eq  1$ [ $age:<21  \eq  1$ [ $class$ [ $1$ ] ] [ $class$ [ $1$ ] ] ] [ $class$ [ $1$ ] ] ] [ $age:<21  \eq  1$ [ $sex:Female  \eq  1$ [ $class$ [ $0$ ] ] [ $class$ [ $1$ ] ] ] [ $priors:2-3  \eq  1$ [ $class$ [ $1$ ] ] [ $class$ [ $0$ ] ] ] ] ] [ $priors:>3  \eq  1$ [ $class$ [ $1$ ] ] [ $juvenile-misdemeanors:=0$ [ $priors:=1$ [ $sex:Female  \eq  1$ [ $class$ [ $0$ ] ] [ $class$ [ $1$ ] ] ] [ $age:<23  \eq  1$ [ $class$ [ $1$ ] ] [ $class$ [ $0$ ] ] ] ] [ $priors:2-3  \eq  1$ [ $sex:Female  \eq  1$ [ $class$ [ $0$ ] ] [ $class$ [ $1$ ] ] ] [ $age:<21  \eq  1$ [ $class$ [ $1$ ] ] [ $class$ [ $0$ ] ] ] ] ] ] ] [ $sex:Female  \eq  1$ [ $age:<46  \eq  1$ [ $juvenile-misdemeanors:=0$ [ $priors:>3  \eq  1$ [ $juvenile-crimes:=0$ [ $class$ [ $1$ ] ] [ $class$ [ $0$ ] ] ] [ $juvenile-felonies:=0$ [ $class$ [ $0$ ] ] [ $class$ [ $1$ ] ] ] ] [ $priors:2-3  \eq  1$ [ $class$ [ $0$ ] ] [ $class$ [ $1$ ] ] ] ] [ $juvenile-felonies:=0$ [ $juvenile-crimes:=0$ [ $class$ [ $0$ ] ] [ $class$ [ $1$ ] ] ] [ $class$ [ $0$ ] ] ] ] [ $priors:>3  \eq  1$ [ $class$ [ $1$ ] ] [ $juvenile-misdemeanors:=0$ [ $juvenile-crimes:=0$ [ $class$ [ $0$ ] ] [ $priors:2-3  \eq  1$ [ $class$ [ $1$ ] ] [ $class$ [ $0$ ] ] ] ] [ $class$ [ $0$ ] ] ] ] ] ],