Data Set,Preprocessing,Classes,Samples,Features,Binary Features,Algorithm,Depth Limit,Width Limit,Regularization,Time Limit,Machine,Threads,Fold Index,Subsample,Subfeatures,Binary subfeatures,Training Time,Max Depth,# Leaves,# Nodes,Training Accuracy,Test Accuracy,Latex,Source
fico-binary,complete,1,10459,17,17,dl85,1,None,None,300,leviathan,1,0,8367,17,34,0.004938437138,2,2,3,69.55898171,69.7418738,[ $ExternalRiskEstimate<0.65  \eq  1$ [ $class$ [ $1$ ] ] [ $class$ [ $0$ ] ] ],
fico-binary,complete,1,10459,17,17,dl85,1,None,None,300,leviathan,1,1,8367,17,34,0.004707504995,2,2,3,69.60678857,68.69024857,[ $ExternalRiskEstimate<0.49  \eq  1$ [ $class$ [ $1$ ] ] [ $class$ [ $0$ ] ] ],
fico-binary,complete,1,10459,17,17,dl85,1,None,None,300,leviathan,1,2,8367,17,34,0.004580570851,2,2,3,69.71435401,69.12045889,[ $ExternalRiskEstimate<0.65  \eq  1$ [ $class$ [ $1$ ] ] [ $class$ [ $0$ ] ] ],
fico-binary,complete,1,10459,17,17,dl85,1,None,None,300,leviathan,1,3,8367,17,34,0.004497847985,2,2,3,69.89362974,68.40344168,[ $ExternalRiskEstimate<0.65  \eq  1$ [ $class$ [ $1$ ] ] [ $class$ [ $0$ ] ] ],
fico-binary,complete,1,10459,17,17,dl85,1,None,None,300,leviathan,1,4,8368,17,34,0.004796588328,2,2,3,69.39531549,69.53610713,[ $ExternalRiskEstimate<0.49  \eq  1$ [ $class$ [ $1$ ] ] [ $class$ [ $0$ ] ] ],
fico-binary,complete,1,10459,17,17,dl85,2,None,None,300,leviathan,1,0,8367,17,34,0.01229733182,3,4,7,71.86566272,64.14913958,[ $Inquiry<0.75  \eq  1$ [ $ExternalRiskEstimate<0.80  \eq  1$ [ $class$ [ $1$ ] ] [ $class$ [ $0$ ] ] ] [ $ExternalRiskEstimate<0.49  \eq  1$ [ $class$ [ $1$ ] ] [ $class$ [ $0$ ] ] ] ],
fico-binary,complete,1,10459,17,17,dl85,2,None,None,300,leviathan,1,1,8367,17,34,0.0115089952,3,4,7,71.14855982,71.08030593,[ $Inquiry<0.75  \eq  1$ [ $ExternalRiskEstimate<0.65  \eq  1$ [ $class$ [ $1$ ] ] [ $class$ [ $0$ ] ] ] [ $ExternalRiskEstimate<0.49  \eq  1$ [ $class$ [ $1$ ] ] [ $class$ [ $0$ ] ] ] ],
fico-binary,complete,1,10459,17,17,dl85,2,None,None,300,leviathan,1,2,8367,17,34,0.01172158495,3,4,7,70.8139118,72.41873805,[ $Inquiry<0.75  \eq  1$ [ $ExternalRiskEstimate<0.65  \eq  1$ [ $class$ [ $1$ ] ] [ $class$ [ $0$ ] ] ] [ $ExternalRiskEstimate<0.49  \eq  1$ [ $class$ [ $1$ ] ] [ $class$ [ $0$ ] ] ] ],
fico-binary,complete,1,10459,17,17,dl85,2,None,None,300,leviathan,1,3,8367,17,34,0.01190798776,3,4,7,71.2919804,70.50669216,[ $Inquiry<0.75  \eq  1$ [ $ExternalRiskEstimate<0.65  \eq  1$ [ $class$ [ $1$ ] ] [ $class$ [ $0$ ] ] ] [ $ExternalRiskEstimate<0.49  \eq  1$ [ $class$ [ $1$ ] ] [ $class$ [ $0$ ] ] ] ],
fico-binary,complete,1,10459,17,17,dl85,2,None,None,300,leviathan,1,4,8368,17,34,0.01119167311,3,4,7,71.12810707,71.16212339,[ $Inquiry<0.75  \eq  1$ [ $ExternalRiskEstimate<0.65  \eq  1$ [ $class$ [ $1$ ] ] [ $class$ [ $0$ ] ] ] [ $ExternalRiskEstimate<0.49  \eq  1$ [ $class$ [ $1$ ] ] [ $class$ [ $0$ ] ] ] ],
fico-binary,complete,1,10459,17,17,dl85,3,None,None,300,leviathan,1,0,8367,17,34,0.1129810531,4,8,15,72.7978965,64.19694073,[ $Inquiry<0.75  \eq  1$ [ $TradeOpenTime<0.6  \eq  1$ [ $ExternalRiskEstimate<0.80  \eq  1$ [ $class$ [ $1$ ] ] [ $class$ [ $0$ ] ] ] [ $ExternalRiskEstimate<0.65  \eq  1$ [ $class$ [ $1$ ] ] [ $class$ [ $0$ ] ] ] ] [ $TradeFrequency<0.45  \eq  1$ [ $ExternalRiskEstimate<0.65  \eq  1$ [ $class$ [ $1$ ] ] [ $class$ [ $0$ ] ] ] [ $ExternalRiskEstimate<0.49  \eq  1$ [ $class$ [ $1$ ] ] [ $class$ [ $0$ ] ] ] ] ],
fico-binary,complete,1,10459,17,17,dl85,3,None,None,300,leviathan,1,1,8367,17,34,0.1111605084,4,8,15,71.9254213,70.7456979,[ $Inquiry<0.75  \eq  1$ [ $NumSatisfactoryTrades<0.5  \eq  1$ [ $ExternalRiskEstimate<0.80  \eq  1$ [ $class$ [ $1$ ] ] [ $class$ [ $0$ ] ] ] [ $ExternalRiskEstimate<0.65  \eq  1$ [ $class$ [ $1$ ] ] [ $class$ [ $0$ ] ] ] ] [ $TradeFrequency<0.45  \eq  1$ [ $ExternalRiskEstimate<0.65  \eq  1$ [ $class$ [ $1$ ] ] [ $class$ [ $0$ ] ] ] [ $ExternalRiskEstimate<0.49  \eq  1$ [ $class$ [ $1$ ] ] [ $class$ [ $0$ ] ] ] ] ],
fico-binary,complete,1,10459,17,17,dl85,3,None,None,300,leviathan,1,2,8367,17,34,0.1122518359,4,8,15,71.42344926,72.80114723,[ $Inquiry<0.75  \eq  1$ [ $TradeWBalance<0.33  \eq  1$ [ $ExternalRiskEstimate<0.80  \eq  1$ [ $class$ [ $1$ ] ] [ $class$ [ $0$ ] ] ] [ $ExternalRiskEstimate<0.65  \eq  1$ [ $class$ [ $1$ ] ] [ $class$ [ $0$ ] ] ] ] [ $TradeFrequency<0.45  \eq  1$ [ $ExternalRiskEstimate<0.65  \eq  1$ [ $class$ [ $1$ ] ] [ $class$ [ $0$ ] ] ] [ $ExternalRiskEstimate<0.49  \eq  1$ [ $class$ [ $1$ ] ] [ $class$ [ $0$ ] ] ] ] ],
fico-binary,complete,1,10459,17,17,dl85,3,None,None,300,leviathan,1,3,8367,17,34,0.1122135599,4,8,15,71.82980758,71.17590822,[ $Inquiry<0.75  \eq  1$ [ $TradeWBalance<0.33  \eq  1$ [ $ExternalRiskEstimate<0.80  \eq  1$ [ $class$ [ $1$ ] ] [ $class$ [ $0$ ] ] ] [ $ExternalRiskEstimate<0.65  \eq  1$ [ $class$ [ $1$ ] ] [ $class$ [ $0$ ] ] ] ] [ $TradeFrequency<0.45  \eq  1$ [ $ExternalRiskEstimate<0.65  \eq  1$ [ $class$ [ $1$ ] ] [ $class$ [ $0$ ] ] ] [ $ExternalRiskEstimate<0.49  \eq  1$ [ $class$ [ $1$ ] ] [ $class$ [ $0$ ] ] ] ] ],
fico-binary,complete,1,10459,17,17,dl85,3,None,None,300,leviathan,1,4,8368,17,34,0.1111319219,4,8,15,71.66586998,71.8794835,[ $Inquiry<0.75  \eq  1$ [ $TradeWBalance<0.33  \eq  1$ [ $Delinquency<0.75  \eq  1$ [ $class$ [ $1$ ] ] [ $class$ [ $0$ ] ] ] [ $ExternalRiskEstimate<0.65  \eq  1$ [ $class$ [ $1$ ] ] [ $class$ [ $0$ ] ] ] ] [ $TradeFrequency<0.45  \eq  1$ [ $ExternalRiskEstimate<0.65  \eq  1$ [ $class$ [ $1$ ] ] [ $class$ [ $0$ ] ] ] [ $ExternalRiskEstimate<0.49  \eq  1$ [ $class$ [ $1$ ] ] [ $class$ [ $0$ ] ] ] ] ],
fico-binary,complete,1,10459,17,17,dl85,4,None,None,300,leviathan,1,0,8367,17,34,0.9888547803,5,15,29,73.50304769,64.62715105,[ $Inquiry<0.75  \eq  1$ [ $TradeOpenTime<0.6  \eq  1$ [ $Utilization<0.6  \eq  1$ [ $ExternalRiskEstimate<0.80  \eq  1$ [ $class$ [ $1$ ] ] [ $class$ [ $0$ ] ] ] [ $ExternalRiskEstimate<0.65  \eq  1$ [ $class$ [ $1$ ] ] [ $class$ [ $0$ ] ] ] ] [ $TradeWBalance<0.33  \eq  1$ [ $ExternalRiskEstimate<0.80  \eq  1$ [ $class$ [ $1$ ] ] [ $class$ [ $0$ ] ] ] [ $ExternalRiskEstimate<0.65  \eq  1$ [ $class$ [ $1$ ] ] [ $class$ [ $0$ ] ] ] ] ] [ $ExternalRiskEstimate<0.49  \eq  1$ [ $RevolvingBalance<0.6  \eq  1$ [ $TradeOpenTime<0.85  \eq  1$ [ $class$ [ $1$ ] ] [ $class$ [ $0$ ] ] ] [ $TradeFrequency<0.6  \eq  1$ [ $class$ [ $1$ ] ] [ $class$ [ $0$ ] ] ] ] [ $ExternalRiskEstimate<0.65  \eq  1$ [ $TradeFrequency<0.45  \eq  1$ [ $class$ [ $1$ ] ] [ $class$ [ $0$ ] ] ] [ $class$ [ $0$ ] ] ] ] ],
fico-binary,complete,1,10459,17,17,dl85,4,None,None,300,leviathan,1,1,8367,17,34,0.9614118389,5,15,29,72.61862077,70.69789675,[ $Inquiry<0.75  \eq  1$ [ $Installment<0.5  \eq  1$ [ $RevolvingBalance<0.6  \eq  1$ [ $Delinquency<0.75  \eq  1$ [ $class$ [ $1$ ] ] [ $class$ [ $0$ ] ] ] [ $ExternalRiskEstimate<0.65  \eq  1$ [ $class$ [ $1$ ] ] [ $class$ [ $0$ ] ] ] ] [ $TradeFrequency<0.45  \eq  1$ [ $ExternalRiskEstimate<0.80  \eq  1$ [ $class$ [ $1$ ] ] [ $class$ [ $0$ ] ] ] [ $ExternalRiskEstimate<0.65  \eq  1$ [ $class$ [ $1$ ] ] [ $class$ [ $0$ ] ] ] ] ] [ $ExternalRiskEstimate<0.49  \eq  1$ [ $Utilization<0.6  \eq  1$ [ $TradeOpenTime<0.85  \eq  1$ [ $class$ [ $1$ ] ] [ $class$ [ $0$ ] ] ] [ $TradeFrequency<0.6  \eq  1$ [ $class$ [ $1$ ] ] [ $class$ [ $0$ ] ] ] ] [ $ExternalRiskEstimate<0.65  \eq  1$ [ $TradeFrequency<0.45  \eq  1$ [ $class$ [ $1$ ] ] [ $class$ [ $0$ ] ] ] [ $class$ [ $0$ ] ] ] ] ],
fico-binary,complete,1,10459,17,17,dl85,4,None,None,300,leviathan,1,2,8367,17,34,0.9537210641,5,14,27,72.05689016,71.70172084,[ $ExternalRiskEstimate<0.65  \eq  1$ [ $ExternalRiskEstimate<0.49  \eq  1$ [ $TradeOpenTime<0.85  \eq  1$ [ $Utilization<0.6  \eq  1$ [ $class$ [ $1$ ] ] [ $class$ [ $0$ ] ] ] [ $Inquiry<0.75  \eq  1$ [ $class$ [ $1$ ] ] [ $class$ [ $0$ ] ] ] ] [ $Delinquency<0.55  \eq  1$ [ $NumSatisfactoryTrades<0.5  \eq  1$ [ $class$ [ $1$ ] ] [ $class$ [ $0$ ] ] ] [ $Inquiry<0.75  \eq  1$ [ $class$ [ $1$ ] ] [ $class$ [ $0$ ] ] ] ] ] [ $TradeFrequency<0.45  \eq  1$ [ $Inquiry<0.75  \eq  1$ [ $ExternalRiskEstimate<0.80  \eq  1$ [ $class$ [ $1$ ] ] [ $class$ [ $0$ ] ] ] [ $class$ [ $0$ ] ] ] [ $Inquiry<0.75  \eq  1$ [ $TradeWBalance<0.33  \eq  1$ [ $class$ [ $1$ ] ] [ $class$ [ $0$ ] ] ] [ $class$ [ $0$ ] ] ] ] ],
fico-binary,complete,1,10459,17,17,dl85,4,None,None,300,leviathan,1,3,8367,17,34,0.9396898514,5,15,29,72.51105534,70.26768642,[ $Inquiry<0.75  \eq  1$ [ $NumSatisfactoryTrades<0.5  \eq  1$ [ $Utilization<0.6  \eq  1$ [ $ExternalRiskEstimate<0.80  \eq  1$ [ $class$ [ $1$ ] ] [ $class$ [ $0$ ] ] ] [ $ExternalRiskEstimate<0.65  \eq  1$ [ $class$ [ $1$ ] ] [ $class$ [ $0$ ] ] ] ] [ $RevolvingBalance<0.6  \eq  1$ [ $ExternalRiskEstimate<0.65  \eq  1$ [ $class$ [ $1$ ] ] [ $class$ [ $0$ ] ] ] [ $ExternalRiskEstimate<0.49  \eq  1$ [ $class$ [ $1$ ] ] [ $class$ [ $0$ ] ] ] ] ] [ $TradeOpenTime<0.6  \eq  1$ [ $RevolvingBalance<0.6  \eq  1$ [ $Delinquency<0.75  \eq  1$ [ $class$ [ $1$ ] ] [ $class$ [ $0$ ] ] ] [ $ExternalRiskEstimate<0.49  \eq  1$ [ $class$ [ $1$ ] ] [ $class$ [ $0$ ] ] ] ] [ $ExternalRiskEstimate<0.49  \eq  1$ [ $TradeOpenTime<0.85  \eq  1$ [ $class$ [ $1$ ] ] [ $class$ [ $0$ ] ] ] [ $class$ [ $0$ ] ] ] ] ],
fico-binary,complete,1,10459,17,17,dl85,4,None,None,300,leviathan,1,4,8368,17,34,0.944452656,5,15,29,72.29923518,71.64036346,[ $Inquiry<0.75  \eq  1$ [ $TradeFrequency<0.6  \eq  1$ [ $Installment<0.5  \eq  1$ [ $ExternalRiskEstimate<0.80  \eq  1$ [ $class$ [ $1$ ] ] [ $class$ [ $0$ ] ] ] [ $ExternalRiskEstimate<0.65  \eq  1$ [ $class$ [ $1$ ] ] [ $class$ [ $0$ ] ] ] ] [ $RevolvingBalance<0.6  \eq  1$ [ $Delinquency<0.75  \eq  1$ [ $class$ [ $1$ ] ] [ $class$ [ $0$ ] ] ] [ $ExternalRiskEstimate<0.49  \eq  1$ [ $class$ [ $1$ ] ] [ $class$ [ $0$ ] ] ] ] ] [ $ExternalRiskEstimate<0.49  \eq  1$ [ $RevolvingBalance<0.6  \eq  1$ [ $TradeOpenTime<0.85  \eq  1$ [ $class$ [ $1$ ] ] [ $class$ [ $0$ ] ] ] [ $TradeFrequency<0.6  \eq  1$ [ $class$ [ $1$ ] ] [ $class$ [ $0$ ] ] ] ] [ $ExternalRiskEstimate<0.65  \eq  1$ [ $TradeFrequency<0.45  \eq  1$ [ $class$ [ $1$ ] ] [ $class$ [ $0$ ] ] ] [ $class$ [ $0$ ] ] ] ] ],
fico-binary,complete,1,10459,17,17,dl85,5,None,None,300,leviathan,1,0,8367,17,34,5.729490185,6,30,59,74.1484403,64.38814532,[ $Inquiry<0.75  \eq  1$ [ $RevolvingBalance<0.6  \eq  1$ [ $TradeWBalance<0.33  \eq  1$ [ $ExternalRiskEstimate<0.80  \eq  1$ [ $ExternalRiskEstimate<0.49  \eq  1$ [ $class$ [ $1$ ] ] [ $class$ [ $1$ ] ] ] [ $Delinquency<0.75  \eq  1$ [ $class$ [ $1$ ] ] [ $class$ [ $0$ ] ] ] ] [ $TradeOpenTime<0.6  \eq  1$ [ $Delinquency<0.75  \eq  1$ [ $class$ [ $1$ ] ] [ $class$ [ $0$ ] ] ] [ $ExternalRiskEstimate<0.65  \eq  1$ [ $class$ [ $1$ ] ] [ $class$ [ $0$ ] ] ] ] ] [ $NumSatisfactoryTrades<0.5  \eq  1$ [ $Utilization<0.6  \eq  1$ [ $ExternalRiskEstimate<0.80  \eq  1$ [ $class$ [ $1$ ] ] [ $class$ [ $0$ ] ] ] [ $ExternalRiskEstimate<0.65  \eq  1$ [ $class$ [ $1$ ] ] [ $class$ [ $0$ ] ] ] ] [ $ExternalRiskEstimate<0.65  \eq  1$ [ $Delinquency<0.75  \eq  1$ [ $class$ [ $1$ ] ] [ $class$ [ $0$ ] ] ] [ $TradeWBalance<0.33  \eq  1$ [ $class$ [ $1$ ] ] [ $class$ [ $0$ ] ] ] ] ] ] [ $TradeOpenTime<0.6  \eq  1$ [ $TradeFrequency<0.6  \eq  1$ [ $RevolvingBalance<0.4  \eq  1$ [ $Delinquency<0.75  \eq  1$ [ $class$ [ $1$ ] ] [ $class$ [ $0$ ] ] ] [ $ExternalRiskEstimate<0.65  \eq  1$ [ $class$ [ $1$ ] ] [ $class$ [ $0$ ] ] ] ] [ $RevolvingBalance<0.4  \eq  1$ [ $ExternalRiskEstimate<0.65  \eq  1$ [ $class$ [ $1$ ] ] [ $class$ [ $0$ ] ] ] [ $TradeWBalance<0.33  \eq  1$ [ $class$ [ $1$ ] ] [ $class$ [ $0$ ] ] ] ] ] [ $ExternalRiskEstimate<0.49  \eq  1$ [ $TradeOpenTime<0.85  \eq  1$ [ $RevolvingBalance<0.6  \eq  1$ [ $class$ [ $1$ ] ] [ $class$ [ $0$ ] ] ] [ $class$ [ $0$ ] ] ] [ $ExternalRiskEstimate<0.65  \eq  1$ [ $TradeFrequency<0.45  \eq  1$ [ $class$ [ $1$ ] ] [ $class$ [ $0$ ] ] ] [ $class$ [ $0$ ] ] ] ] ] ],
fico-binary,complete,1,10459,17,17,dl85,5,None,None,300,leviathan,1,1,8367,17,34,5.490494343,6,29,57,73.31182025,70.60229446,[ $NumSatisfactoryTrades<0.5  \eq  1$ [ $Inquiry<0.75  \eq  1$ [ $TradeFrequency<0.6  \eq  1$ [ $TradeWBalance<0.33  \eq  1$ [ $Delinquency<0.75  \eq  1$ [ $class$ [ $1$ ] ] [ $class$ [ $0$ ] ] ] [ $ExternalRiskEstimate<0.80  \eq  1$ [ $class$ [ $1$ ] ] [ $class$ [ $0$ ] ] ] ] [ $TradeWBalance<0.33  \eq  1$ [ $class$ [ $1$ ] ] [ $ExternalRiskEstimate<0.65  \eq  1$ [ $class$ [ $1$ ] ] [ $class$ [ $0$ ] ] ] ] ] [ $RevolvingBalance<0.4  \eq  1$ [ $ExternalRiskEstimate<0.80  \eq  1$ [ $Delinquency<0.75  \eq  1$ [ $class$ [ $1$ ] ] [ $class$ [ $0$ ] ] ] [ $TradeWBalance<0.33  \eq  1$ [ $class$ [ $1$ ] ] [ $class$ [ $0$ ] ] ] ] [ $TradeFrequency<0.45  \eq  1$ [ $ExternalRiskEstimate<0.65  \eq  1$ [ $class$ [ $1$ ] ] [ $class$ [ $0$ ] ] ] [ $ExternalRiskEstimate<0.49  \eq  1$ [ $class$ [ $1$ ] ] [ $class$ [ $0$ ] ] ] ] ] ] [ $Installment<0.5  \eq  1$ [ $Inquiry<0.75  \eq  1$ [ $RevolvingBalance<0.6  \eq  1$ [ $Delinquency<0.75  \eq  1$ [ $class$ [ $1$ ] ] [ $class$ [ $0$ ] ] ] [ $ExternalRiskEstimate<0.65  \eq  1$ [ $class$ [ $1$ ] ] [ $class$ [ $0$ ] ] ] ] [ $ExternalRiskEstimate<0.49  \eq  1$ [ $TradeOpenTime<0.85  \eq  1$ [ $class$ [ $1$ ] ] [ $class$ [ $0$ ] ] ] [ $class$ [ $0$ ] ] ] ] [ $TradeFrequency<0.6  \eq  1$ [ $TradeWBalance<0.33  \eq  1$ [ $Delinquency<0.75  \eq  1$ [ $class$ [ $1$ ] ] [ $class$ [ $0$ ] ] ] [ $ExternalRiskEstimate<0.49  \eq  1$ [ $class$ [ $1$ ] ] [ $class$ [ $0$ ] ] ] ] [ $ExternalRiskEstimate<0.65  \eq  1$ [ $Inquiry<0.75  \eq  1$ [ $class$ [ $1$ ] ] [ $class$ [ $0$ ] ] ] [ $class$ [ $0$ ] ] ] ] ] ],
fico-binary,complete,1,10459,17,17,dl85,5,None,None,300,leviathan,1,2,8367,17,34,5.563806209,6,31,61,72.91741365,72.08413002,[ $Inquiry<0.75  \eq  1$ [ $TradeOpenTime<0.6  \eq  1$ [ $NumSatisfactoryTrades<0.5  \eq  1$ [ $Utilization<0.6  \eq  1$ [ $ExternalRiskEstimate<0.80  \eq  1$ [ $class$ [ $1$ ] ] [ $class$ [ $0$ ] ] ] [ $Delinquency<0.55  \eq  1$ [ $class$ [ $1$ ] ] [ $class$ [ $0$ ] ] ] ] [ $RevolvingBalance<0.4  \eq  1$ [ $Utilization<0.6  \eq  1$ [ $class$ [ $1$ ] ] [ $class$ [ $0$ ] ] ] [ $ExternalRiskEstimate<0.65  \eq  1$ [ $class$ [ $1$ ] ] [ $class$ [ $0$ ] ] ] ] ] [ $RevolvingBalance<0.6  \eq  1$ [ $TradeWBalance<0.33  \eq  1$ [ $ExternalRiskEstimate<0.80  \eq  1$ [ $class$ [ $1$ ] ] [ $class$ [ $0$ ] ] ] [ $ExternalRiskEstimate<0.65  \eq  1$ [ $class$ [ $1$ ] ] [ $class$ [ $0$ ] ] ] ] [ $TradeFrequency<0.45  \eq  1$ [ $ExternalRiskEstimate<0.80  \eq  1$ [ $class$ [ $1$ ] ] [ $class$ [ $0$ ] ] ] [ $ExternalRiskEstimate<0.49  \eq  1$ [ $class$ [ $1$ ] ] [ $class$ [ $0$ ] ] ] ] ] ] [ $NumSatisfactoryTrades<0.5  \eq  1$ [ $Delinquency<0.55  \eq  1$ [ $RevolvingBalance<0.6  \eq  1$ [ $ExternalRiskEstimate<0.65  \eq  1$ [ $class$ [ $1$ ] ] [ $class$ [ $0$ ] ] ] [ $ExternalRiskEstimate<0.49  \eq  1$ [ $class$ [ $1$ ] ] [ $class$ [ $0$ ] ] ] ] [ $RevolvingBalance<0.4  \eq  1$ [ $Delinquency<0.75  \eq  1$ [ $class$ [ $1$ ] ] [ $class$ [ $0$ ] ] ] [ $ExternalRiskEstimate<0.49  \eq  1$ [ $class$ [ $1$ ] ] [ $class$ [ $0$ ] ] ] ] ] [ $TradeOpenTime<0.6  \eq  1$ [ $TradeWBalance<0.33  \eq  1$ [ $Delinquency<0.75  \eq  1$ [ $class$ [ $1$ ] ] [ $class$ [ $0$ ] ] ] [ $ExternalRiskEstimate<0.49  \eq  1$ [ $class$ [ $1$ ] ] [ $class$ [ $0$ ] ] ] ] [ $ExternalRiskEstimate<0.49  \eq  1$ [ $TradeFrequency<0.6  \eq  1$ [ $class$ [ $1$ ] ] [ $class$ [ $0$ ] ] ] [ $class$ [ $0$ ] ] ] ] ] ],
fico-binary,complete,1,10459,17,17,dl85,5,None,None,300,leviathan,1,3,8367,17,34,5.537718878,6,30,59,73.20425481,70.7456979,[ $Inquiry<0.75  \eq  1$ [ $RevolvingBalance<0.6  \eq  1$ [ $TradeWBalance<0.33  \eq  1$ [ $ExternalRiskEstimate<0.80  \eq  1$ [ $ExternalRiskEstimate<0.49  \eq  1$ [ $class$ [ $1$ ] ] [ $class$ [ $1$ ] ] ] [ $Installment<0.5  \eq  1$ [ $class$ [ $0$ ] ] [ $class$ [ $1$ ] ] ] ] [ $Installment<0.5  \eq  1$ [ $Delinquency<0.75  \eq  1$ [ $class$ [ $1$ ] ] [ $class$ [ $0$ ] ] ] [ $ExternalRiskEstimate<0.65  \eq  1$ [ $class$ [ $1$ ] ] [ $class$ [ $0$ ] ] ] ] ] [ $NumSatisfactoryTrades<0.5  \eq  1$ [ $Utilization<0.6  \eq  1$ [ $ExternalRiskEstimate<0.80  \eq  1$ [ $class$ [ $1$ ] ] [ $class$ [ $0$ ] ] ] [ $ExternalRiskEstimate<0.65  \eq  1$ [ $class$ [ $1$ ] ] [ $class$ [ $0$ ] ] ] ] [ $ExternalRiskEstimate<0.49  \eq  1$ [ $class$ [ $1$ ] ] [ $TradeWBalance<0.33  \eq  1$ [ $class$ [ $1$ ] ] [ $class$ [ $0$ ] ] ] ] ] ] [ $TradeOpenTime<0.6  \eq  1$ [ $TradeFrequency<0.6  \eq  1$ [ $RevolvingBalance<0.6  \eq  1$ [ $Delinquency<0.75  \eq  1$ [ $class$ [ $1$ ] ] [ $class$ [ $0$ ] ] ] [ $ExternalRiskEstimate<0.49  \eq  1$ [ $class$ [ $1$ ] ] [ $class$ [ $0$ ] ] ] ] [ $RevolvingBalance<0.4  \eq  1$ [ $Delinquency<0.75  \eq  1$ [ $class$ [ $1$ ] ] [ $class$ [ $0$ ] ] ] [ $TradeWBalance<0.33  \eq  1$ [ $class$ [ $1$ ] ] [ $class$ [ $0$ ] ] ] ] ] [ $ExternalRiskEstimate<0.49  \eq  1$ [ $Utilization<0.6  \eq  1$ [ $TradeOpenTime<0.85  \eq  1$ [ $class$ [ $1$ ] ] [ $class$ [ $0$ ] ] ] [ $TradeFrequency<0.6  \eq  1$ [ $class$ [ $1$ ] ] [ $class$ [ $0$ ] ] ] ] [ $ExternalRiskEstimate<0.65  \eq  1$ [ $TradeWBalance<0.33  \eq  1$ [ $class$ [ $1$ ] ] [ $class$ [ $0$ ] ] ] [ $class$ [ $0$ ] ] ] ] ] ],
fico-binary,complete,1,10459,17,17,dl85,5,None,None,300,leviathan,1,4,8368,17,34,5.506202247,6,30,59,73.0043021,71.49689144,[ $NumSatisfactoryTrades<0.5  \eq  1$ [ $Inquiry<0.75  \eq  1$ [ $Utilization<0.6  \eq  1$ [ $TradeFrequency<0.45  \eq  1$ [ $Delinquency<0.75  \eq  1$ [ $class$ [ $1$ ] ] [ $class$ [ $0$ ] ] ] [ $ExternalRiskEstimate<0.80  \eq  1$ [ $class$ [ $1$ ] ] [ $class$ [ $0$ ] ] ] ] [ $ExternalRiskEstimate<0.65  \eq  1$ [ $Delinquency<0.55  \eq  1$ [ $class$ [ $1$ ] ] [ $class$ [ $0$ ] ] ] [ $TradeWBalance<0.33  \eq  1$ [ $class$ [ $1$ ] ] [ $class$ [ $0$ ] ] ] ] ] [ $TradeFrequency<0.45  \eq  1$ [ $Utilization<0.6  \eq  1$ [ $ExternalRiskEstimate<0.65  \eq  1$ [ $class$ [ $1$ ] ] [ $class$ [ $0$ ] ] ] [ $RevolvingBalance<0.4  \eq  1$ [ $class$ [ $1$ ] ] [ $class$ [ $0$ ] ] ] ] [ $RevolvingBalance<0.4  \eq  1$ [ $Delinquency<0.75  \eq  1$ [ $class$ [ $1$ ] ] [ $class$ [ $0$ ] ] ] [ $ExternalRiskEstimate<0.49  \eq  1$ [ $class$ [ $1$ ] ] [ $class$ [ $0$ ] ] ] ] ] ] [ $Delinquency<0.55  \eq  1$ [ $Inquiry<0.75  \eq  1$ [ $RevolvingBalance<0.6  \eq  1$ [ $ExternalRiskEstimate<0.65  \eq  1$ [ $class$ [ $1$ ] ] [ $class$ [ $0$ ] ] ] [ $ExternalRiskEstimate<0.49  \eq  1$ [ $class$ [ $1$ ] ] [ $class$ [ $0$ ] ] ] ] [ $ExternalRiskEstimate<0.49  \eq  1$ [ $TradeOpenTime<0.85  \eq  1$ [ $class$ [ $1$ ] ] [ $class$ [ $0$ ] ] ] [ $class$ [ $0$ ] ] ] ] [ $Delinquency<0.75  \eq  1$ [ $Inquiry<0.75  \eq  1$ [ $RevolvingBalance<0.6  \eq  1$ [ $class$ [ $1$ ] ] [ $class$ [ $0$ ] ] ] [ $TradeWBalance<0.33  \eq  1$ [ $class$ [ $1$ ] ] [ $class$ [ $0$ ] ] ] ] [ $ExternalRiskEstimate<0.49  \eq  1$ [ $Inquiry<0.75  \eq  1$ [ $class$ [ $1$ ] ] [ $class$ [ $0$ ] ] ] [ $class$ [ $0$ ] ] ] ] ] ],
fico-binary,complete,1,10459,17,17,dl85,6,None,None,300,leviathan,1,0,8367,17,34,24.16312364,7,61,121,74.94920521,63.67112811,[ $NumSatisfactoryTrades<0.5  \eq  1$ [ $Inquiry<0.75  \eq  1$ [ $RevolvingBalance<0.6  \eq  1$ [ $ExternalRiskEstimate<0.65  \eq  1$ [ $Delinquency<0.75  \eq  1$ [ $ExternalRiskEstimate<0.49  \eq  1$ [ $class$ [ $1$ ] ] [ $class$ [ $1$ ] ] ] [ $Installment<0.5  \eq  1$ [ $class$ [ $0$ ] ] [ $class$ [ $1$ ] ] ] ] [ $Utilization<0.6  \eq  1$ [ $Installment<0.5  \eq  1$ [ $class$ [ $1$ ] ] [ $class$ [ $0$ ] ] ] [ $Delinquency<0.55  \eq  1$ [ $class$ [ $1$ ] ] [ $class$ [ $0$ ] ] ] ] ] [ $Utilization<0.6  \eq  1$ [ $TradeWBalance<0.33  \eq  1$ [ $ExternalRiskEstimate<0.65  \eq  1$ [ $class$ [ $1$ ] ] [ $class$ [ $0$ ] ] ] [ $ExternalRiskEstimate<0.80  \eq  1$ [ $class$ [ $1$ ] ] [ $class$ [ $0$ ] ] ] ] [ $ExternalRiskEstimate<0.65  \eq  1$ [ $ExternalRiskEstimate<0.49  \eq  1$ [ $class$ [ $0$ ] ] [ $class$ [ $1$ ] ] ] [ $TradeWBalance<0.33  \eq  1$ [ $class$ [ $1$ ] ] [ $class$ [ $0$ ] ] ] ] ] ] [ $TradeFrequency<0.45  \eq  1$ [ $Delinquency<0.55  \eq  1$ [ $Installment<0.5  \eq  1$ [ $ExternalRiskEstimate<0.80  \eq  1$ [ $class$ [ $1$ ] ] [ $class$ [ $0$ ] ] ] [ $Utilization<0.6  \eq  1$ [ $class$ [ $1$ ] ] [ $class$ [ $0$ ] ] ] ] [ $ExternalRiskEstimate<0.65  \eq  1$ [ $RevolvingBalance<0.6  \eq  1$ [ $class$ [ $1$ ] ] [ $class$ [ $0$ ] ] ] [ $RevolvingBalance<0.4  \eq  1$ [ $class$ [ $1$ ] ] [ $class$ [ $0$ ] ] ] ] ] [ $TradeFrequency<0.6  \eq  1$ [ $RevolvingBalance<0.4  \eq  1$ [ $Delinquency<0.75  \eq  1$ [ $class$ [ $1$ ] ] [ $class$ [ $0$ ] ] ] [ $ExternalRiskEstimate<0.49  \eq  1$ [ $class$ [ $1$ ] ] [ $class$ [ $0$ ] ] ] ] [ $Utilization<0.6  \eq  1$ [ $ExternalRiskEstimate<0.49  \eq  1$ [ $class$ [ $1$ ] ] [ $class$ [ $0$ ] ] ] [ $ExternalRiskEstimate<0.65  \eq  1$ [ $class$ [ $1$ ] ] [ $class$ [ $0$ ] ] ] ] ] ] ] [ $TradeFrequency<0.6  \eq  1$ [ $TradeOpenTime<0.6  \eq  1$ [ $Installment<0.5  \eq  1$ [ $RevolvingBalance<0.4  \eq  1$ [ $Delinquency<0.75  \eq  1$ [ $class$ [ $1$ ] ] [ $class$ [ $0$ ] ] ] [ $ExternalRiskEstimate<0.65  \eq  1$ [ $class$ [ $1$ ] ] [ $class$ [ $0$ ] ] ] ] [ $ExternalRiskEstimate<0.65  \eq  1$ [ $ExternalRiskEstimate<0.49  \eq  1$ [ $class$ [ $1$ ] ] [ $class$ [ $0$ ] ] ] [ $Delinquency<0.55  \eq  1$ [ $class$ [ $1$ ] ] [ $class$ [ $0$ ] ] ] ] ] [ $Inquiry<0.75  \eq  1$ [ $TradeWBalance<0.33  \eq  1$ [ $ExternalRiskEstimate<0.80  \eq  1$ [ $class$ [ $1$ ] ] [ $class$ [ $0$ ] ] ] [ $ExternalRiskEstimate<0.49  \eq  1$ [ $class$ [ $1$ ] ] [ $class$ [ $0$ ] ] ] ] [ $ExternalRiskEstimate<0.49  \eq  1$ [ $RevolvingBalance<0.6  \eq  1$ [ $class$ [ $1$ ] ] [ $class$ [ $0$ ] ] ] [ $class$ [ $0$ ] ] ] ] ] [ $Inquiry<0.75  \eq  1$ [ $TradeOpenTime<0.85  \eq  1$ [ $RevolvingBalance<0.6  \eq  1$ [ $Delinquency<0.75  \eq  1$ [ $class$ [ $1$ ] ] [ $class$ [ $0$ ] ] ] [ $ExternalRiskEstimate<0.49  \eq  1$ [ $class$ [ $1$ ] ] [ $class$ [ $0$ ] ] ] ] [ $Utilization<0.6  \eq  1$ [ $ExternalRiskEstimate<0.65  \eq  1$ [ $class$ [ $1$ ] ] [ $class$ [ $0$ ] ] ] [ $RevolvingBalance<0.4  \eq  1$ [ $class$ [ $1$ ] ] [ $class$ [ $0$ ] ] ] ] ] [ $RevolvingBalance<0.6  \eq  1$ [ $ExternalRiskEstimate<0.49  \eq  1$ [ $Installment<0.5  \eq  1$ [ $class$ [ $1$ ] ] [ $class$ [ $0$ ] ] ] [ $class$ [ $0$ ] ] ] [ $TradeOpenTime<0.6  \eq  1$ [ $TradeWBalance<0.33  \eq  1$ [ $class$ [ $1$ ] ] [ $class$ [ $0$ ] ] ] [ $class$ [ $0$ ] ] ] ] ] ] ],
fico-binary,complete,1,10459,17,17,dl85,6,None,None,300,leviathan,1,1,8367,17,34,23.23961688,7,60,119,74.0647783,70.36328872,[ $Inquiry<0.75  \eq  1$ [ $RevolvingBalance<0.6  \eq  1$ [ $TradeWBalance<0.33  \eq  1$ [ $TradeOpenTime<0.6  \eq  1$ [ $Installment<0.5  \eq  1$ [ $Delinquency<0.75  \eq  1$ [ $class$ [ $1$ ] ] [ $class$ [ $0$ ] ] ] [ $class$ [ $1$ ] ] ] [ $ExternalRiskEstimate<0.80  \eq  1$ [ $class$ [ $1$ ] ] [ $Delinquency<0.75  \eq  1$ [ $class$ [ $1$ ] ] [ $class$ [ $0$ ] ] ] ] ] [ $TradeFrequency<0.6  \eq  1$ [ $Installment<0.5  \eq  1$ [ $ExternalRiskEstimate<0.80  \eq  1$ [ $class$ [ $1$ ] ] [ $class$ [ $0$ ] ] ] [ $ExternalRiskEstimate<0.65  \eq  1$ [ $class$ [ $1$ ] ] [ $class$ [ $0$ ] ] ] ] [ $NumSatisfactoryTrades<0.5  \eq  1$ [ $ExternalRiskEstimate<0.65  \eq  1$ [ $class$ [ $1$ ] ] [ $class$ [ $0$ ] ] ] [ $Delinquency<0.75  \eq  1$ [ $class$ [ $1$ ] ] [ $class$ [ $0$ ] ] ] ] ] ] [ $NumSatisfactoryTrades<0.5  \eq  1$ [ $TradeFrequency<0.45  \eq  1$ [ $ExternalRiskEstimate<0.49  \eq  1$ [ $Utilization<0.6  \eq  1$ [ $class$ [ $1$ ] ] [ $class$ [ $0$ ] ] ] [ $ExternalRiskEstimate<0.80  \eq  1$ [ $class$ [ $1$ ] ] [ $class$ [ $0$ ] ] ] ] [ $ExternalRiskEstimate<0.80  \eq  1$ [ $Utilization<0.6  \eq  1$ [ $class$ [ $1$ ] ] [ $class$ [ $0$ ] ] ] [ $TradeWBalance<0.33  \eq  1$ [ $class$ [ $1$ ] ] [ $class$ [ $0$ ] ] ] ] ] [ $Installment<0.5  \eq  1$ [ $TradeWBalance<0.33  \eq  1$ [ $Delinquency<0.75  \eq  1$ [ $class$ [ $1$ ] ] [ $class$ [ $0$ ] ] ] [ $ExternalRiskEstimate<0.65  \eq  1$ [ $class$ [ $1$ ] ] [ $class$ [ $0$ ] ] ] ] [ $TradeFrequency<0.6  \eq  1$ [ $ExternalRiskEstimate<0.49  \eq  1$ [ $class$ [ $1$ ] ] [ $class$ [ $0$ ] ] ] [ $ExternalRiskEstimate<0.65  \eq  1$ [ $class$ [ $1$ ] ] [ $class$ [ $0$ ] ] ] ] ] ] ] [ $Installment<0.5  \eq  1$ [ $NumSatisfactoryTrades<0.5  \eq  1$ [ $TradeFrequency<0.45  \eq  1$ [ $Utilization<0.6  \eq  1$ [ $ExternalRiskEstimate<0.65  \eq  1$ [ $class$ [ $1$ ] ] [ $class$ [ $0$ ] ] ] [ $RevolvingBalance<0.6  \eq  1$ [ $class$ [ $1$ ] ] [ $class$ [ $0$ ] ] ] ] [ $RevolvingBalance<0.4  \eq  1$ [ $Delinquency<0.75  \eq  1$ [ $class$ [ $1$ ] ] [ $class$ [ $0$ ] ] ] [ $ExternalRiskEstimate<0.49  \eq  1$ [ $class$ [ $1$ ] ] [ $class$ [ $0$ ] ] ] ] ] [ $Delinquency<0.55  \eq  1$ [ $ExternalRiskEstimate<0.49  \eq  1$ [ $TradeOpenTime<0.85  \eq  1$ [ $class$ [ $1$ ] ] [ $class$ [ $0$ ] ] ] [ $TradeOpenTime<0.6  \eq  1$ [ $class$ [ $1$ ] ] [ $class$ [ $0$ ] ] ] ] [ $Delinquency<0.75  \eq  1$ [ $TradeWBalance<0.33  \eq  1$ [ $class$ [ $1$ ] ] [ $class$ [ $0$ ] ] ] [ $class$ [ $0$ ] ] ] ] ] [ $ExternalRiskEstimate<0.49  \eq  1$ [ $TradeFrequency<0.6  \eq  1$ [ $Utilization<0.6  \eq  1$ [ $Delinquency<0.75  \eq  1$ [ $class$ [ $1$ ] ] [ $class$ [ $0$ ] ] ] [ $RevolvingBalance<0.4  \eq  1$ [ $class$ [ $1$ ] ] [ $class$ [ $0$ ] ] ] ] [ $TradeOpenTime<0.6  \eq  1$ [ $RevolvingBalance<0.6  \eq  1$ [ $class$ [ $1$ ] ] [ $class$ [ $0$ ] ] ] [ $NumSatisfactoryTrades<0.5  \eq  1$ [ $class$ [ $1$ ] ] [ $class$ [ $0$ ] ] ] ] ] [ $ExternalRiskEstimate<0.65  \eq  1$ [ $RevolvingBalance<0.4  \eq  1$ [ $TradeFrequency<0.45  \eq  1$ [ $class$ [ $1$ ] ] [ $class$ [ $0$ ] ] ] [ $TradeWBalance<0.33  \eq  1$ [ $class$ [ $1$ ] ] [ $class$ [ $0$ ] ] ] ] [ $TradeOpenTime<0.6  \eq  1$ [ $TradeWBalance<0.33  \eq  1$ [ $class$ [ $1$ ] ] [ $class$ [ $0$ ] ] ] [ $class$ [ $0$ ] ] ] ] ] ] ],
fico-binary,complete,1,10459,17,17,dl85,6,None,None,300,leviathan,1,2,8367,17,34,24.08314446,7,61,121,73.6703717,71.27151052,[ $Inquiry<0.75  \eq  1$ [ $RevolvingBalance<0.4  \eq  1$ [ $TradeWBalance<0.33  \eq  1$ [ $Utilization<0.6  \eq  1$ [ $TradeOpenTime<0.85  \eq  1$ [ $ExternalRiskEstimate<0.80  \eq  1$ [ $class$ [ $1$ ] ] [ $class$ [ $0$ ] ] ] [ $ExternalRiskEstimate<0.49  \eq  1$ [ $class$ [ $1$ ] ] [ $class$ [ $0$ ] ] ] ] [ $TradeOpenTime<0.6  \eq  1$ [ $Installment<0.5  \eq  1$ [ $class$ [ $0$ ] ] [ $class$ [ $1$ ] ] ] [ $TradeOpenTime<0.85  \eq  1$ [ $class$ [ $1$ ] ] [ $class$ [ $0$ ] ] ] ] ] [ $TradeOpenTime<0.6  \eq  1$ [ $Utilization<0.6  \eq  1$ [ $ExternalRiskEstimate<0.80  \eq  1$ [ $class$ [ $1$ ] ] [ $class$ [ $0$ ] ] ] [ $ExternalRiskEstimate<0.49  \eq  1$ [ $class$ [ $1$ ] ] [ $class$ [ $0$ ] ] ] ] [ $Installment<0.5  \eq  1$ [ $Delinquency<0.75  \eq  1$ [ $class$ [ $1$ ] ] [ $class$ [ $0$ ] ] ] [ $ExternalRiskEstimate<0.65  \eq  1$ [ $class$ [ $1$ ] ] [ $class$ [ $0$ ] ] ] ] ] ] [ $NumSatisfactoryTrades<0.5  \eq  1$ [ $TradeOpenTime<0.6  \eq  1$ [ $Utilization<0.6  \eq  1$ [ $ExternalRiskEstimate<0.80  \eq  1$ [ $class$ [ $1$ ] ] [ $class$ [ $0$ ] ] ] [ $Delinquency<0.55  \eq  1$ [ $class$ [ $1$ ] ] [ $class$ [ $0$ ] ] ] ] [ $TradeWBalance<0.33  \eq  1$ [ $Utilization<0.6  \eq  1$ [ $class$ [ $1$ ] ] [ $class$ [ $0$ ] ] ] [ $ExternalRiskEstimate<0.65  \eq  1$ [ $class$ [ $1$ ] ] [ $class$ [ $0$ ] ] ] ] ] [ $Delinquency<0.55  \eq  1$ [ $Utilization<0.6  \eq  1$ [ $ExternalRiskEstimate<0.65  \eq  1$ [ $class$ [ $1$ ] ] [ $class$ [ $0$ ] ] ] [ $TradeFrequency<0.45  \eq  1$ [ $class$ [ $1$ ] ] [ $class$ [ $0$ ] ] ] ] [ $RevolvingBalance<0.6  \eq  1$ [ $Delinquency<0.75  \eq  1$ [ $class$ [ $1$ ] ] [ $class$ [ $0$ ] ] ] [ $ExternalRiskEstimate<0.65  \eq  1$ [ $class$ [ $1$ ] ] [ $class$ [ $0$ ] ] ] ] ] ] ] [ $Delinquency<0.55  \eq  1$ [ $TradeOpenTime<0.6  \eq  1$ [ $ExternalRiskEstimate<0.65  \eq  1$ [ $RevolvingBalance<0.6  \eq  1$ [ $Utilization<0.6  \eq  1$ [ $class$ [ $1$ ] ] [ $class$ [ $0$ ] ] ] [ $Installment<0.5  \eq  1$ [ $class$ [ $1$ ] ] [ $class$ [ $0$ ] ] ] ] [ $RevolvingBalance<0.6  \eq  1$ [ $TradeFrequency<0.6  \eq  1$ [ $class$ [ $1$ ] ] [ $class$ [ $0$ ] ] ] [ $Utilization<0.6  \eq  1$ [ $class$ [ $1$ ] ] [ $class$ [ $0$ ] ] ] ] ] [ $NumSatisfactoryTrades<0.5  \eq  1$ [ $RevolvingBalance<0.6  \eq  1$ [ $ExternalRiskEstimate<0.65  \eq  1$ [ $class$ [ $1$ ] ] [ $class$ [ $0$ ] ] ] [ $ExternalRiskEstimate<0.49  \eq  1$ [ $class$ [ $1$ ] ] [ $class$ [ $0$ ] ] ] ] [ $ExternalRiskEstimate<0.49  \eq  1$ [ $TradeFrequency<0.6  \eq  1$ [ $class$ [ $1$ ] ] [ $class$ [ $0$ ] ] ] [ $class$ [ $0$ ] ] ] ] ] [ $Delinquency<0.75  \eq  1$ [ $NumSatisfactoryTrades<0.5  \eq  1$ [ $RevolvingBalance<0.4  \eq  1$ [ $ExternalRiskEstimate<0.80  \eq  1$ [ $class$ [ $1$ ] ] [ $class$ [ $0$ ] ] ] [ $ExternalRiskEstimate<0.49  \eq  1$ [ $class$ [ $1$ ] ] [ $class$ [ $0$ ] ] ] ] [ $Installment<0.5  \eq  1$ [ $TradeWBalance<0.33  \eq  1$ [ $class$ [ $1$ ] ] [ $class$ [ $0$ ] ] ] [ $ExternalRiskEstimate<0.49  \eq  1$ [ $class$ [ $1$ ] ] [ $class$ [ $0$ ] ] ] ] ] [ $TradeFrequency<0.45  \eq  1$ [ $RevolvingBalance<0.4  \eq  1$ [ $TradeWBalance<0.33  \eq  1$ [ $class$ [ $0$ ] ] [ $class$ [ $1$ ] ] ] [ $class$ [ $0$ ] ] ] [ $ExternalRiskEstimate<0.65  \eq  1$ [ $Installment<0.7  \eq  1$ [ $class$ [ $0$ ] ] [ $class$ [ $1$ ] ] ] [ $class$ [ $0$ ] ] ] ] ] ] ],
fico-binary,complete,1,10459,17,17,dl85,6,None,None,300,leviathan,1,3,8367,17,34,24.25787441,7,56,111,73.98111629,69.8374761,[ $TradeOpenTime<0.6  \eq  1$ [ $TradeFrequency<0.6  \eq  1$ [ $Inquiry<0.75  \eq  1$ [ $Delinquency<0.55  \eq  1$ [ $TradeFrequency<0.45  \eq  1$ [ $ExternalRiskEstimate<0.80  \eq  1$ [ $class$ [ $1$ ] ] [ $class$ [ $0$ ] ] ] [ $ExternalRiskEstimate<0.65  \eq  1$ [ $class$ [ $1$ ] ] [ $class$ [ $0$ ] ] ] ] [ $Delinquency<0.75  \eq  1$ [ $ExternalRiskEstimate<0.80  \eq  1$ [ $class$ [ $1$ ] ] [ $class$ [ $0$ ] ] ] [ $RevolvingBalance<0.4  \eq  1$ [ $class$ [ $1$ ] ] [ $class$ [ $0$ ] ] ] ] ] [ $Utilization<0.6  \eq  1$ [ $RevolvingBalance<0.6  \eq  1$ [ $Delinquency<0.75  \eq  1$ [ $class$ [ $1$ ] ] [ $class$ [ $0$ ] ] ] [ $ExternalRiskEstimate<0.49  \eq  1$ [ $class$ [ $1$ ] ] [ $class$ [ $0$ ] ] ] ] [ $TradeWBalance<0.33  \eq  1$ [ $TradeFrequency<0.45  \eq  1$ [ $class$ [ $1$ ] ] [ $class$ [ $0$ ] ] ] [ $RevolvingBalance<0.4  \eq  1$ [ $class$ [ $1$ ] ] [ $class$ [ $0$ ] ] ] ] ] ] [ $NumSatisfactoryTrades<0.5  \eq  1$ [ $Delinquency<0.55  \eq  1$ [ $ExternalRiskEstimate<0.49  \eq  1$ [ $Inquiry<0.75  \eq  1$ [ $class$ [ $1$ ] ] [ $class$ [ $0$ ] ] ] [ $ExternalRiskEstimate<0.65  \eq  1$ [ $class$ [ $1$ ] ] [ $class$ [ $0$ ] ] ] ] [ $RevolvingBalance<0.4  \eq  1$ [ $ExternalRiskEstimate<0.80  \eq  1$ [ $class$ [ $1$ ] ] [ $class$ [ $0$ ] ] ] [ $TradeWBalance<0.33  \eq  1$ [ $class$ [ $1$ ] ] [ $class$ [ $0$ ] ] ] ] ] [ $Inquiry<0.75  \eq  1$ [ $RevolvingBalance<0.6  \eq  1$ [ $Delinquency<0.75  \eq  1$ [ $class$ [ $1$ ] ] [ $class$ [ $0$ ] ] ] [ $ExternalRiskEstimate<0.65  \eq  1$ [ $class$ [ $1$ ] ] [ $class$ [ $0$ ] ] ] ] [ $RevolvingBalance<0.6  \eq  1$ [ $ExternalRiskEstimate<0.49  \eq  1$ [ $class$ [ $1$ ] ] [ $class$ [ $0$ ] ] ] [ $TradeWBalance<0.33  \eq  1$ [ $class$ [ $1$ ] ] [ $class$ [ $0$ ] ] ] ] ] ] ] [ $Inquiry<0.75  \eq  1$ [ $RevolvingBalance<0.6  \eq  1$ [ $ExternalRiskEstimate<0.65  \eq  1$ [ $class$ [ $1$ ] ] [ $RevolvingBalance<0.4  \eq  1$ [ $NumSatisfactoryTrades<0.5  \eq  1$ [ $class$ [ $1$ ] ] [ $class$ [ $0$ ] ] ] [ $class$ [ $0$ ] ] ] ] [ $NumSatisfactoryTrades<0.5  \eq  1$ [ $Utilization<0.6  \eq  1$ [ $ExternalRiskEstimate<0.80  \eq  1$ [ $class$ [ $1$ ] ] [ $class$ [ $0$ ] ] ] [ $ExternalRiskEstimate<0.65  \eq  1$ [ $class$ [ $1$ ] ] [ $class$ [ $0$ ] ] ] ] [ $ExternalRiskEstimate<0.49  \eq  1$ [ $class$ [ $1$ ] ] [ $TradeWBalance<0.33  \eq  1$ [ $class$ [ $1$ ] ] [ $class$ [ $0$ ] ] ] ] ] ] [ $ExternalRiskEstimate<0.49  \eq  1$ [ $RevolvingBalance<0.4  \eq  1$ [ $Utilization<0.6  \eq  1$ [ $TradeOpenTime<0.85  \eq  1$ [ $class$ [ $1$ ] ] [ $class$ [ $0$ ] ] ] [ $TradeFrequency<0.6  \eq  1$ [ $class$ [ $1$ ] ] [ $class$ [ $0$ ] ] ] ] [ $TradeOpenTime<0.85  \eq  1$ [ $Utilization<0.6  \eq  1$ [ $class$ [ $1$ ] ] [ $class$ [ $0$ ] ] ] [ $TradeWBalance<0.33  \eq  1$ [ $class$ [ $1$ ] ] [ $class$ [ $0$ ] ] ] ] ] [ $ExternalRiskEstimate<0.65  \eq  1$ [ $Delinquency<0.75  \eq  1$ [ $TradeWBalance<0.33  \eq  1$ [ $class$ [ $1$ ] ] [ $class$ [ $0$ ] ] ] [ $Installment<0.7  \eq  1$ [ $class$ [ $0$ ] ] [ $class$ [ $1$ ] ] ] ] [ $class$ [ $0$ ] ] ] ] ] ],
fico-binary,complete,1,10459,17,17,dl85,6,None,None,300,leviathan,1,4,8368,17,34,23.59990535,7,58,115,73.85277247,71.59253945,[ $NumSatisfactoryTrades<0.5  \eq  1$ [ $Inquiry<0.75  \eq  1$ [ $Utilization<0.6  \eq  1$ [ $TradeWBalance<0.33  \eq  1$ [ $TradeFrequency<0.6  \eq  1$ [ $Delinquency<0.75  \eq  1$ [ $class$ [ $1$ ] ] [ $class$ [ $0$ ] ] ] [ $class$ [ $1$ ] ] ] [ $TradeFrequency<0.6  \eq  1$ [ $ExternalRiskEstimate<0.80  \eq  1$ [ $class$ [ $1$ ] ] [ $class$ [ $0$ ] ] ] [ $ExternalRiskEstimate<0.65  \eq  1$ [ $class$ [ $1$ ] ] [ $class$ [ $0$ ] ] ] ] ] [ $Delinquency<0.55  \eq  1$ [ $TradeOpenTime<0.6  \eq  1$ [ $RevolvingBalance<0.4  \eq  1$ [ $class$ [ $0$ ] ] [ $class$ [ $1$ ] ] ] [ $RevolvingBalance<0.6  \eq  1$ [ $class$ [ $1$ ] ] [ $class$ [ $0$ ] ] ] ] [ $TradeFrequency<0.45  \eq  1$ [ $class$ [ $0$ ] ] [ $TradeWBalance<0.33  \eq  1$ [ $class$ [ $1$ ] ] [ $class$ [ $0$ ] ] ] ] ] ] [ $TradeFrequency<0.45  \eq  1$ [ $ExternalRiskEstimate<0.65  \eq  1$ [ $Installment<0.5  \eq  1$ [ $RevolvingBalance<0.6  \eq  1$ [ $class$ [ $1$ ] ] [ $class$ [ $0$ ] ] ] [ $Delinquency<0.75  \eq  1$ [ $class$ [ $1$ ] ] [ $class$ [ $0$ ] ] ] ] [ $TradeWBalance<0.33  \eq  1$ [ $Utilization<0.6  \eq  1$ [ $class$ [ $0$ ] ] [ $class$ [ $1$ ] ] ] [ $RevolvingBalance<0.4  \eq  1$ [ $class$ [ $1$ ] ] [ $class$ [ $0$ ] ] ] ] ] [ $RevolvingBalance<0.4  \eq  1$ [ $TradeOpenTime<0.85  \eq  1$ [ $Delinquency<0.75  \eq  1$ [ $class$ [ $1$ ] ] [ $class$ [ $0$ ] ] ] [ $class$ [ $0$ ] ] ] [ $TradeWBalance<0.33  \eq  1$ [ $ExternalRiskEstimate<0.65  \eq  1$ [ $class$ [ $1$ ] ] [ $class$ [ $0$ ] ] ] [ $ExternalRiskEstimate<0.49  \eq  1$ [ $class$ [ $1$ ] ] [ $class$ [ $0$ ] ] ] ] ] ] ] [ $Inquiry<0.75  \eq  1$ [ $RevolvingBalance<0.4  \eq  1$ [ $TradeWBalance<0.33  \eq  1$ [ $ExternalRiskEstimate<0.65  \eq  1$ [ $class$ [ $1$ ] ] [ $Installment<0.5  \eq  1$ [ $class$ [ $0$ ] ] [ $class$ [ $1$ ] ] ] ] [ $Delinquency<0.75  \eq  1$ [ $ExternalRiskEstimate<0.80  \eq  1$ [ $class$ [ $1$ ] ] [ $class$ [ $0$ ] ] ] [ $ExternalRiskEstimate<0.49  \eq  1$ [ $class$ [ $1$ ] ] [ $class$ [ $0$ ] ] ] ] ] [ $RevolvingBalance<0.6  \eq  1$ [ $Delinquency<0.55  \eq  1$ [ $ExternalRiskEstimate<0.65  \eq  1$ [ $class$ [ $1$ ] ] [ $class$ [ $0$ ] ] ] [ $Delinquency<0.75  \eq  1$ [ $class$ [ $1$ ] ] [ $class$ [ $0$ ] ] ] ] [ $TradeFrequency<0.45  \eq  1$ [ $Delinquency<0.75  \eq  1$ [ $class$ [ $1$ ] ] [ $class$ [ $0$ ] ] ] [ $ExternalRiskEstimate<0.49  \eq  1$ [ $class$ [ $1$ ] ] [ $class$ [ $0$ ] ] ] ] ] ] [ $ExternalRiskEstimate<0.49  \eq  1$ [ $TradeFrequency<0.6  \eq  1$ [ $Delinquency<0.55  \eq  1$ [ $TradeOpenTime<0.85  \eq  1$ [ $class$ [ $1$ ] ] [ $class$ [ $0$ ] ] ] [ $RevolvingBalance<0.4  \eq  1$ [ $class$ [ $1$ ] ] [ $class$ [ $0$ ] ] ] ] [ $RevolvingBalance<0.6  \eq  1$ [ $TradeOpenTime<0.6  \eq  1$ [ $class$ [ $1$ ] ] [ $class$ [ $0$ ] ] ] [ $Delinquency<0.55  \eq  1$ [ $class$ [ $0$ ] ] [ $class$ [ $1$ ] ] ] ] ] [ $Delinquency<0.55  \eq  1$ [ $TradeOpenTime<0.6  \eq  1$ [ $Utilization<0.6  \eq  1$ [ $class$ [ $1$ ] ] [ $class$ [ $0$ ] ] ] [ $class$ [ $0$ ] ] ] [ $Delinquency<0.75  \eq  1$ [ $TradeWBalance<0.33  \eq  1$ [ $class$ [ $1$ ] ] [ $class$ [ $0$ ] ] ] [ $class$ [ $0$ ] ] ] ] ] ] ],
fico-binary,complete,1,10459,17,17,dl85,7,None,None,300,leviathan,1,0,8367,17,34,77.07627024,8,112,223,75.98900442,64.5793499,[ $NumSatisfactoryTrades<0.5  \eq  1$ [ $RevolvingBalance<0.4  \eq  1$ [ $TradeWBalance<0.33  \eq  1$ [ $ExternalRiskEstimate<0.65  \eq  1$ [ $TradeOpenTime<0.85  \eq  1$ [ $Installment<0.5  \eq  1$ [ $Delinquency<0.75  \eq  1$ [ $class$ [ $1$ ] ] [ $class$ [ $0$ ] ] ] [ $class$ [ $1$ ] ] ] [ $class$ [ $0$ ] ] ] [ $Delinquency<0.75  \eq  1$ [ $Installment<0.5  \eq  1$ [ $TradeOpenTime<0.85  \eq  1$ [ $class$ [ $1$ ] ] [ $class$ [ $0$ ] ] ] [ $ExternalRiskEstimate<0.80  \eq  1$ [ $class$ [ $0$ ] ] [ $class$ [ $1$ ] ] ] ] [ $ExternalRiskEstimate<0.80  \eq  1$ [ $Inquiry<0.75  \eq  1$ [ $class$ [ $1$ ] ] [ $class$ [ $0$ ] ] ] [ $TradeFrequency<0.6  \eq  1$ [ $class$ [ $0$ ] ] [ $class$ [ $1$ ] ] ] ] ] ] [ $TradeFrequency<0.6  \eq  1$ [ $Delinquency<0.75  \eq  1$ [ $TradeOpenTime<0.85  \eq  1$ [ $ExternalRiskEstimate<0.80  \eq  1$ [ $class$ [ $1$ ] ] [ $class$ [ $0$ ] ] ] [ $Installment<0.5  \eq  1$ [ $class$ [ $1$ ] ] [ $class$ [ $0$ ] ] ] ] [ $TradeOpenTime<0.6  \eq  1$ [ $Installment<0.5  \eq  1$ [ $class$ [ $1$ ] ] [ $class$ [ $0$ ] ] ] [ $TradeFrequency<0.45  \eq  1$ [ $class$ [ $1$ ] ] [ $class$ [ $0$ ] ] ] ] ] [ $TradeOpenTime<0.6  \eq  1$ [ $ExternalRiskEstimate<0.65  \eq  1$ [ $Delinquency<0.75  \eq  1$ [ $class$ [ $1$ ] ] [ $class$ [ $0$ ] ] ] [ $class$ [ $0$ ] ] ] [ $ExternalRiskEstimate<0.49  \eq  1$ [ $class$ [ $1$ ] ] [ $Inquiry<0.75  \eq  1$ [ $class$ [ $1$ ] ] [ $class$ [ $0$ ] ] ] ] ] ] ] [ $Inquiry<0.75  \eq  1$ [ $ExternalRiskEstimate<0.65  \eq  1$ [ $ExternalRiskEstimate<0.49  \eq  1$ [ $TradeOpenTime<0.6  \eq  1$ [ $Utilization<0.6  \eq  1$ [ $class$ [ $1$ ] ] [ $class$ [ $0$ ] ] ] [ $Delinquency<0.55  \eq  1$ [ $class$ [ $1$ ] ] [ $class$ [ $0$ ] ] ] ] [ $Delinquency<0.55  \eq  1$ [ $class$ [ $1$ ] ] [ $TradeWBalance<0.33  \eq  1$ [ $class$ [ $0$ ] ] [ $class$ [ $1$ ] ] ] ] ] [ $RevolvingBalance<0.6  \eq  1$ [ $Utilization<0.6  \eq  1$ [ $TradeOpenTime<0.6  \eq  1$ [ $class$ [ $1$ ] ] [ $class$ [ $0$ ] ] ] [ $Delinquency<0.55  \eq  1$ [ $class$ [ $1$ ] ] [ $class$ [ $0$ ] ] ] ] [ $ExternalRiskEstimate<0.80  \eq  1$ [ $Utilization<0.6  \eq  1$ [ $class$ [ $1$ ] ] [ $class$ [ $0$ ] ] ] [ $TradeWBalance<0.33  \eq  1$ [ $class$ [ $1$ ] ] [ $class$ [ $0$ ] ] ] ] ] ] [ $TradeFrequency<0.45  \eq  1$ [ $Delinquency<0.55  \eq  1$ [ $Installment<0.5  \eq  1$ [ $ExternalRiskEstimate<0.80  \eq  1$ [ $class$ [ $1$ ] ] [ $class$ [ $0$ ] ] ] [ $Utilization<0.6  \eq  1$ [ $class$ [ $1$ ] ] [ $class$ [ $0$ ] ] ] ] [ $ExternalRiskEstimate<0.65  \eq  1$ [ $RevolvingBalance<0.6  \eq  1$ [ $class$ [ $1$ ] ] [ $class$ [ $0$ ] ] ] [ $class$ [ $0$ ] ] ] ] [ $ExternalRiskEstimate<0.49  \eq  1$ [ $Installment<0.5  \eq  1$ [ $Delinquency<0.55  \eq  1$ [ $class$ [ $1$ ] ] [ $class$ [ $0$ ] ] ] [ $Utilization<0.6  \eq  1$ [ $class$ [ $1$ ] ] [ $class$ [ $0$ ] ] ] ] [ $TradeOpenTime<0.6  \eq  1$ [ $TradeWBalance<0.33  \eq  1$ [ $class$ [ $1$ ] ] [ $class$ [ $0$ ] ] ] [ $class$ [ $0$ ] ] ] ] ] ] ] [ $Delinquency<0.55  \eq  1$ [ $Installment<0.5  \eq  1$ [ $Inquiry<0.75  \eq  1$ [ $Utilization<0.6  \eq  1$ [ $ExternalRiskEstimate<0.49  \eq  1$ [ $class$ [ $1$ ] ] [ $TradeFrequency<0.6  \eq  1$ [ $class$ [ $1$ ] ] [ $class$ [ $0$ ] ] ] ] [ $TradeOpenTime<0.6  \eq  1$ [ $TradeWBalance<0.33  \eq  1$ [ $class$ [ $0$ ] ] [ $class$ [ $1$ ] ] ] [ $RevolvingBalance<0.4  \eq  1$ [ $class$ [ $1$ ] ] [ $class$ [ $0$ ] ] ] ] ] [ $ExternalRiskEstimate<0.49  \eq  1$ [ $RevolvingBalance<0.6  \eq  1$ [ $TradeOpenTime<0.85  \eq  1$ [ $class$ [ $1$ ] ] [ $class$ [ $0$ ] ] ] [ $TradeFrequency<0.6  \eq  1$ [ $class$ [ $1$ ] ] [ $class$ [ $0$ ] ] ] ] [ $Utilization<0.6  \eq  1$ [ $TradeOpenTime<0.6  \eq  1$ [ $class$ [ $1$ ] ] [ $class$ [ $0$ ] ] ] [ $class$ [ $0$ ] ] ] ] ] [ $Inquiry<0.75  \eq  1$ [ $Utilization<0.6  \eq  1$ [ $ExternalRiskEstimate<0.49  \eq  1$ [ $class$ [ $1$ ] ] [ $RevolvingBalance<0.6  \eq  1$ [ $class$ [ $1$ ] ] [ $class$ [ $0$ ] ] ] ] [ $TradeOpenTime<0.85  \eq  1$ [ $ExternalRiskEstimate<0.80  \eq  1$ [ $class$ [ $1$ ] ] [ $class$ [ $0$ ] ] ] [ $Installment<0.7  \eq  1$ [ $class$ [ $1$ ] ] [ $class$ [ $0$ ] ] ] ] ] [ $TradeFrequency<0.6  \eq  1$ [ $ExternalRiskEstimate<0.49  \eq  1$ [ $RevolvingBalance<0.6  \eq  1$ [ $class$ [ $1$ ] ] [ $class$ [ $0$ ] ] ] [ $RevolvingBalance<0.4  \eq  1$ [ $class$ [ $1$ ] ] [ $class$ [ $0$ ] ] ] ] [ $TradeOpenTime<0.6  \eq  1$ [ $RevolvingBalance<0.4  \eq  1$ [ $class$ [ $1$ ] ] [ $class$ [ $0$ ] ] ] [ $class$ [ $0$ ] ] ] ] ] ] [ $Delinquency<0.75  \eq  1$ [ $Inquiry<0.75  \eq  1$ [ $ExternalRiskEstimate<0.65  \eq  1$ [ $TradeOpenTime<0.85  \eq  1$ [ $class$ [ $1$ ] ] [ $class$ [ $0$ ] ] ] [ $RevolvingBalance<0.6  \eq  1$ [ $Installment<0.5  \eq  1$ [ $class$ [ $1$ ] ] [ $class$ [ $0$ ] ] ] [ $TradeFrequency<0.45  \eq  1$ [ $class$ [ $1$ ] ] [ $class$ [ $0$ ] ] ] ] ] [ $TradeFrequency<0.6  \eq  1$ [ $TradeWBalance<0.33  \eq  1$ [ $RevolvingBalance<0.4  \eq  1$ [ $class$ [ $1$ ] ] [ $class$ [ $0$ ] ] ] [ $ExternalRiskEstimate<0.49  \eq  1$ [ $class$ [ $1$ ] ] [ $class$ [ $0$ ] ] ] ] [ $Utilization<0.6  \eq  1$ [ $TradeWBalance<0.33  \eq  1$ [ $class$ [ $1$ ] ] [ $class$ [ $0$ ] ] ] [ $ExternalRiskEstimate<0.65  \eq  1$ [ $class$ [ $1$ ] ] [ $class$ [ $0$ ] ] ] ] ] ] [ $TradeOpenTime<0.6  \eq  1$ [ $TradeFrequency<0.6  \eq  1$ [ $RevolvingBalance<0.4  \eq  1$ [ $Inquiry<0.75  \eq  1$ [ $class$ [ $1$ ] ] [ $class$ [ $0$ ] ] ] [ $ExternalRiskEstimate<0.65  \eq  1$ [ $class$ [ $1$ ] ] [ $class$ [ $0$ ] ] ] ] [ $TradeWBalance<0.33  \eq  1$ [ $Installment<0.5  \eq  1$ [ $class$ [ $0$ ] ] [ $class$ [ $1$ ] ] ] [ $ExternalRiskEstimate<0.49  \eq  1$ [ $class$ [ $1$ ] ] [ $class$ [ $0$ ] ] ] ] ] [ $Inquiry<0.75  \eq  1$ [ $TradeWBalance<0.33  \eq  1$ [ $RevolvingBalance<0.4  \eq  1$ [ $class$ [ $1$ ] ] [ $class$ [ $0$ ] ] ] [ $ExternalRiskEstimate<0.49  \eq  1$ [ $class$ [ $1$ ] ] [ $class$ [ $0$ ] ] ] ] [ $ExternalRiskEstimate<0.65  \eq  1$ [ $Installment<0.7  \eq  1$ [ $class$ [ $0$ ] ] [ $class$ [ $1$ ] ] ] [ $class$ [ $0$ ] ] ] ] ] ] ] ],
fico-binary,complete,1,10459,17,17,dl85,7,None,None,300,leviathan,1,1,8367,17,34,74.2638931,8,117,233,75.05677065,69.31166348,[ $Inquiry<0.75  \eq  1$ [ $RevolvingBalance<0.4  \eq  1$ [ $ExternalRiskEstimate<0.80  \eq  1$ [ $Utilization<0.6  \eq  1$ [ $TradeWBalance<0.33  \eq  1$ [ $ExternalRiskEstimate<0.65  \eq  1$ [ $Delinquency<0.75  \eq  1$ [ $class$ [ $1$ ] ] [ $class$ [ $0$ ] ] ] [ $TradeOpenTime<0.85  \eq  1$ [ $class$ [ $1$ ] ] [ $class$ [ $0$ ] ] ] ] [ $TradeFrequency<0.6  \eq  1$ [ $class$ [ $1$ ] ] [ $Delinquency<0.75  \eq  1$ [ $class$ [ $1$ ] ] [ $class$ [ $0$ ] ] ] ] ] [ $TradeFrequency<0.6  \eq  1$ [ $TradeWBalance<0.33  \eq  1$ [ $TradeOpenTime<0.6  \eq  1$ [ $class$ [ $0$ ] ] [ $class$ [ $1$ ] ] ] [ $ExternalRiskEstimate<0.49  \eq  1$ [ $class$ [ $1$ ] ] [ $class$ [ $0$ ] ] ] ] [ $TradeOpenTime<0.6  \eq  1$ [ $TradeWBalance<0.33  \eq  1$ [ $class$ [ $1$ ] ] [ $class$ [ $0$ ] ] ] [ $Delinquency<0.75  \eq  1$ [ $class$ [ $1$ ] ] [ $class$ [ $0$ ] ] ] ] ] ] [ $Installment<0.5  \eq  1$ [ $NumSatisfactoryTrades<0.5  \eq  1$ [ $TradeOpenTime<0.6  \eq  1$ [ $class$ [ $0$ ] ] [ $Delinquency<0.75  \eq  1$ [ $class$ [ $1$ ] ] [ $class$ [ $0$ ] ] ] ] [ $TradeFrequency<0.6  \eq  1$ [ $class$ [ $0$ ] ] [ $Delinquency<0.75  \eq  1$ [ $class$ [ $1$ ] ] [ $class$ [ $0$ ] ] ] ] ] [ $TradeOpenTime<0.6  \eq  1$ [ $Utilization<0.6  \eq  1$ [ $NumSatisfactoryTrades<0.5  \eq  1$ [ $class$ [ $0$ ] ] [ $class$ [ $1$ ] ] ] [ $TradeWBalance<0.33  \eq  1$ [ $class$ [ $1$ ] ] [ $class$ [ $0$ ] ] ] ] [ $TradeFrequency<0.6  \eq  1$ [ $Utilization<0.6  \eq  1$ [ $class$ [ $0$ ] ] [ $class$ [ $1$ ] ] ] [ $TradeOpenTime<0.85  \eq  1$ [ $class$ [ $1$ ] ] [ $class$ [ $0$ ] ] ] ] ] ] ] [ $Delinquency<0.55  \eq  1$ [ $Installment<0.5  \eq  1$ [ $TradeFrequency<0.6  \eq  1$ [ $Utilization<0.6  \eq  1$ [ $ExternalRiskEstimate<0.80  \eq  1$ [ $class$ [ $1$ ] ] [ $class$ [ $0$ ] ] ] [ $RevolvingBalance<0.6  \eq  1$ [ $class$ [ $1$ ] ] [ $class$ [ $0$ ] ] ] ] [ $Utilization<0.6  \eq  1$ [ $ExternalRiskEstimate<0.65  \eq  1$ [ $class$ [ $1$ ] ] [ $class$ [ $0$ ] ] ] [ $TradeOpenTime<0.85  \eq  1$ [ $class$ [ $1$ ] ] [ $class$ [ $0$ ] ] ] ] ] [ $Utilization<0.6  \eq  1$ [ $NumSatisfactoryTrades<0.5  \eq  1$ [ $class$ [ $1$ ] ] [ $ExternalRiskEstimate<0.49  \eq  1$ [ $class$ [ $1$ ] ] [ $class$ [ $0$ ] ] ] ] [ $TradeFrequency<0.6  \eq  1$ [ $ExternalRiskEstimate<0.80  \eq  1$ [ $class$ [ $1$ ] ] [ $class$ [ $0$ ] ] ] [ $ExternalRiskEstimate<0.49  \eq  1$ [ $class$ [ $1$ ] ] [ $class$ [ $0$ ] ] ] ] ] ] [ $NumSatisfactoryTrades<0.5  \eq  1$ [ $TradeFrequency<0.45  \eq  1$ [ $TradeWBalance<0.33  \eq  1$ [ $RevolvingBalance<0.6  \eq  1$ [ $class$ [ $1$ ] ] [ $class$ [ $0$ ] ] ] [ $ExternalRiskEstimate<0.80  \eq  1$ [ $class$ [ $1$ ] ] [ $class$ [ $0$ ] ] ] ] [ $ExternalRiskEstimate<0.65  \eq  1$ [ $Installment<0.5  \eq  1$ [ $class$ [ $0$ ] ] [ $class$ [ $1$ ] ] ] [ $TradeWBalance<0.33  \eq  1$ [ $class$ [ $1$ ] ] [ $class$ [ $0$ ] ] ] ] ] [ $TradeOpenTime<0.6  \eq  1$ [ $TradeWBalance<0.33  \eq  1$ [ $Utilization<0.6  \eq  1$ [ $class$ [ $1$ ] ] [ $class$ [ $0$ ] ] ] [ $ExternalRiskEstimate<0.65  \eq  1$ [ $class$ [ $1$ ] ] [ $class$ [ $0$ ] ] ] ] [ $RevolvingBalance<0.6  \eq  1$ [ $Delinquency<0.75  \eq  1$ [ $class$ [ $1$ ] ] [ $class$ [ $0$ ] ] ] [ $ExternalRiskEstimate<0.49  \eq  1$ [ $class$ [ $1$ ] ] [ $class$ [ $0$ ] ] ] ] ] ] ] ] [ $TradeOpenTime<0.6  \eq  1$ [ $RevolvingBalance<0.6  \eq  1$ [ $ExternalRiskEstimate<0.49  \eq  1$ [ $RevolvingBalance<0.4  \eq  1$ [ $Utilization<0.6  \eq  1$ [ $Delinquency<0.75  \eq  1$ [ $class$ [ $1$ ] ] [ $class$ [ $0$ ] ] ] [ $TradeWBalance<0.33  \eq  1$ [ $class$ [ $0$ ] ] [ $class$ [ $1$ ] ] ] ] [ $TradeWBalance<0.33  \eq  1$ [ $Installment<0.5  \eq  1$ [ $class$ [ $1$ ] ] [ $class$ [ $0$ ] ] ] [ $Delinquency<0.75  \eq  1$ [ $class$ [ $1$ ] ] [ $class$ [ $0$ ] ] ] ] ] [ $RevolvingBalance<0.4  \eq  1$ [ $TradeWBalance<0.33  \eq  1$ [ $Delinquency<0.75  \eq  1$ [ $class$ [ $1$ ] ] [ $class$ [ $0$ ] ] ] [ $NumSatisfactoryTrades<0.5  \eq  1$ [ $class$ [ $1$ ] ] [ $class$ [ $0$ ] ] ] ] [ $ExternalRiskEstimate<0.65  \eq  1$ [ $TradeFrequency<0.6  \eq  1$ [ $class$ [ $1$ ] ] [ $class$ [ $0$ ] ] ] [ $Delinquency<0.55  \eq  1$ [ $class$ [ $1$ ] ] [ $class$ [ $0$ ] ] ] ] ] ] [ $TradeFrequency<0.6  \eq  1$ [ $Delinquency<0.75  \eq  1$ [ $Utilization<0.6  \eq  1$ [ $ExternalRiskEstimate<0.49  \eq  1$ [ $class$ [ $1$ ] ] [ $class$ [ $0$ ] ] ] [ $TradeWBalance<0.33  \eq  1$ [ $class$ [ $1$ ] ] [ $class$ [ $0$ ] ] ] ] [ $ExternalRiskEstimate<0.65  \eq  1$ [ $Installment<0.5  \eq  1$ [ $class$ [ $0$ ] ] [ $class$ [ $1$ ] ] ] [ $class$ [ $0$ ] ] ] ] [ $NumSatisfactoryTrades<0.5  \eq  1$ [ $Installment<0.5  \eq  1$ [ $Delinquency<0.55  \eq  1$ [ $class$ [ $1$ ] ] [ $class$ [ $0$ ] ] ] [ $ExternalRiskEstimate<0.80  \eq  1$ [ $class$ [ $1$ ] ] [ $class$ [ $0$ ] ] ] ] [ $TradeWBalance<0.33  \eq  1$ [ $class$ [ $1$ ] ] [ $class$ [ $0$ ] ] ] ] ] ] [ $Delinquency<0.55  \eq  1$ [ $ExternalRiskEstimate<0.49  \eq  1$ [ $Installment<0.5  \eq  1$ [ $NumSatisfactoryTrades<0.5  \eq  1$ [ $RevolvingBalance<0.6  \eq  1$ [ $class$ [ $1$ ] ] [ $class$ [ $0$ ] ] ] [ $TradeOpenTime<0.85  \eq  1$ [ $class$ [ $1$ ] ] [ $class$ [ $0$ ] ] ] ] [ $TradeFrequency<0.6  \eq  1$ [ $TradeOpenTime<0.85  \eq  1$ [ $class$ [ $1$ ] ] [ $class$ [ $0$ ] ] ] [ $NumSatisfactoryTrades<0.5  \eq  1$ [ $class$ [ $1$ ] ] [ $class$ [ $0$ ] ] ] ] ] [ $TradeFrequency<0.45  \eq  1$ [ $Installment<0.5  \eq  1$ [ $ExternalRiskEstimate<0.80  \eq  1$ [ $class$ [ $1$ ] ] [ $class$ [ $0$ ] ] ] [ $RevolvingBalance<0.6  \eq  1$ [ $class$ [ $1$ ] ] [ $class$ [ $0$ ] ] ] ] [ $NumSatisfactoryTrades<0.5  \eq  1$ [ $RevolvingBalance<0.4  \eq  1$ [ $class$ [ $1$ ] ] [ $class$ [ $0$ ] ] ] [ $class$ [ $0$ ] ] ] ] ] [ $TradeWBalance<0.33  \eq  1$ [ $Delinquency<0.75  \eq  1$ [ $ExternalRiskEstimate<0.65  \eq  1$ [ $TradeOpenTime<0.85  \eq  1$ [ $class$ [ $1$ ] ] [ $class$ [ $0$ ] ] ] [ $class$ [ $0$ ] ] ] [ $ExternalRiskEstimate<0.49  \eq  1$ [ $TradeFrequency<0.6  \eq  1$ [ $class$ [ $1$ ] ] [ $class$ [ $0$ ] ] ] [ $class$ [ $0$ ] ] ] ] [ $ExternalRiskEstimate<0.49  \eq  1$ [ $NumSatisfactoryTrades<0.5  \eq  1$ [ $RevolvingBalance<0.6  \eq  1$ [ $class$ [ $1$ ] ] [ $class$ [ $0$ ] ] ] [ $TradeOpenTime<0.85  \eq  1$ [ $class$ [ $0$ ] ] [ $class$ [ $1$ ] ] ] ] [ $TradeFrequency<0.45  \eq  1$ [ $RevolvingBalance<0.4  \eq  1$ [ $class$ [ $1$ ] ] [ $class$ [ $0$ ] ] ] [ $class$ [ $0$ ] ] ] ] ] ] ] ],
fico-binary,complete,1,10459,17,17,dl85,7,None,None,300,leviathan,1,2,8367,17,34,75.96599087,8,114,227,74.68626748,71.70172084,[ $NumSatisfactoryTrades<0.5  \eq  1$ [ $Inquiry<0.75  \eq  1$ [ $RevolvingBalance<0.6  \eq  1$ [ $TradeWBalance<0.33  \eq  1$ [ $ExternalRiskEstimate<0.80  \eq  1$ [ $ExternalRiskEstimate<0.65  \eq  1$ [ $Delinquency<0.75  \eq  1$ [ $class$ [ $1$ ] ] [ $class$ [ $0$ ] ] ] [ $class$ [ $1$ ] ] ] [ $Delinquency<0.75  \eq  1$ [ $Utilization<0.6  \eq  1$ [ $class$ [ $1$ ] ] [ $class$ [ $0$ ] ] ] [ $class$ [ $0$ ] ] ] ] [ $TradeOpenTime<0.6  \eq  1$ [ $TradeFrequency<0.45  \eq  1$ [ $ExternalRiskEstimate<0.80  \eq  1$ [ $class$ [ $1$ ] ] [ $class$ [ $0$ ] ] ] [ $Utilization<0.6  \eq  1$ [ $class$ [ $1$ ] ] [ $class$ [ $0$ ] ] ] ] [ $RevolvingBalance<0.4  \eq  1$ [ $Delinquency<0.75  \eq  1$ [ $class$ [ $1$ ] ] [ $class$ [ $0$ ] ] ] [ $ExternalRiskEstimate<0.65  \eq  1$ [ $class$ [ $1$ ] ] [ $class$ [ $0$ ] ] ] ] ] ] [ $TradeOpenTime<0.6  \eq  1$ [ $TradeFrequency<0.45  \eq  1$ [ $Installment<0.5  \eq  1$ [ $ExternalRiskEstimate<0.80  \eq  1$ [ $class$ [ $1$ ] ] [ $class$ [ $0$ ] ] ] [ $Delinquency<0.55  \eq  1$ [ $class$ [ $1$ ] ] [ $class$ [ $0$ ] ] ] ] [ $ExternalRiskEstimate<0.80  \eq  1$ [ $TradeFrequency<0.6  \eq  1$ [ $class$ [ $1$ ] ] [ $class$ [ $0$ ] ] ] [ $TradeWBalance<0.33  \eq  1$ [ $class$ [ $1$ ] ] [ $class$ [ $0$ ] ] ] ] ] [ $Installment<0.5  \eq  1$ [ $Delinquency<0.55  \eq  1$ [ $Utilization<0.6  \eq  1$ [ $class$ [ $1$ ] ] [ $class$ [ $0$ ] ] ] [ $class$ [ $0$ ] ] ] [ $TradeOpenTime<0.85  \eq  1$ [ $ExternalRiskEstimate<0.80  \eq  1$ [ $class$ [ $1$ ] ] [ $class$ [ $0$ ] ] ] [ $Delinquency<0.55  \eq  1$ [ $class$ [ $1$ ] ] [ $class$ [ $0$ ] ] ] ] ] ] ] [ $Delinquency<0.55  \eq  1$ [ $ExternalRiskEstimate<0.65  \eq  1$ [ $TradeFrequency<0.45  \eq  1$ [ $TradeWBalance<0.33  \eq  1$ [ $RevolvingBalance<0.6  \eq  1$ [ $class$ [ $1$ ] ] [ $class$ [ $0$ ] ] ] [ $Utilization<0.6  \eq  1$ [ $class$ [ $1$ ] ] [ $class$ [ $0$ ] ] ] ] [ $RevolvingBalance<0.6  \eq  1$ [ $Utilization<0.6  \eq  1$ [ $class$ [ $1$ ] ] [ $class$ [ $0$ ] ] ] [ $ExternalRiskEstimate<0.49  \eq  1$ [ $class$ [ $1$ ] ] [ $class$ [ $0$ ] ] ] ] ] [ $TradeOpenTime<0.6  \eq  1$ [ $RevolvingBalance<0.6  \eq  1$ [ $TradeFrequency<0.6  \eq  1$ [ $class$ [ $1$ ] ] [ $class$ [ $0$ ] ] ] [ $Utilization<0.6  \eq  1$ [ $class$ [ $1$ ] ] [ $class$ [ $0$ ] ] ] ] [ $Installment<0.5  \eq  1$ [ $class$ [ $0$ ] ] [ $RevolvingBalance<0.4  \eq  1$ [ $class$ [ $1$ ] ] [ $class$ [ $0$ ] ] ] ] ] ] [ $TradeFrequency<0.45  \eq  1$ [ $TradeWBalance<0.33  \eq  1$ [ $ExternalRiskEstimate<0.49  \eq  1$ [ $Delinquency<0.75  \eq  1$ [ $class$ [ $1$ ] ] [ $class$ [ $0$ ] ] ] [ $class$ [ $0$ ] ] ] [ $ExternalRiskEstimate<0.80  \eq  1$ [ $RevolvingBalance<0.6  \eq  1$ [ $class$ [ $1$ ] ] [ $class$ [ $0$ ] ] ] [ $class$ [ $0$ ] ] ] ] [ $ExternalRiskEstimate<0.80  \eq  1$ [ $RevolvingBalance<0.4  \eq  1$ [ $Delinquency<0.75  \eq  1$ [ $class$ [ $1$ ] ] [ $class$ [ $0$ ] ] ] [ $ExternalRiskEstimate<0.49  \eq  1$ [ $class$ [ $1$ ] ] [ $class$ [ $0$ ] ] ] ] [ $RevolvingBalance<0.4  \eq  1$ [ $TradeWBalance<0.33  \eq  1$ [ $class$ [ $1$ ] ] [ $class$ [ $0$ ] ] ] [ $class$ [ $0$ ] ] ] ] ] ] ] [ $Delinquency<0.55  \eq  1$ [ $ExternalRiskEstimate<0.49  \eq  1$ [ $RevolvingBalance<0.6  \eq  1$ [ $Utilization<0.6  \eq  1$ [ $Inquiry<0.75  \eq  1$ [ $class$ [ $1$ ] ] [ $TradeOpenTime<0.85  \eq  1$ [ $class$ [ $1$ ] ] [ $class$ [ $0$ ] ] ] ] [ $TradeOpenTime<0.6  \eq  1$ [ $TradeFrequency<0.6  \eq  1$ [ $class$ [ $0$ ] ] [ $class$ [ $1$ ] ] ] [ $TradeFrequency<0.6  \eq  1$ [ $class$ [ $1$ ] ] [ $class$ [ $0$ ] ] ] ] ] [ $TradeFrequency<0.6  \eq  1$ [ $Installment<0.5  \eq  1$ [ $TradeOpenTime<0.85  \eq  1$ [ $class$ [ $1$ ] ] [ $class$ [ $0$ ] ] ] [ $Inquiry<0.75  \eq  1$ [ $class$ [ $1$ ] ] [ $class$ [ $0$ ] ] ] ] [ $Inquiry<0.75  \eq  1$ [ $Installment<0.7  \eq  1$ [ $class$ [ $1$ ] ] [ $class$ [ $0$ ] ] ] [ $TradeWBalance<0.33  \eq  1$ [ $class$ [ $1$ ] ] [ $class$ [ $0$ ] ] ] ] ] ] [ $Installment<0.5  \eq  1$ [ $RevolvingBalance<0.4  \eq  1$ [ $TradeFrequency<0.45  \eq  1$ [ $class$ [ $0$ ] ] [ $TradeFrequency<0.6  \eq  1$ [ $class$ [ $1$ ] ] [ $class$ [ $0$ ] ] ] ] [ $ExternalRiskEstimate<0.65  \eq  1$ [ $TradeOpenTime<0.6  \eq  1$ [ $class$ [ $1$ ] ] [ $class$ [ $0$ ] ] ] [ $class$ [ $0$ ] ] ] ] [ $TradeFrequency<0.6  \eq  1$ [ $Inquiry<0.75  \eq  1$ [ $Utilization<0.6  \eq  1$ [ $class$ [ $0$ ] ] [ $class$ [ $1$ ] ] ] [ $RevolvingBalance<0.4  \eq  1$ [ $class$ [ $1$ ] ] [ $class$ [ $0$ ] ] ] ] [ $ExternalRiskEstimate<0.65  \eq  1$ [ $Inquiry<0.75  \eq  1$ [ $class$ [ $1$ ] ] [ $class$ [ $0$ ] ] ] [ $class$ [ $0$ ] ] ] ] ] ] [ $Inquiry<0.75  \eq  1$ [ $RevolvingBalance<0.4  \eq  1$ [ $TradeOpenTime<0.6  \eq  1$ [ $ExternalRiskEstimate<0.80  \eq  1$ [ $Utilization<0.6  \eq  1$ [ $class$ [ $1$ ] ] [ $class$ [ $0$ ] ] ] [ $Installment<0.5  \eq  1$ [ $class$ [ $0$ ] ] [ $class$ [ $1$ ] ] ] ] [ $TradeWBalance<0.33  \eq  1$ [ $TradeFrequency<0.45  \eq  1$ [ $class$ [ $0$ ] ] [ $class$ [ $1$ ] ] ] [ $ExternalRiskEstimate<0.49  \eq  1$ [ $class$ [ $1$ ] ] [ $class$ [ $0$ ] ] ] ] ] [ $ExternalRiskEstimate<0.65  \eq  1$ [ $Delinquency<0.75  \eq  1$ [ $TradeOpenTime<0.85  \eq  1$ [ $class$ [ $1$ ] ] [ $class$ [ $0$ ] ] ] [ $ExternalRiskEstimate<0.49  \eq  1$ [ $class$ [ $1$ ] ] [ $class$ [ $0$ ] ] ] ] [ $Delinquency<0.75  \eq  1$ [ $RevolvingBalance<0.6  \eq  1$ [ $class$ [ $1$ ] ] [ $class$ [ $0$ ] ] ] [ $Installment<0.7  \eq  1$ [ $class$ [ $0$ ] ] [ $class$ [ $1$ ] ] ] ] ] ] [ $ExternalRiskEstimate<0.49  \eq  1$ [ $Installment<0.5  \eq  1$ [ $TradeWBalance<0.33  \eq  1$ [ $TradeFrequency<0.6  \eq  1$ [ $class$ [ $1$ ] ] [ $class$ [ $0$ ] ] ] [ $TradeFrequency<0.45  \eq  1$ [ $class$ [ $1$ ] ] [ $class$ [ $0$ ] ] ] ] [ $TradeFrequency<0.45  \eq  1$ [ $class$ [ $0$ ] ] [ $Utilization<0.6  \eq  1$ [ $class$ [ $1$ ] ] [ $class$ [ $0$ ] ] ] ] ] [ $Utilization<0.6  \eq  1$ [ $TradeWBalance<0.33  \eq  1$ [ $Delinquency<0.75  \eq  1$ [ $class$ [ $1$ ] ] [ $class$ [ $0$ ] ] ] [ $class$ [ $0$ ] ] ] [ $ExternalRiskEstimate<0.65  \eq  1$ [ $Installment<0.5  \eq  1$ [ $class$ [ $1$ ] ] [ $class$ [ $0$ ] ] ] [ $class$ [ $0$ ] ] ] ] ] ] ] ],
fico-binary,complete,1,10459,17,17,dl85,7,None,None,300,leviathan,1,3,8367,17,34,75.54201207,8,118,235,74.96115693,70.45889101,[ $NumSatisfactoryTrades<0.5  \eq  1$ [ $TradeOpenTime<0.6  \eq  1$ [ $ExternalRiskEstimate<0.65  \eq  1$ [ $TradeFrequency<0.45  \eq  1$ [ $ExternalRiskEstimate<0.49  \eq  1$ [ $RevolvingBalance<0.4  \eq  1$ [ $class$ [ $1$ ] ] [ $Utilization<0.6  \eq  1$ [ $class$ [ $1$ ] ] [ $class$ [ $0$ ] ] ] ] [ $Inquiry<0.75  \eq  1$ [ $Delinquency<0.75  \eq  1$ [ $class$ [ $1$ ] ] [ $class$ [ $0$ ] ] ] [ $RevolvingBalance<0.6  \eq  1$ [ $class$ [ $1$ ] ] [ $class$ [ $0$ ] ] ] ] ] [ $TradeFrequency<0.6  \eq  1$ [ $Utilization<0.6  \eq  1$ [ $Delinquency<0.75  \eq  1$ [ $class$ [ $1$ ] ] [ $class$ [ $0$ ] ] ] [ $Inquiry<0.75  \eq  1$ [ $class$ [ $1$ ] ] [ $class$ [ $0$ ] ] ] ] [ $RevolvingBalance<0.4  \eq  1$ [ $Delinquency<0.75  \eq  1$ [ $class$ [ $1$ ] ] [ $class$ [ $0$ ] ] ] [ $Delinquency<0.55  \eq  1$ [ $class$ [ $1$ ] ] [ $class$ [ $0$ ] ] ] ] ] ] [ $Inquiry<0.75  \eq  1$ [ $Utilization<0.6  \eq  1$ [ $TradeWBalance<0.33  \eq  1$ [ $RevolvingBalance<0.6  \eq  1$ [ $class$ [ $1$ ] ] [ $class$ [ $0$ ] ] ] [ $TradeFrequency<0.6  \eq  1$ [ $class$ [ $1$ ] ] [ $class$ [ $0$ ] ] ] ] [ $ExternalRiskEstimate<0.80  \eq  1$ [ $TradeFrequency<0.45  \eq  1$ [ $class$ [ $1$ ] ] [ $class$ [ $0$ ] ] ] [ $RevolvingBalance<0.6  \eq  1$ [ $class$ [ $1$ ] ] [ $class$ [ $0$ ] ] ] ] ] [ $Delinquency<0.55  \eq  1$ [ $RevolvingBalance<0.4  \eq  1$ [ $class$ [ $0$ ] ] [ $TradeWBalance<0.33  \eq  1$ [ $class$ [ $1$ ] ] [ $class$ [ $0$ ] ] ] ] [ $Delinquency<0.75  \eq  1$ [ $RevolvingBalance<0.4  \eq  1$ [ $class$ [ $1$ ] ] [ $class$ [ $0$ ] ] ] [ $class$ [ $0$ ] ] ] ] ] ] [ $Inquiry<0.75  \eq  1$ [ $RevolvingBalance<0.6  \eq  1$ [ $TradeWBalance<0.33  \eq  1$ [ $ExternalRiskEstimate<0.80  \eq  1$ [ $class$ [ $1$ ] ] [ $Installment<0.5  \eq  1$ [ $class$ [ $0$ ] ] [ $class$ [ $1$ ] ] ] ] [ $ExternalRiskEstimate<0.65  \eq  1$ [ $class$ [ $1$ ] ] [ $RevolvingBalance<0.4  \eq  1$ [ $class$ [ $1$ ] ] [ $class$ [ $0$ ] ] ] ] ] [ $Installment<0.5  \eq  1$ [ $Utilization<0.6  \eq  1$ [ $ExternalRiskEstimate<0.80  \eq  1$ [ $class$ [ $1$ ] ] [ $class$ [ $0$ ] ] ] [ $TradeWBalance<0.33  \eq  1$ [ $class$ [ $1$ ] ] [ $class$ [ $0$ ] ] ] ] [ $Delinquency<0.55  \eq  1$ [ $ExternalRiskEstimate<0.65  \eq  1$ [ $class$ [ $1$ ] ] [ $class$ [ $0$ ] ] ] [ $ExternalRiskEstimate<0.80  \eq  1$ [ $class$ [ $1$ ] ] [ $class$ [ $0$ ] ] ] ] ] ] [ $TradeFrequency<0.45  \eq  1$ [ $Delinquency<0.55  \eq  1$ [ $TradeWBalance<0.33  \eq  1$ [ $ExternalRiskEstimate<0.65  \eq  1$ [ $class$ [ $1$ ] ] [ $class$ [ $0$ ] ] ] [ $ExternalRiskEstimate<0.80  \eq  1$ [ $class$ [ $1$ ] ] [ $class$ [ $0$ ] ] ] ] [ $Utilization<0.6  \eq  1$ [ $ExternalRiskEstimate<0.49  \eq  1$ [ $class$ [ $1$ ] ] [ $class$ [ $0$ ] ] ] [ $RevolvingBalance<0.4  \eq  1$ [ $class$ [ $1$ ] ] [ $class$ [ $0$ ] ] ] ] ] [ $TradeWBalance<0.33  \eq  1$ [ $TradeOpenTime<0.85  \eq  1$ [ $RevolvingBalance<0.6  \eq  1$ [ $class$ [ $1$ ] ] [ $class$ [ $0$ ] ] ] [ $class$ [ $0$ ] ] ] [ $Utilization<0.6  \eq  1$ [ $ExternalRiskEstimate<0.49  \eq  1$ [ $class$ [ $1$ ] ] [ $class$ [ $0$ ] ] ] [ $RevolvingBalance<0.4  \eq  1$ [ $class$ [ $1$ ] ] [ $class$ [ $0$ ] ] ] ] ] ] ] ] [ $Delinquency<0.55  \eq  1$ [ $Inquiry<0.75  \eq  1$ [ $Utilization<0.6  \eq  1$ [ $RevolvingBalance<0.4  \eq  1$ [ $ExternalRiskEstimate<0.49  \eq  1$ [ $class$ [ $1$ ] ] [ $TradeFrequency<0.45  \eq  1$ [ $class$ [ $0$ ] ] [ $class$ [ $1$ ] ] ] ] [ $RevolvingBalance<0.6  \eq  1$ [ $ExternalRiskEstimate<0.65  \eq  1$ [ $class$ [ $1$ ] ] [ $class$ [ $0$ ] ] ] [ $ExternalRiskEstimate<0.49  \eq  1$ [ $class$ [ $1$ ] ] [ $class$ [ $0$ ] ] ] ] ] [ $TradeOpenTime<0.85  \eq  1$ [ $TradeWBalance<0.33  \eq  1$ [ $TradeOpenTime<0.6  \eq  1$ [ $class$ [ $0$ ] ] [ $class$ [ $1$ ] ] ] [ $ExternalRiskEstimate<0.80  \eq  1$ [ $class$ [ $1$ ] ] [ $class$ [ $0$ ] ] ] ] [ $Installment<0.5  \eq  1$ [ $TradeWBalance<0.33  \eq  1$ [ $class$ [ $1$ ] ] [ $class$ [ $0$ ] ] ] [ $Installment<0.7  \eq  1$ [ $class$ [ $1$ ] ] [ $class$ [ $0$ ] ] ] ] ] ] [ $ExternalRiskEstimate<0.49  \eq  1$ [ $RevolvingBalance<0.4  \eq  1$ [ $Utilization<0.6  \eq  1$ [ $TradeOpenTime<0.85  \eq  1$ [ $class$ [ $1$ ] ] [ $class$ [ $0$ ] ] ] [ $TradeFrequency<0.6  \eq  1$ [ $class$ [ $1$ ] ] [ $class$ [ $0$ ] ] ] ] [ $TradeWBalance<0.33  \eq  1$ [ $Installment<0.5  \eq  1$ [ $class$ [ $1$ ] ] [ $class$ [ $0$ ] ] ] [ $TradeFrequency<0.6  \eq  1$ [ $class$ [ $1$ ] ] [ $class$ [ $0$ ] ] ] ] ] [ $TradeOpenTime<0.6  \eq  1$ [ $Installment<0.5  \eq  1$ [ $Utilization<0.6  \eq  1$ [ $class$ [ $1$ ] ] [ $class$ [ $0$ ] ] ] [ $ExternalRiskEstimate<0.80  \eq  1$ [ $class$ [ $0$ ] ] [ $class$ [ $1$ ] ] ] ] [ $Installment<0.5  \eq  1$ [ $class$ [ $0$ ] ] [ $TradeWBalance<0.33  \eq  1$ [ $class$ [ $1$ ] ] [ $class$ [ $0$ ] ] ] ] ] ] ] [ $Delinquency<0.75  \eq  1$ [ $Inquiry<0.75  \eq  1$ [ $TradeFrequency<0.6  \eq  1$ [ $Utilization<0.6  \eq  1$ [ $ExternalRiskEstimate<0.80  \eq  1$ [ $class$ [ $1$ ] ] [ $class$ [ $0$ ] ] ] [ $ExternalRiskEstimate<0.65  \eq  1$ [ $class$ [ $1$ ] ] [ $class$ [ $0$ ] ] ] ] [ $ExternalRiskEstimate<0.80  \eq  1$ [ $RevolvingBalance<0.6  \eq  1$ [ $class$ [ $1$ ] ] [ $class$ [ $0$ ] ] ] [ $TradeWBalance<0.33  \eq  1$ [ $class$ [ $1$ ] ] [ $class$ [ $0$ ] ] ] ] ] [ $ExternalRiskEstimate<0.49  \eq  1$ [ $RevolvingBalance<0.4  \eq  1$ [ $TradeFrequency<0.6  \eq  1$ [ $class$ [ $1$ ] ] [ $class$ [ $0$ ] ] ] [ $TradeFrequency<0.45  \eq  1$ [ $class$ [ $0$ ] ] [ $class$ [ $1$ ] ] ] ] [ $RevolvingBalance<0.6  \eq  1$ [ $TradeWBalance<0.33  \eq  1$ [ $class$ [ $1$ ] ] [ $class$ [ $0$ ] ] ] [ $class$ [ $0$ ] ] ] ] ] [ $TradeOpenTime<0.6  \eq  1$ [ $TradeFrequency<0.6  \eq  1$ [ $RevolvingBalance<0.4  \eq  1$ [ $Inquiry<0.75  \eq  1$ [ $class$ [ $1$ ] ] [ $class$ [ $0$ ] ] ] [ $ExternalRiskEstimate<0.65  \eq  1$ [ $class$ [ $1$ ] ] [ $class$ [ $0$ ] ] ] ] [ $TradeWBalance<0.33  \eq  1$ [ $Installment<0.5  \eq  1$ [ $class$ [ $0$ ] ] [ $class$ [ $1$ ] ] ] [ $ExternalRiskEstimate<0.49  \eq  1$ [ $class$ [ $1$ ] ] [ $class$ [ $0$ ] ] ] ] ] [ $Inquiry<0.75  \eq  1$ [ $TradeWBalance<0.33  \eq  1$ [ $ExternalRiskEstimate<0.80  \eq  1$ [ $class$ [ $1$ ] ] [ $class$ [ $0$ ] ] ] [ $ExternalRiskEstimate<0.49  \eq  1$ [ $class$ [ $1$ ] ] [ $class$ [ $0$ ] ] ] ] [ $ExternalRiskEstimate<0.65  \eq  1$ [ $Installment<0.7  \eq  1$ [ $class$ [ $0$ ] ] [ $class$ [ $1$ ] ] ] [ $class$ [ $0$ ] ] ] ] ] ] ] ],
fico-binary,complete,1,10459,17,17,dl85,7,None,None,300,leviathan,1,4,8368,17,34,74.27554655,8,116,231,74.80879541,71.54471545,[ $NumSatisfactoryTrades<0.5  \eq  1$ [ $Installment<0.5  \eq  1$ [ $Inquiry<0.75  \eq  1$ [ $Utilization<0.6  \eq  1$ [ $TradeWBalance<0.33  \eq  1$ [ $TradeFrequency<0.6  \eq  1$ [ $Delinquency<0.75  \eq  1$ [ $class$ [ $1$ ] ] [ $class$ [ $0$ ] ] ] [ $class$ [ $1$ ] ] ] [ $TradeFrequency<0.6  \eq  1$ [ $TradeOpenTime<0.85  \eq  1$ [ $class$ [ $1$ ] ] [ $class$ [ $0$ ] ] ] [ $ExternalRiskEstimate<0.65  \eq  1$ [ $class$ [ $1$ ] ] [ $class$ [ $0$ ] ] ] ] ] [ $ExternalRiskEstimate<0.65  \eq  1$ [ $ExternalRiskEstimate<0.49  \eq  1$ [ $RevolvingBalance<0.6  \eq  1$ [ $class$ [ $1$ ] ] [ $class$ [ $0$ ] ] ] [ $RevolvingBalance<0.4  \eq  1$ [ $class$ [ $0$ ] ] [ $class$ [ $1$ ] ] ] ] [ $RevolvingBalance<0.6  \eq  1$ [ $Delinquency<0.55  \eq  1$ [ $class$ [ $1$ ] ] [ $class$ [ $0$ ] ] ] [ $TradeWBalance<0.33  \eq  1$ [ $class$ [ $1$ ] ] [ $class$ [ $0$ ] ] ] ] ] ] [ $Delinquency<0.55  \eq  1$ [ $TradeOpenTime<0.6  \eq  1$ [ $TradeFrequency<0.6  \eq  1$ [ $RevolvingBalance<0.6  \eq  1$ [ $class$ [ $1$ ] ] [ $class$ [ $0$ ] ] ] [ $ExternalRiskEstimate<0.65  \eq  1$ [ $class$ [ $1$ ] ] [ $class$ [ $0$ ] ] ] ] [ $ExternalRiskEstimate<0.65  \eq  1$ [ $RevolvingBalance<0.6  \eq  1$ [ $class$ [ $1$ ] ] [ $class$ [ $0$ ] ] ] [ $RevolvingBalance<0.4  \eq  1$ [ $class$ [ $1$ ] ] [ $class$ [ $0$ ] ] ] ] ] [ $RevolvingBalance<0.4  \eq  1$ [ $TradeOpenTime<0.85  \eq  1$ [ $Delinquency<0.75  \eq  1$ [ $class$ [ $1$ ] ] [ $class$ [ $0$ ] ] ] [ $class$ [ $0$ ] ] ] [ $ExternalRiskEstimate<0.49  \eq  1$ [ $TradeFrequency<0.45  \eq  1$ [ $class$ [ $1$ ] ] [ $class$ [ $0$ ] ] ] [ $class$ [ $0$ ] ] ] ] ] ] [ $TradeOpenTime<0.6  \eq  1$ [ $TradeFrequency<0.45  \eq  1$ [ $RevolvingBalance<0.6  \eq  1$ [ $ExternalRiskEstimate<0.80  \eq  1$ [ $Delinquency<0.75  \eq  1$ [ $class$ [ $1$ ] ] [ $class$ [ $0$ ] ] ] [ $class$ [ $0$ ] ] ] [ $Inquiry<0.75  \eq  1$ [ $Delinquency<0.55  \eq  1$ [ $class$ [ $1$ ] ] [ $class$ [ $0$ ] ] ] [ $ExternalRiskEstimate<0.65  \eq  1$ [ $class$ [ $1$ ] ] [ $class$ [ $0$ ] ] ] ] ] [ $Inquiry<0.75  \eq  1$ [ $RevolvingBalance<0.6  \eq  1$ [ $Utilization<0.6  \eq  1$ [ $class$ [ $1$ ] ] [ $class$ [ $0$ ] ] ] [ $TradeFrequency<0.6  \eq  1$ [ $class$ [ $1$ ] ] [ $class$ [ $0$ ] ] ] ] [ $Delinquency<0.55  \eq  1$ [ $RevolvingBalance<0.6  \eq  1$ [ $class$ [ $1$ ] ] [ $class$ [ $0$ ] ] ] [ $ExternalRiskEstimate<0.49  \eq  1$ [ $class$ [ $1$ ] ] [ $class$ [ $0$ ] ] ] ] ] ] [ $Inquiry<0.75  \eq  1$ [ $RevolvingBalance<0.6  \eq  1$ [ $ExternalRiskEstimate<0.80  \eq  1$ [ $ExternalRiskEstimate<0.65  \eq  1$ [ $class$ [ $1$ ] ] [ $class$ [ $0$ ] ] ] [ $RevolvingBalance<0.4  \eq  1$ [ $class$ [ $1$ ] ] [ $class$ [ $0$ ] ] ] ] [ $Utilization<0.6  \eq  1$ [ $TradeFrequency<0.45  \eq  1$ [ $class$ [ $1$ ] ] [ $class$ [ $0$ ] ] ] [ $ExternalRiskEstimate<0.65  \eq  1$ [ $class$ [ $1$ ] ] [ $class$ [ $0$ ] ] ] ] ] [ $RevolvingBalance<0.4  \eq  1$ [ $Delinquency<0.55  \eq  1$ [ $TradeFrequency<0.45  \eq  1$ [ $class$ [ $1$ ] ] [ $class$ [ $0$ ] ] ] [ $class$ [ $0$ ] ] ] [ $TradeWBalance<0.33  \eq  1$ [ $ExternalRiskEstimate<0.65  \eq  1$ [ $class$ [ $1$ ] ] [ $class$ [ $0$ ] ] ] [ $ExternalRiskEstimate<0.49  \eq  1$ [ $class$ [ $1$ ] ] [ $class$ [ $0$ ] ] ] ] ] ] ] ] [ $Delinquency<0.55  \eq  1$ [ $Installment<0.5  \eq  1$ [ $Inquiry<0.75  \eq  1$ [ $Utilization<0.6  \eq  1$ [ $ExternalRiskEstimate<0.49  \eq  1$ [ $class$ [ $1$ ] ] [ $TradeFrequency<0.6  \eq  1$ [ $class$ [ $1$ ] ] [ $class$ [ $0$ ] ] ] ] [ $TradeWBalance<0.33  \eq  1$ [ $TradeOpenTime<0.6  \eq  1$ [ $class$ [ $0$ ] ] [ $class$ [ $1$ ] ] ] [ $ExternalRiskEstimate<0.49  \eq  1$ [ $class$ [ $1$ ] ] [ $class$ [ $0$ ] ] ] ] ] [ $ExternalRiskEstimate<0.49  \eq  1$ [ $RevolvingBalance<0.6  \eq  1$ [ $TradeOpenTime<0.85  \eq  1$ [ $class$ [ $1$ ] ] [ $class$ [ $0$ ] ] ] [ $TradeFrequency<0.6  \eq  1$ [ $class$ [ $1$ ] ] [ $class$ [ $0$ ] ] ] ] [ $Utilization<0.6  \eq  1$ [ $TradeOpenTime<0.6  \eq  1$ [ $class$ [ $1$ ] ] [ $class$ [ $0$ ] ] ] [ $class$ [ $0$ ] ] ] ] ] [ $RevolvingBalance<0.4  \eq  1$ [ $Utilization<0.6  \eq  1$ [ $TradeWBalance<0.33  \eq  1$ [ $TradeFrequency<0.45  \eq  1$ [ $class$ [ $0$ ] ] [ $class$ [ $1$ ] ] ] [ $TradeOpenTime<0.85  \eq  1$ [ $class$ [ $1$ ] ] [ $class$ [ $0$ ] ] ] ] [ $TradeFrequency<0.6  \eq  1$ [ $ExternalRiskEstimate<0.49  \eq  1$ [ $class$ [ $1$ ] ] [ $class$ [ $0$ ] ] ] [ $Inquiry<0.75  \eq  1$ [ $class$ [ $1$ ] ] [ $class$ [ $0$ ] ] ] ] ] [ $ExternalRiskEstimate<0.49  \eq  1$ [ $RevolvingBalance<0.6  \eq  1$ [ $TradeFrequency<0.6  \eq  1$ [ $class$ [ $1$ ] ] [ $class$ [ $0$ ] ] ] [ $Inquiry<0.75  \eq  1$ [ $class$ [ $1$ ] ] [ $class$ [ $0$ ] ] ] ] [ $TradeFrequency<0.45  \eq  1$ [ $Inquiry<0.75  \eq  1$ [ $class$ [ $1$ ] ] [ $class$ [ $0$ ] ] ] [ $TradeWBalance<0.33  \eq  1$ [ $class$ [ $1$ ] ] [ $class$ [ $0$ ] ] ] ] ] ] ] [ $Delinquency<0.75  \eq  1$ [ $Inquiry<0.75  \eq  1$ [ $ExternalRiskEstimate<0.65  \eq  1$ [ $TradeOpenTime<0.85  \eq  1$ [ $class$ [ $1$ ] ] [ $ExternalRiskEstimate<0.49  \eq  1$ [ $class$ [ $1$ ] ] [ $class$ [ $0$ ] ] ] ] [ $RevolvingBalance<0.6  \eq  1$ [ $ExternalRiskEstimate<0.80  \eq  1$ [ $class$ [ $1$ ] ] [ $class$ [ $0$ ] ] ] [ $TradeFrequency<0.45  \eq  1$ [ $class$ [ $1$ ] ] [ $class$ [ $0$ ] ] ] ] ] [ $ExternalRiskEstimate<0.49  \eq  1$ [ $TradeFrequency<0.6  \eq  1$ [ $RevolvingBalance<0.4  \eq  1$ [ $class$ [ $1$ ] ] [ $class$ [ $0$ ] ] ] [ $RevolvingBalance<0.4  \eq  1$ [ $class$ [ $0$ ] ] [ $class$ [ $1$ ] ] ] ] [ $ExternalRiskEstimate<0.80  \eq  1$ [ $TradeWBalance<0.33  \eq  1$ [ $class$ [ $1$ ] ] [ $class$ [ $0$ ] ] ] [ $class$ [ $0$ ] ] ] ] ] [ $TradeFrequency<0.6  \eq  1$ [ $ExternalRiskEstimate<0.49  \eq  1$ [ $TradeWBalance<0.33  \eq  1$ [ $RevolvingBalance<0.6  \eq  1$ [ $class$ [ $1$ ] ] [ $class$ [ $0$ ] ] ] [ $Inquiry<0.75  \eq  1$ [ $class$ [ $1$ ] ] [ $class$ [ $0$ ] ] ] ] [ $ExternalRiskEstimate<0.65  \eq  1$ [ $Installment<0.7  \eq  1$ [ $class$ [ $0$ ] ] [ $class$ [ $1$ ] ] ] [ $class$ [ $0$ ] ] ] ] [ $TradeWBalance<0.33  \eq  1$ [ $TradeOpenTime<0.6  \eq  1$ [ $Installment<0.5  \eq  1$ [ $class$ [ $0$ ] ] [ $class$ [ $1$ ] ] ] [ $class$ [ $0$ ] ] ] [ $ExternalRiskEstimate<0.49  \eq  1$ [ $RevolvingBalance<0.4  \eq  1$ [ $class$ [ $1$ ] ] [ $class$ [ $0$ ] ] ] [ $class$ [ $0$ ] ] ] ] ] ] ] ],