Data Set,Preprocessing,Classes,Samples,Features,Binary Features,Algorithm,Depth Limit,Width Limit,Regularization,Time Limit,Machine,Threads,Fold Index,Subsample,Subfeatures,Binary subfeatures,Training Time,Max Depth,# Leaves,# Nodes,Training Accuracy,Test Accuracy,Latex,Source
fico-binary,complete,1,10459,17,17,binoct,1,None,None,300,leviathan,1,0,8367,17,34,2.495943557,2,2,3,69.55898171,69.7418738,[ $ExternalRiskEstimate<0.65  \le  0.5$ [ $class$ [ $0$ ] ] [ $class$ [ $1$ ] ] ],
fico-binary,complete,1,10459,17,17,binoct,1,None,None,300,leviathan,1,1,8367,17,34,2.157456166,2,2,3,69.60678857,68.69024857,[ $ExternalRiskEstimate<0.49  \le  0.5$ [ $class$ [ $0$ ] ] [ $class$ [ $1$ ] ] ],
fico-binary,complete,1,10459,17,17,binoct,1,None,None,300,leviathan,1,2,8367,17,34,2.251304354,2,2,3,69.71435401,69.12045889,[ $ExternalRiskEstimate<0.65  \le  0.5$ [ $class$ [ $0$ ] ] [ $class$ [ $1$ ] ] ],
fico-binary,complete,1,10459,17,17,binoct,1,None,None,300,leviathan,1,3,8367,17,34,2.155389757,2,2,3,69.89362974,68.40344168,[ $ExternalRiskEstimate<0.65  \le  0.5$ [ $class$ [ $0$ ] ] [ $class$ [ $1$ ] ] ],
fico-binary,complete,1,10459,17,17,binoct,1,None,None,300,leviathan,1,4,8368,17,34,2.13910106,2,2,3,69.39531549,69.53610713,[ $ExternalRiskEstimate<0.49  \le  0.5$ [ $class$ [ $0$ ] ] [ $class$ [ $1$ ] ] ],
fico-binary,complete,1,10459,17,17,binoct,2,None,None,300,leviathan,1,0,8367,17,34,303.9048066,3,4,7,71.86566272,64.14913958,[ $Inquiry<0.75  \le  0.5$ [ $ExternalRiskEstimate<0.49  \le  0.5$ [ $class$ [ $0$ ] ] [ $class$ [ $1$ ] ] ] [ $ExternalRiskEstimate<0.80  \le  0.5$ [ $class$ [ $0$ ] ] [ $class$ [ $1$ ] ] ] ],
fico-binary,complete,1,10459,17,17,binoct,2,None,None,300,leviathan,1,1,8367,17,34,303.943984,3,4,7,71.14855982,71.08030593,[ $Inquiry<0.75  \le  0.5$ [ $ExternalRiskEstimate<0.49  \le  0.5$ [ $class$ [ $0$ ] ] [ $class$ [ $1$ ] ] ] [ $ExternalRiskEstimate<0.65  \le  0.5$ [ $class$ [ $0$ ] ] [ $class$ [ $1$ ] ] ] ],
fico-binary,complete,1,10459,17,17,binoct,2,None,None,300,leviathan,1,2,8367,17,34,303.9767428,3,4,7,70.8139118,72.41873805,[ $Inquiry<0.75  \le  0.5$ [ $ExternalRiskEstimate<0.49  \le  0.5$ [ $class$ [ $0$ ] ] [ $class$ [ $1$ ] ] ] [ $ExternalRiskEstimate<0.65  \le  0.5$ [ $class$ [ $0$ ] ] [ $class$ [ $1$ ] ] ] ],
fico-binary,complete,1,10459,17,17,binoct,2,None,None,300,leviathan,1,3,8367,17,34,303.9894135,3,4,7,71.2919804,70.50669216,[ $Inquiry<0.75  \le  0.5$ [ $ExternalRiskEstimate<0.49  \le  0.5$ [ $class$ [ $0$ ] ] [ $class$ [ $1$ ] ] ] [ $ExternalRiskEstimate<0.65  \le  0.5$ [ $class$ [ $0$ ] ] [ $class$ [ $1$ ] ] ] ],
fico-binary,complete,1,10459,17,17,binoct,2,None,None,300,leviathan,1,4,8368,17,34,303.8951648,3,4,7,71.12810707,71.16212339,[ $Inquiry<0.75  \le  0.5$ [ $ExternalRiskEstimate<0.49  \le  0.5$ [ $class$ [ $0$ ] ] [ $class$ [ $1$ ] ] ] [ $ExternalRiskEstimate<0.65  \le  0.5$ [ $class$ [ $0$ ] ] [ $class$ [ $1$ ] ] ] ],
fico-binary,complete,1,10459,17,17,binoct,3,None,None,300,leviathan,1,0,8367,17,34,308.8139411,4,8,15,71.71029043,63.7667304,[ $ExternalRiskEstimate<0.65  \le  0.5$ [ $Inquiry<0.75  \le  0.5$ [ $TradeOpenTime<0.85  \le  0.5$ [ $class$ [ $0$ ] ] [ $class$ [ $0$ ] ] ] [ $TradeOpenTime<0.6  \le  0.5$ [ $class$ [ $0$ ] ] [ $class$ [ $1$ ] ] ] ] [ $ExternalRiskEstimate<0.49  \le  0.5$ [ $NumSatisfactoryTrades<0.5  \le  0.5$ [ $class$ [ $0$ ] ] [ $class$ [ $1$ ] ] ] [ $TradeOpenTime<0.85  \le  0.5$ [ $class$ [ $0$ ] ] [ $class$ [ $1$ ] ] ] ] ],
fico-binary,complete,1,10459,17,17,binoct,3,None,None,300,leviathan,1,1,8367,17,34,308.8379835,4,8,15,70.43145691,70.36328872,[ $Installment<0.5  \le  0.5$ [ $TradeWBalance<0.33  \le  0.5$ [ $ExternalRiskEstimate<0.49  \le  0.5$ [ $class$ [ $0$ ] ] [ $class$ [ $1$ ] ] ] [ $ExternalRiskEstimate<0.65  \le  0.5$ [ $class$ [ $0$ ] ] [ $class$ [ $1$ ] ] ] ] [ $Installment<0.5  \le  0.5$ [ $TradeOpenTime<0.6  \le  0.5$ [ $class$ [ $0$ ] ] [ $class$ [ $1$ ] ] ] [ $ExternalRiskEstimate<0.65  \le  0.5$ [ $class$ [ $0$ ] ] [ $class$ [ $1$ ] ] ] ] ],
fico-binary,complete,1,10459,17,17,binoct,3,None,None,300,leviathan,1,2,8367,17,34,308.9022429,4,8,15,70.71829808,70.7456979,[ $ExternalRiskEstimate<0.65  \le  0.5$ [ $ExternalRiskEstimate<0.80  \le  0.5$ [ $Installment<0.5  \le  0.5$ [ $class$ [ $0$ ] ] [ $class$ [ $0$ ] ] ] [ $ExternalRiskEstimate<0.80  \le  0.5$ [ $class$ [ $0$ ] ] [ $class$ [ $0$ ] ] ] ] [ $Inquiry<0.75  \le  0.5$ [ $RevolvingBalance<0.6  \le  0.5$ [ $class$ [ $0$ ] ] [ $class$ [ $1$ ] ] ] [ $TradeOpenTime<0.85  \le  0.5$ [ $class$ [ $1$ ] ] [ $class$ [ $1$ ] ] ] ] ],
fico-binary,complete,1,10459,17,17,binoct,3,None,None,300,leviathan,1,3,8367,17,34,308.8359645,4,8,15,70.38365005,69.55066922,[ $ExternalRiskEstimate<0.65  \le  0.5$ [ $ExternalRiskEstimate<0.49  \le  0.5$ [ $ExternalRiskEstimate<0.65  \le  0.5$ [ $class$ [ $0$ ] ] [ $class$ [ $1$ ] ] ] [ $TradeWBalance<0.33  \le  0.5$ [ $class$ [ $0$ ] ] [ $class$ [ $1$ ] ] ] ] [ $ExternalRiskEstimate<0.80  \le  0.5$ [ $ExternalRiskEstimate<0.65  \le  0.5$ [ $class$ [ $1$ ] ] [ $class$ [ $1$ ] ] ] [ $TradeOpenTime<0.85  \le  0.5$ [ $class$ [ $0$ ] ] [ $class$ [ $1$ ] ] ] ] ],
fico-binary,complete,1,10459,17,17,binoct,3,None,None,300,leviathan,1,4,8368,17,34,308.8166155,4,8,15,70.02868069,71.73601148,[ $ExternalRiskEstimate<0.49  \le  0.5$ [ $TradeFrequency<0.6  \le  0.5$ [ $ExternalRiskEstimate<0.80  \le  0.5$ [ $class$ [ $0$ ] ] [ $class$ [ $0$ ] ] ] [ $ExternalRiskEstimate<0.65  \le  0.5$ [ $class$ [ $0$ ] ] [ $class$ [ $1$ ] ] ] ] [ $Inquiry<0.75  \le  0.5$ [ $TradeOpenTime<0.85  \le  0.5$ [ $class$ [ $0$ ] ] [ $class$ [ $1$ ] ] ] [ $ExternalRiskEstimate<0.49  \le  0.5$ [ $class$ [ $0$ ] ] [ $class$ [ $1$ ] ] ] ] ],
fico-binary,complete,1,10459,17,17,binoct,4,None,None,300,leviathan,1,0,8367,17,34,319.9227862,5,16,31,70.80196008,63.62332696,[ $ExternalRiskEstimate<0.80  \le  0.5$ [ $Delinquency<0.55  \le  0.5$ [ $Delinquency<0.75  \le  0.5$ [ $Installment<0.5  \le  0.5$ [ $class$ [ $0$ ] ] [ $class$ [ $0$ ] ] ] [ $NumSatisfactoryTrades<0.5  \le  0.5$ [ $class$ [ $0$ ] ] [ $class$ [ $0$ ] ] ] ] [ $TradeFrequency<0.45  \le  0.5$ [ $TradeOpenTime<0.6  \le  0.5$ [ $class$ [ $0$ ] ] [ $class$ [ $1$ ] ] ] [ $ExternalRiskEstimate<0.65  \le  0.5$ [ $class$ [ $0$ ] ] [ $class$ [ $0$ ] ] ] ] ] [ $RevolvingBalance<0.4  \le  0.5$ [ $Inquiry<0.75  \le  0.5$ [ $Delinquency<0.55  \le  0.5$ [ $class$ [ $0$ ] ] [ $class$ [ $0$ ] ] ] [ $Delinquency<0.75  \le  0.5$ [ $class$ [ $0$ ] ] [ $class$ [ $1$ ] ] ] ] [ $TradeOpenTime<0.85  \le  0.5$ [ $TradeOpenTime<0.85  \le  0.5$ [ $class$ [ $0$ ] ] [ $class$ [ $0$ ] ] ] [ $Delinquency<0.75  \le  0.5$ [ $class$ [ $0$ ] ] [ $class$ [ $1$ ] ] ] ] ] ],
fico-binary,complete,1,10459,17,17,binoct,4,None,None,300,leviathan,1,1,8367,17,34,319.8749125,5,16,31,70.74220151,68.97705545,[ $ExternalRiskEstimate<0.80  \le  0.5$ [ $NumSatisfactoryTrades<0.5  \le  0.5$ [ $TradeFrequency<0.6  \le  0.5$ [ $RevolvingBalance<0.6  \le  0.5$ [ $class$ [ $0$ ] ] [ $class$ [ $0$ ] ] ] [ $ExternalRiskEstimate<0.49  \le  0.5$ [ $class$ [ $0$ ] ] [ $class$ [ $0$ ] ] ] ] [ $ExternalRiskEstimate<0.49  \le  0.5$ [ $ExternalRiskEstimate<0.65  \le  0.5$ [ $class$ [ $0$ ] ] [ $class$ [ $1$ ] ] ] [ $NumSatisfactoryTrades<0.5  \le  0.5$ [ $class$ [ $1$ ] ] [ $class$ [ $0$ ] ] ] ] ] [ $TradeOpenTime<0.6  \le  0.5$ [ $ExternalRiskEstimate<0.49  \le  0.5$ [ $TradeFrequency<0.45  \le  0.5$ [ $class$ [ $0$ ] ] [ $class$ [ $1$ ] ] ] [ $ExternalRiskEstimate<0.49  \le  0.5$ [ $class$ [ $0$ ] ] [ $class$ [ $1$ ] ] ] ] [ $ExternalRiskEstimate<0.65  \le  0.5$ [ $ExternalRiskEstimate<0.49  \le  0.5$ [ $class$ [ $0$ ] ] [ $class$ [ $0$ ] ] ] [ $TradeWBalance<0.33  \le  0.5$ [ $class$ [ $1$ ] ] [ $class$ [ $1$ ] ] ] ] ] ],
fico-binary,complete,1,10459,17,17,binoct,4,None,None,300,leviathan,1,2,8367,17,34,319.9285574,5,16,31,71.01709095,72.17973231,[ $ExternalRiskEstimate<0.80  \le  0.5$ [ $Delinquency<0.55  \le  0.5$ [ $NumSatisfactoryTrades<0.5  \le  0.5$ [ $Installment<0.5  \le  0.5$ [ $class$ [ $0$ ] ] [ $class$ [ $0$ ] ] ] [ $TradeOpenTime<0.6  \le  0.5$ [ $class$ [ $0$ ] ] [ $class$ [ $0$ ] ] ] ] [ $TradeOpenTime<0.85  \le  0.5$ [ $Utilization<0.6  \le  0.5$ [ $class$ [ $0$ ] ] [ $class$ [ $0$ ] ] ] [ $TradeWBalance<0.33  \le  0.5$ [ $class$ [ $0$ ] ] [ $class$ [ $1$ ] ] ] ] ] [ $ExternalRiskEstimate<0.49  \le  0.5$ [ $Inquiry<0.75  \le  0.5$ [ $ExternalRiskEstimate<0.65  \le  0.5$ [ $class$ [ $0$ ] ] [ $class$ [ $0$ ] ] ] [ $NumSatisfactoryTrades<0.5  \le  0.5$ [ $class$ [ $0$ ] ] [ $class$ [ $1$ ] ] ] ] [ $TradeOpenTime<0.85  \le  0.5$ [ $Delinquency<0.55  \le  0.5$ [ $class$ [ $1$ ] ] [ $class$ [ $0$ ] ] ] [ $Delinquency<0.75  \le  0.5$ [ $class$ [ $0$ ] ] [ $class$ [ $1$ ] ] ] ] ] ],
fico-binary,complete,1,10459,17,17,binoct,4,None,None,300,leviathan,1,3,8367,17,34,320.0151865,5,16,31,70.1804709,68.35564054,[ $TradeWBalance<0.33  \le  0.5$ [ $Installment<0.7  \le  0.5$ [ $NumSatisfactoryTrades<0.5  \le  0.5$ [ $TradeOpenTime<0.85  \le  0.5$ [ $class$ [ $0$ ] ] [ $class$ [ $0$ ] ] ] [ $TradeOpenTime<0.6  \le  0.5$ [ $class$ [ $0$ ] ] [ $class$ [ $1$ ] ] ] ] [ $ExternalRiskEstimate<0.65  \le  0.5$ [ $ExternalRiskEstimate<0.49  \le  0.5$ [ $class$ [ $0$ ] ] [ $class$ [ $0$ ] ] ] [ $ExternalRiskEstimate<0.49  \le  0.5$ [ $class$ [ $0$ ] ] [ $class$ [ $1$ ] ] ] ] ] [ $ExternalRiskEstimate<0.49  \le  0.5$ [ $Delinquency<0.55  \le  0.5$ [ $ExternalRiskEstimate<0.80  \le  0.5$ [ $class$ [ $0$ ] ] [ $class$ [ $1$ ] ] ] [ $Inquiry<0.75  \le  0.5$ [ $class$ [ $0$ ] ] [ $class$ [ $1$ ] ] ] ] [ $NumSatisfactoryTrades<0.5  \le  0.5$ [ $ExternalRiskEstimate<0.49  \le  0.5$ [ $class$ [ $0$ ] ] [ $class$ [ $1$ ] ] ] [ $TradeFrequency<0.6  \le  0.5$ [ $class$ [ $1$ ] ] [ $class$ [ $1$ ] ] ] ] ] ],
fico-binary,complete,1,10459,17,17,binoct,4,None,None,300,leviathan,1,4,8368,17,34,319.9337114,5,16,31,70.97275335,71.30559541,[ $ExternalRiskEstimate<0.49  \le  0.5$ [ $ExternalRiskEstimate<0.65  \le  0.5$ [ $Delinquency<0.75  \le  0.5$ [ $ExternalRiskEstimate<0.65  \le  0.5$ [ $class$ [ $0$ ] ] [ $class$ [ $0$ ] ] ] [ $NumSatisfactoryTrades<0.5  \le  0.5$ [ $class$ [ $0$ ] ] [ $class$ [ $0$ ] ] ] ] [ $RevolvingBalance<0.4  \le  0.5$ [ $NumSatisfactoryTrades<0.5  \le  0.5$ [ $class$ [ $0$ ] ] [ $class$ [ $1$ ] ] ] [ $NumSatisfactoryTrades<0.5  \le  0.5$ [ $class$ [ $0$ ] ] [ $class$ [ $1$ ] ] ] ] ] [ $ExternalRiskEstimate<0.80  \le  0.5$ [ $ExternalRiskEstimate<0.49  \le  0.5$ [ $TradeFrequency<0.45  \le  0.5$ [ $class$ [ $0$ ] ] [ $class$ [ $0$ ] ] ] [ $ExternalRiskEstimate<0.65  \le  0.5$ [ $class$ [ $1$ ] ] [ $class$ [ $0$ ] ] ] ] [ $TradeOpenTime<0.85  \le  0.5$ [ $ExternalRiskEstimate<0.65  \le  0.5$ [ $class$ [ $0$ ] ] [ $class$ [ $0$ ] ] ] [ $ExternalRiskEstimate<0.65  \le  0.5$ [ $class$ [ $0$ ] ] [ $class$ [ $1$ ] ] ] ] ] ],
fico-binary,complete,1,10459,17,17,binoct,5,None,None,300,leviathan,1,0,8367,17,34,344.1751433,6,32,63,69.3079957,69.88527725,[ $ExternalRiskEstimate<0.49  \le  0.5$ [ $ExternalRiskEstimate<0.49  \le  0.5$ [ $RevolvingBalance<0.4  \le  0.5$ [ $ExternalRiskEstimate<0.49  \le  0.5$ [ $Installment<0.7  \le  0.5$ [ $class$ [ $0$ ] ] [ $class$ [ $0$ ] ] ] [ $Installment<0.5  \le  0.5$ [ $class$ [ $0$ ] ] [ $class$ [ $0$ ] ] ] ] [ $ExternalRiskEstimate<0.49  \le  0.5$ [ $ExternalRiskEstimate<0.49  \le  0.5$ [ $class$ [ $0$ ] ] [ $class$ [ $0$ ] ] ] [ $ExternalRiskEstimate<0.49  \le  0.5$ [ $class$ [ $0$ ] ] [ $class$ [ $0$ ] ] ] ] ] [ $ExternalRiskEstimate<0.49  \le  0.5$ [ $Installment<0.7  \le  0.5$ [ $Installment<0.7  \le  0.5$ [ $class$ [ $0$ ] ] [ $class$ [ $0$ ] ] ] [ $Installment<0.7  \le  0.5$ [ $class$ [ $0$ ] ] [ $class$ [ $0$ ] ] ] ] [ $ExternalRiskEstimate<0.49  \le  0.5$ [ $ExternalRiskEstimate<0.49  \le  0.5$ [ $class$ [ $0$ ] ] [ $class$ [ $0$ ] ] ] [ $ExternalRiskEstimate<0.49  \le  0.5$ [ $class$ [ $0$ ] ] [ $class$ [ $0$ ] ] ] ] ] ] [ $ExternalRiskEstimate<0.49  \le  0.5$ [ $ExternalRiskEstimate<0.49  \le  0.5$ [ $ExternalRiskEstimate<0.49  \le  0.5$ [ $ExternalRiskEstimate<0.49  \le  0.5$ [ $class$ [ $0$ ] ] [ $class$ [ $0$ ] ] ] [ $ExternalRiskEstimate<0.49  \le  0.5$ [ $class$ [ $0$ ] ] [ $class$ [ $0$ ] ] ] ] [ $ExternalRiskEstimate<0.49  \le  0.5$ [ $ExternalRiskEstimate<0.49  \le  0.5$ [ $class$ [ $0$ ] ] [ $class$ [ $0$ ] ] ] [ $ExternalRiskEstimate<0.49  \le  0.5$ [ $class$ [ $0$ ] ] [ $class$ [ $0$ ] ] ] ] ] [ $ExternalRiskEstimate<0.49  \le  0.5$ [ $ExternalRiskEstimate<0.49  \le  0.5$ [ $ExternalRiskEstimate<0.49  \le  0.5$ [ $class$ [ $0$ ] ] [ $class$ [ $0$ ] ] ] [ $ExternalRiskEstimate<0.49  \le  0.5$ [ $class$ [ $0$ ] ] [ $class$ [ $0$ ] ] ] ] [ $ExternalRiskEstimate<0.49  \le  0.5$ [ $ExternalRiskEstimate<0.49  \le  0.5$ [ $class$ [ $0$ ] ] [ $class$ [ $0$ ] ] ] [ $ExternalRiskEstimate<0.49  \le  0.5$ [ $class$ [ $0$ ] ] [ $class$ [ $1$ ] ] ] ] ] ] ],
fico-binary,complete,1,10459,17,17,binoct,5,None,None,300,leviathan,1,1,8367,17,34,344.3526148,6,32,63,72.1644556,71.12810707,[ $ExternalRiskEstimate<0.65  \le  0.5$ [ $Inquiry<0.75  \le  0.5$ [ $Installment<0.5  \le  0.5$ [ $Delinquency<0.55  \le  0.5$ [ $Inquiry<0.75  \le  0.5$ [ $class$ [ $0$ ] ] [ $class$ [ $1$ ] ] ] [ $TradeOpenTime<0.6  \le  0.5$ [ $class$ [ $0$ ] ] [ $class$ [ $0$ ] ] ] ] [ $RevolvingBalance<0.6  \le  0.5$ [ $NumSatisfactoryTrades<0.5  \le  0.5$ [ $class$ [ $0$ ] ] [ $class$ [ $0$ ] ] ] [ $Inquiry<0.75  \le  0.5$ [ $class$ [ $0$ ] ] [ $class$ [ $0$ ] ] ] ] ] [ $TradeWBalance<0.33  \le  0.5$ [ $Installment<0.5  \le  0.5$ [ $TradeWBalance<0.33  \le  0.5$ [ $class$ [ $0$ ] ] [ $class$ [ $0$ ] ] ] [ $TradeOpenTime<0.85  \le  0.5$ [ $class$ [ $0$ ] ] [ $class$ [ $0$ ] ] ] ] [ $TradeFrequency<0.6  \le  0.5$ [ $Delinquency<0.55  \le  0.5$ [ $class$ [ $1$ ] ] [ $class$ [ $0$ ] ] ] [ $TradeFrequency<0.45  \le  0.5$ [ $class$ [ $1$ ] ] [ $class$ [ $0$ ] ] ] ] ] ] [ $ExternalRiskEstimate<0.49  \le  0.5$ [ $Inquiry<0.75  \le  0.5$ [ $Utilization<0.6  \le  0.5$ [ $ExternalRiskEstimate<0.65  \le  0.5$ [ $class$ [ $1$ ] ] [ $class$ [ $0$ ] ] ] [ $TradeFrequency<0.45  \le  0.5$ [ $class$ [ $0$ ] ] [ $class$ [ $1$ ] ] ] ] [ $RevolvingBalance<0.4  \le  0.5$ [ $ExternalRiskEstimate<0.65  \le  0.5$ [ $class$ [ $0$ ] ] [ $class$ [ $1$ ] ] ] [ $ExternalRiskEstimate<0.49  \le  0.5$ [ $class$ [ $1$ ] ] [ $class$ [ $1$ ] ] ] ] ] [ $TradeOpenTime<0.85  \le  0.5$ [ $TradeOpenTime<0.85  \le  0.5$ [ $Inquiry<0.75  \le  0.5$ [ $class$ [ $0$ ] ] [ $class$ [ $1$ ] ] ] [ $ExternalRiskEstimate<0.49  \le  0.5$ [ $class$ [ $0$ ] ] [ $class$ [ $0$ ] ] ] ] [ $ExternalRiskEstimate<0.49  \le  0.5$ [ $NumSatisfactoryTrades<0.5  \le  0.5$ [ $class$ [ $0$ ] ] [ $class$ [ $1$ ] ] ] [ $TradeOpenTime<0.85  \le  0.5$ [ $class$ [ $0$ ] ] [ $class$ [ $1$ ] ] ] ] ] ] ],
fico-binary,complete,1,10459,17,17,binoct,5,None,None,300,leviathan,1,2,8367,17,34,344.2359552,6,32,63,70.64658779,69.64627151,[ $RevolvingBalance<0.4  \le  0.5$ [ $ExternalRiskEstimate<0.49  \le  0.5$ [ $Delinquency<0.55  \le  0.5$ [ $TradeOpenTime<0.6  \le  0.5$ [ $Installment<0.5  \le  0.5$ [ $class$ [ $0$ ] ] [ $class$ [ $0$ ] ] ] [ $Delinquency<0.55  \le  0.5$ [ $class$ [ $0$ ] ] [ $class$ [ $0$ ] ] ] ] [ $ExternalRiskEstimate<0.65  \le  0.5$ [ $ExternalRiskEstimate<0.80  \le  0.5$ [ $class$ [ $0$ ] ] [ $class$ [ $0$ ] ] ] [ $ExternalRiskEstimate<0.49  \le  0.5$ [ $class$ [ $1$ ] ] [ $class$ [ $0$ ] ] ] ] ] [ $Installment<0.7  \le  0.5$ [ $Installment<0.5  \le  0.5$ [ $TradeOpenTime<0.85  \le  0.5$ [ $class$ [ $0$ ] ] [ $class$ [ $0$ ] ] ] [ $ExternalRiskEstimate<0.49  \le  0.5$ [ $class$ [ $0$ ] ] [ $class$ [ $0$ ] ] ] ] [ $RevolvingBalance<0.6  \le  0.5$ [ $Utilization<0.6  \le  0.5$ [ $class$ [ $0$ ] ] [ $class$ [ $1$ ] ] ] [ $RevolvingBalance<0.4  \le  0.5$ [ $class$ [ $1$ ] ] [ $class$ [ $1$ ] ] ] ] ] ] [ $ExternalRiskEstimate<0.49  \le  0.5$ [ $NumSatisfactoryTrades<0.5  \le  0.5$ [ $ExternalRiskEstimate<0.65  \le  0.5$ [ $RevolvingBalance<0.6  \le  0.5$ [ $class$ [ $0$ ] ] [ $class$ [ $0$ ] ] ] [ $TradeOpenTime<0.6  \le  0.5$ [ $class$ [ $0$ ] ] [ $class$ [ $1$ ] ] ] ] [ $ExternalRiskEstimate<0.80  \le  0.5$ [ $RevolvingBalance<0.4  \le  0.5$ [ $class$ [ $1$ ] ] [ $class$ [ $0$ ] ] ] [ $ExternalRiskEstimate<0.49  \le  0.5$ [ $class$ [ $1$ ] ] [ $class$ [ $0$ ] ] ] ] ] [ $TradeOpenTime<0.85  \le  0.5$ [ $TradeOpenTime<0.6  \le  0.5$ [ $TradeFrequency<0.6  \le  0.5$ [ $class$ [ $0$ ] ] [ $class$ [ $0$ ] ] ] [ $TradeOpenTime<0.85  \le  0.5$ [ $class$ [ $0$ ] ] [ $class$ [ $1$ ] ] ] ] [ $ExternalRiskEstimate<0.80  \le  0.5$ [ $ExternalRiskEstimate<0.49  \le  0.5$ [ $class$ [ $0$ ] ] [ $class$ [ $0$ ] ] ] [ $Utilization<0.6  \le  0.5$ [ $class$ [ $0$ ] ] [ $class$ [ $1$ ] ] ] ] ] ] ],
fico-binary,complete,1,10459,17,17,binoct,5,None,None,300,leviathan,1,3,8367,17,34,344.3122724,6,32,63,70.51511892,69.64627151,[ $ExternalRiskEstimate<0.80  \le  0.5$ [ $ExternalRiskEstimate<0.49  \le  0.5$ [ $TradeFrequency<0.45  \le  0.5$ [ $ExternalRiskEstimate<0.65  \le  0.5$ [ $ExternalRiskEstimate<0.49  \le  0.5$ [ $class$ [ $0$ ] ] [ $class$ [ $1$ ] ] ] [ $TradeWBalance<0.33  \le  0.5$ [ $class$ [ $1$ ] ] [ $class$ [ $0$ ] ] ] ] [ $RevolvingBalance<0.6  \le  0.5$ [ $ExternalRiskEstimate<0.80  \le  0.5$ [ $class$ [ $0$ ] ] [ $class$ [ $0$ ] ] ] [ $RevolvingBalance<0.6  \le  0.5$ [ $class$ [ $1$ ] ] [ $class$ [ $0$ ] ] ] ] ] [ $Inquiry<0.75  \le  0.5$ [ $Installment<0.7  \le  0.5$ [ $TradeFrequency<0.6  \le  0.5$ [ $class$ [ $0$ ] ] [ $class$ [ $0$ ] ] ] [ $RevolvingBalance<0.4  \le  0.5$ [ $class$ [ $0$ ] ] [ $class$ [ $0$ ] ] ] ] [ $RevolvingBalance<0.6  \le  0.5$ [ $TradeFrequency<0.45  \le  0.5$ [ $class$ [ $0$ ] ] [ $class$ [ $0$ ] ] ] [ $NumSatisfactoryTrades<0.5  \le  0.5$ [ $class$ [ $0$ ] ] [ $class$ [ $1$ ] ] ] ] ] ] [ $TradeOpenTime<0.6  \le  0.5$ [ $ExternalRiskEstimate<0.49  \le  0.5$ [ $ExternalRiskEstimate<0.49  \le  0.5$ [ $RevolvingBalance<0.4  \le  0.5$ [ $class$ [ $0$ ] ] [ $class$ [ $0$ ] ] ] [ $ExternalRiskEstimate<0.49  \le  0.5$ [ $class$ [ $0$ ] ] [ $class$ [ $1$ ] ] ] ] [ $ExternalRiskEstimate<0.80  \le  0.5$ [ $ExternalRiskEstimate<0.49  \le  0.5$ [ $class$ [ $0$ ] ] [ $class$ [ $0$ ] ] ] [ $TradeOpenTime<0.6  \le  0.5$ [ $class$ [ $1$ ] ] [ $class$ [ $1$ ] ] ] ] ] [ $ExternalRiskEstimate<0.49  \le  0.5$ [ $ExternalRiskEstimate<0.49  \le  0.5$ [ $ExternalRiskEstimate<0.65  \le  0.5$ [ $class$ [ $0$ ] ] [ $class$ [ $1$ ] ] ] [ $ExternalRiskEstimate<0.49  \le  0.5$ [ $class$ [ $0$ ] ] [ $class$ [ $0$ ] ] ] ] [ $ExternalRiskEstimate<0.49  \le  0.5$ [ $ExternalRiskEstimate<0.49  \le  0.5$ [ $class$ [ $0$ ] ] [ $class$ [ $0$ ] ] ] [ $TradeOpenTime<0.6  \le  0.5$ [ $class$ [ $0$ ] ] [ $class$ [ $1$ ] ] ] ] ] ] ],
fico-binary,complete,1,10459,17,17,binoct,5,None,None,300,leviathan,1,4,8368,17,34,344.374138,6,32,63,70.63814532,71.06647537,[ $RevolvingBalance<0.4  \le  0.5$ [ $Delinquency<0.75  \le  0.5$ [ $TradeFrequency<0.6  \le  0.5$ [ $TradeOpenTime<0.6  \le  0.5$ [ $TradeFrequency<0.6  \le  0.5$ [ $class$ [ $0$ ] ] [ $class$ [ $1$ ] ] ] [ $NumSatisfactoryTrades<0.5  \le  0.5$ [ $class$ [ $0$ ] ] [ $class$ [ $0$ ] ] ] ] [ $RevolvingBalance<0.4  \le  0.5$ [ $NumSatisfactoryTrades<0.5  \le  0.5$ [ $class$ [ $0$ ] ] [ $class$ [ $0$ ] ] ] [ $ExternalRiskEstimate<0.65  \le  0.5$ [ $class$ [ $0$ ] ] [ $class$ [ $0$ ] ] ] ] ] [ $Delinquency<0.75  \le  0.5$ [ $Delinquency<0.55  \le  0.5$ [ $TradeOpenTime<0.6  \le  0.5$ [ $class$ [ $0$ ] ] [ $class$ [ $1$ ] ] ] [ $NumSatisfactoryTrades<0.5  \le  0.5$ [ $class$ [ $0$ ] ] [ $class$ [ $0$ ] ] ] ] [ $ExternalRiskEstimate<0.65  \le  0.5$ [ $ExternalRiskEstimate<0.80  \le  0.5$ [ $class$ [ $0$ ] ] [ $class$ [ $0$ ] ] ] [ $TradeOpenTime<0.85  \le  0.5$ [ $class$ [ $0$ ] ] [ $class$ [ $1$ ] ] ] ] ] ] [ $ExternalRiskEstimate<0.49  \le  0.5$ [ $ExternalRiskEstimate<0.49  \le  0.5$ [ $TradeOpenTime<0.85  \le  0.5$ [ $TradeWBalance<0.33  \le  0.5$ [ $class$ [ $0$ ] ] [ $class$ [ $0$ ] ] ] [ $Delinquency<0.75  \le  0.5$ [ $class$ [ $0$ ] ] [ $class$ [ $1$ ] ] ] ] [ $ExternalRiskEstimate<0.49  \le  0.5$ [ $TradeFrequency<0.6  \le  0.5$ [ $class$ [ $0$ ] ] [ $class$ [ $0$ ] ] ] [ $ExternalRiskEstimate<0.65  \le  0.5$ [ $class$ [ $0$ ] ] [ $class$ [ $0$ ] ] ] ] ] [ $ExternalRiskEstimate<0.49  \le  0.5$ [ $Delinquency<0.75  \le  0.5$ [ $TradeFrequency<0.6  \le  0.5$ [ $class$ [ $0$ ] ] [ $class$ [ $0$ ] ] ] [ $ExternalRiskEstimate<0.65  \le  0.5$ [ $class$ [ $0$ ] ] [ $class$ [ $0$ ] ] ] ] [ $Inquiry<0.75  \le  0.5$ [ $TradeFrequency<0.45  \le  0.5$ [ $class$ [ $1$ ] ] [ $class$ [ $1$ ] ] ] [ $Delinquency<0.75  \le  0.5$ [ $class$ [ $1$ ] ] [ $class$ [ $1$ ] ] ] ] ] ] ],
fico-binary,complete,1,10459,17,17,binoct,6,None,None,300,leviathan,1,0,8367,17,34,399.1370409,7,64,127,69.88167802,69.45506692,[ $TradeFrequency<0.45  \le  0.5$ [ $ExternalRiskEstimate<0.49  \le  0.5$ [ $ExternalRiskEstimate<0.49  \le  0.5$ [ $ExternalRiskEstimate<0.49  \le  0.5$ [ $ExternalRiskEstimate<0.80  \le  0.5$ [ $Installment<0.7  \le  0.5$ [ $class$ [ $0$ ] ] [ $class$ [ $0$ ] ] ] [ $RevolvingBalance<0.4  \le  0.5$ [ $class$ [ $0$ ] ] [ $class$ [ $0$ ] ] ] ] [ $ExternalRiskEstimate<0.49  \le  0.5$ [ $ExternalRiskEstimate<0.49  \le  0.5$ [ $class$ [ $0$ ] ] [ $class$ [ $1$ ] ] ] [ $ExternalRiskEstimate<0.65  \le  0.5$ [ $class$ [ $0$ ] ] [ $class$ [ $1$ ] ] ] ] ] [ $Installment<0.5  \le  0.5$ [ $Delinquency<0.55  \le  0.5$ [ $TradeOpenTime<0.6  \le  0.5$ [ $class$ [ $0$ ] ] [ $class$ [ $0$ ] ] ] [ $ExternalRiskEstimate<0.49  \le  0.5$ [ $class$ [ $0$ ] ] [ $class$ [ $0$ ] ] ] ] [ $ExternalRiskEstimate<0.49  \le  0.5$ [ $TradeFrequency<0.6  \le  0.5$ [ $class$ [ $0$ ] ] [ $class$ [ $1$ ] ] ] [ $TradeFrequency<0.45  \le  0.5$ [ $class$ [ $1$ ] ] [ $class$ [ $0$ ] ] ] ] ] ] [ $TradeFrequency<0.6  \le  0.5$ [ $ExternalRiskEstimate<0.49  \le  0.5$ [ $ExternalRiskEstimate<0.65  \le  0.5$ [ $Utilization<0.6  \le  0.5$ [ $class$ [ $0$ ] ] [ $class$ [ $0$ ] ] ] [ $ExternalRiskEstimate<0.49  \le  0.5$ [ $class$ [ $1$ ] ] [ $class$ [ $0$ ] ] ] ] [ $Installment<0.5  \le  0.5$ [ $ExternalRiskEstimate<0.49  \le  0.5$ [ $class$ [ $0$ ] ] [ $class$ [ $0$ ] ] ] [ $TradeOpenTime<0.6  \le  0.5$ [ $class$ [ $1$ ] ] [ $class$ [ $1$ ] ] ] ] ] [ $Utilization<0.6  \le  0.5$ [ $ExternalRiskEstimate<0.49  \le  0.5$ [ $Installment<0.7  \le  0.5$ [ $class$ [ $0$ ] ] [ $class$ [ $1$ ] ] ] [ $Utilization<0.6  \le  0.5$ [ $class$ [ $1$ ] ] [ $class$ [ $0$ ] ] ] ] [ $ExternalRiskEstimate<0.49  \le  0.5$ [ $ExternalRiskEstimate<0.49  \le  0.5$ [ $class$ [ $0$ ] ] [ $class$ [ $0$ ] ] ] [ $ExternalRiskEstimate<0.49  \le  0.5$ [ $class$ [ $0$ ] ] [ $class$ [ $1$ ] ] ] ] ] ] ] [ $TradeWBalance<0.33  \le  0.5$ [ $Utilization<0.6  \le  0.5$ [ $Installment<0.5  \le  0.5$ [ $TradeWBalance<0.33  \le  0.5$ [ $TradeWBalance<0.33  \le  0.5$ [ $class$ [ $0$ ] ] [ $class$ [ $0$ ] ] ] [ $ExternalRiskEstimate<0.49  \le  0.5$ [ $class$ [ $0$ ] ] [ $class$ [ $0$ ] ] ] ] [ $TradeWBalance<0.33  \le  0.5$ [ $TradeWBalance<0.33  \le  0.5$ [ $class$ [ $0$ ] ] [ $class$ [ $0$ ] ] ] [ $ExternalRiskEstimate<0.49  \le  0.5$ [ $class$ [ $0$ ] ] [ $class$ [ $0$ ] ] ] ] ] [ $ExternalRiskEstimate<0.49  \le  0.5$ [ $Delinquency<0.75  \le  0.5$ [ $Installment<0.7  \le  0.5$ [ $class$ [ $0$ ] ] [ $class$ [ $0$ ] ] ] [ $ExternalRiskEstimate<0.49  \le  0.5$ [ $class$ [ $1$ ] ] [ $class$ [ $0$ ] ] ] ] [ $TradeWBalance<0.33  \le  0.5$ [ $ExternalRiskEstimate<0.49  \le  0.5$ [ $class$ [ $0$ ] ] [ $class$ [ $1$ ] ] ] [ $ExternalRiskEstimate<0.49  \le  0.5$ [ $class$ [ $0$ ] ] [ $class$ [ $0$ ] ] ] ] ] ] [ $ExternalRiskEstimate<0.49  \le  0.5$ [ $Delinquency<0.75  \le  0.5$ [ $TradeWBalance<0.33  \le  0.5$ [ $ExternalRiskEstimate<0.49  \le  0.5$ [ $class$ [ $0$ ] ] [ $class$ [ $0$ ] ] ] [ $ExternalRiskEstimate<0.49  \le  0.5$ [ $class$ [ $1$ ] ] [ $class$ [ $0$ ] ] ] ] [ $Delinquency<0.55  \le  0.5$ [ $ExternalRiskEstimate<0.49  \le  0.5$ [ $class$ [ $1$ ] ] [ $class$ [ $0$ ] ] ] [ $ExternalRiskEstimate<0.49  \le  0.5$ [ $class$ [ $1$ ] ] [ $class$ [ $0$ ] ] ] ] ] [ $ExternalRiskEstimate<0.49  \le  0.5$ [ $ExternalRiskEstimate<0.49  \le  0.5$ [ $ExternalRiskEstimate<0.49  \le  0.5$ [ $class$ [ $0$ ] ] [ $class$ [ $0$ ] ] ] [ $ExternalRiskEstimate<0.49  \le  0.5$ [ $class$ [ $0$ ] ] [ $class$ [ $0$ ] ] ] ] [ $ExternalRiskEstimate<0.49  \le  0.5$ [ $ExternalRiskEstimate<0.49  \le  0.5$ [ $class$ [ $0$ ] ] [ $class$ [ $0$ ] ] ] [ $ExternalRiskEstimate<0.49  \le  0.5$ [ $class$ [ $0$ ] ] [ $class$ [ $1$ ] ] ] ] ] ] ] ],
fico-binary,complete,1,10459,17,17,binoct,6,None,None,300,leviathan,1,1,8367,17,34,398.4573002,7,64,127,71.45930441,69.98087954,[ $ExternalRiskEstimate<0.49  \le  0.5$ [ $Inquiry<0.75  \le  0.5$ [ $ExternalRiskEstimate<0.65  \le  0.5$ [ $Inquiry<0.75  \le  0.5$ [ $ExternalRiskEstimate<0.49  \le  0.5$ [ $TradeFrequency<0.45  \le  0.5$ [ $class$ [ $0$ ] ] [ $class$ [ $0$ ] ] ] [ $ExternalRiskEstimate<0.65  \le  0.5$ [ $class$ [ $1$ ] ] [ $class$ [ $0$ ] ] ] ] [ $TradeFrequency<0.45  \le  0.5$ [ $NumSatisfactoryTrades<0.5  \le  0.5$ [ $class$ [ $0$ ] ] [ $class$ [ $0$ ] ] ] [ $TradeFrequency<0.45  \le  0.5$ [ $class$ [ $1$ ] ] [ $class$ [ $0$ ] ] ] ] ] [ $Delinquency<0.75  \le  0.5$ [ $Utilization<0.6  \le  0.5$ [ $ExternalRiskEstimate<0.49  \le  0.5$ [ $class$ [ $0$ ] ] [ $class$ [ $0$ ] ] ] [ $Delinquency<0.75  \le  0.5$ [ $class$ [ $0$ ] ] [ $class$ [ $0$ ] ] ] ] [ $Installment<0.5  \le  0.5$ [ $Inquiry<0.75  \le  0.5$ [ $class$ [ $0$ ] ] [ $class$ [ $1$ ] ] ] [ $TradeOpenTime<0.6  \le  0.5$ [ $class$ [ $0$ ] ] [ $class$ [ $1$ ] ] ] ] ] ] [ $ExternalRiskEstimate<0.80  \le  0.5$ [ $Installment<0.5  \le  0.5$ [ $TradeWBalance<0.33  \le  0.5$ [ $TradeFrequency<0.6  \le  0.5$ [ $class$ [ $0$ ] ] [ $class$ [ $0$ ] ] ] [ $Installment<0.7  \le  0.5$ [ $class$ [ $0$ ] ] [ $class$ [ $1$ ] ] ] ] [ $Installment<0.7  \le  0.5$ [ $TradeOpenTime<0.85  \le  0.5$ [ $class$ [ $0$ ] ] [ $class$ [ $1$ ] ] ] [ $TradeOpenTime<0.6  \le  0.5$ [ $class$ [ $0$ ] ] [ $class$ [ $0$ ] ] ] ] ] [ $TradeOpenTime<0.6  \le  0.5$ [ $Installment<0.5  \le  0.5$ [ $ExternalRiskEstimate<0.65  \le  0.5$ [ $class$ [ $1$ ] ] [ $class$ [ $1$ ] ] ] [ $Utilization<0.6  \le  0.5$ [ $class$ [ $0$ ] ] [ $class$ [ $1$ ] ] ] ] [ $ExternalRiskEstimate<0.65  \le  0.5$ [ $Utilization<0.6  \le  0.5$ [ $class$ [ $0$ ] ] [ $class$ [ $0$ ] ] ] [ $Inquiry<0.75  \le  0.5$ [ $class$ [ $0$ ] ] [ $class$ [ $1$ ] ] ] ] ] ] ] [ $TradeOpenTime<0.6  \le  0.5$ [ $ExternalRiskEstimate<0.49  \le  0.5$ [ $NumSatisfactoryTrades<0.5  \le  0.5$ [ $Inquiry<0.75  \le  0.5$ [ $Installment<0.5  \le  0.5$ [ $class$ [ $1$ ] ] [ $class$ [ $0$ ] ] ] [ $Installment<0.7  \le  0.5$ [ $class$ [ $0$ ] ] [ $class$ [ $1$ ] ] ] ] [ $Delinquency<0.75  \le  0.5$ [ $Installment<0.5  \le  0.5$ [ $class$ [ $1$ ] ] [ $class$ [ $0$ ] ] ] [ $RevolvingBalance<0.4  \le  0.5$ [ $class$ [ $1$ ] ] [ $class$ [ $1$ ] ] ] ] ] [ $TradeOpenTime<0.85  \le  0.5$ [ $RevolvingBalance<0.6  \le  0.5$ [ $TradeWBalance<0.33  \le  0.5$ [ $class$ [ $0$ ] ] [ $class$ [ $0$ ] ] ] [ $Installment<0.5  \le  0.5$ [ $class$ [ $0$ ] ] [ $class$ [ $0$ ] ] ] ] [ $ExternalRiskEstimate<0.65  \le  0.5$ [ $TradeFrequency<0.6  \le  0.5$ [ $class$ [ $0$ ] ] [ $class$ [ $1$ ] ] ] [ $TradeWBalance<0.33  \le  0.5$ [ $class$ [ $1$ ] ] [ $class$ [ $1$ ] ] ] ] ] ] [ $TradeFrequency<0.6  \le  0.5$ [ $ExternalRiskEstimate<0.65  \le  0.5$ [ $TradeWBalance<0.33  \le  0.5$ [ $ExternalRiskEstimate<0.65  \le  0.5$ [ $class$ [ $1$ ] ] [ $class$ [ $0$ ] ] ] [ $ExternalRiskEstimate<0.49  \le  0.5$ [ $class$ [ $0$ ] ] [ $class$ [ $0$ ] ] ] ] [ $Delinquency<0.55  \le  0.5$ [ $Delinquency<0.75  \le  0.5$ [ $class$ [ $1$ ] ] [ $class$ [ $1$ ] ] ] [ $TradeFrequency<0.45  \le  0.5$ [ $class$ [ $1$ ] ] [ $class$ [ $1$ ] ] ] ] ] [ $Utilization<0.6  \le  0.5$ [ $ExternalRiskEstimate<0.65  \le  0.5$ [ $ExternalRiskEstimate<0.65  \le  0.5$ [ $class$ [ $0$ ] ] [ $class$ [ $1$ ] ] ] [ $ExternalRiskEstimate<0.65  \le  0.5$ [ $class$ [ $1$ ] ] [ $class$ [ $1$ ] ] ] ] [ $TradeOpenTime<0.6  \le  0.5$ [ $TradeOpenTime<0.85  \le  0.5$ [ $class$ [ $0$ ] ] [ $class$ [ $1$ ] ] ] [ $Installment<0.5  \le  0.5$ [ $class$ [ $1$ ] ] [ $class$ [ $1$ ] ] ] ] ] ] ] ],
fico-binary,complete,1,10459,17,17,binoct,6,None,None,300,leviathan,1,2,8367,17,34,400.471154,7,64,127,70.80196008,70.69789675,[ $ExternalRiskEstimate<0.49  \le  0.5$ [ $Delinquency<0.55  \le  0.5$ [ $Delinquency<0.55  \le  0.5$ [ $Delinquency<0.55  \le  0.5$ [ $Installment<0.7  \le  0.5$ [ $NumSatisfactoryTrades<0.5  \le  0.5$ [ $class$ [ $0$ ] ] [ $class$ [ $0$ ] ] ] [ $NumSatisfactoryTrades<0.5  \le  0.5$ [ $class$ [ $0$ ] ] [ $class$ [ $0$ ] ] ] ] [ $RevolvingBalance<0.6  \le  0.5$ [ $ExternalRiskEstimate<0.80  \le  0.5$ [ $class$ [ $1$ ] ] [ $class$ [ $1$ ] ] ] [ $ExternalRiskEstimate<0.49  \le  0.5$ [ $class$ [ $0$ ] ] [ $class$ [ $0$ ] ] ] ] ] [ $Delinquency<0.75  \le  0.5$ [ $TradeOpenTime<0.85  \le  0.5$ [ $ExternalRiskEstimate<0.49  \le  0.5$ [ $class$ [ $1$ ] ] [ $class$ [ $1$ ] ] ] [ $RevolvingBalance<0.6  \le  0.5$ [ $class$ [ $0$ ] ] [ $class$ [ $0$ ] ] ] ] [ $Installment<0.5  \le  0.5$ [ $TradeFrequency<0.6  \le  0.5$ [ $class$ [ $0$ ] ] [ $class$ [ $1$ ] ] ] [ $TradeFrequency<0.6  \le  0.5$ [ $class$ [ $1$ ] ] [ $class$ [ $1$ ] ] ] ] ] ] [ $ExternalRiskEstimate<0.65  \le  0.5$ [ $NumSatisfactoryTrades<0.5  \le  0.5$ [ $ExternalRiskEstimate<0.65  \le  0.5$ [ $TradeWBalance<0.33  \le  0.5$ [ $class$ [ $0$ ] ] [ $class$ [ $0$ ] ] ] [ $ExternalRiskEstimate<0.49  \le  0.5$ [ $class$ [ $1$ ] ] [ $class$ [ $0$ ] ] ] ] [ $ExternalRiskEstimate<0.49  \le  0.5$ [ $TradeOpenTime<0.6  \le  0.5$ [ $class$ [ $0$ ] ] [ $class$ [ $1$ ] ] ] [ $Installment<0.7  \le  0.5$ [ $class$ [ $0$ ] ] [ $class$ [ $0$ ] ] ] ] ] [ $Inquiry<0.75  \le  0.5$ [ $Delinquency<0.55  \le  0.5$ [ $Delinquency<0.55  \le  0.5$ [ $class$ [ $1$ ] ] [ $class$ [ $0$ ] ] ] [ $RevolvingBalance<0.6  \le  0.5$ [ $class$ [ $0$ ] ] [ $class$ [ $1$ ] ] ] ] [ $Installment<0.7  \le  0.5$ [ $Installment<0.5  \le  0.5$ [ $class$ [ $0$ ] ] [ $class$ [ $0$ ] ] ] [ $Installment<0.7  \le  0.5$ [ $class$ [ $0$ ] ] [ $class$ [ $1$ ] ] ] ] ] ] ] [ $TradeWBalance<0.33  \le  0.5$ [ $Installment<0.7  \le  0.5$ [ $TradeOpenTime<0.85  \le  0.5$ [ $Inquiry<0.75  \le  0.5$ [ $NumSatisfactoryTrades<0.5  \le  0.5$ [ $class$ [ $0$ ] ] [ $class$ [ $1$ ] ] ] [ $ExternalRiskEstimate<0.49  \le  0.5$ [ $class$ [ $0$ ] ] [ $class$ [ $0$ ] ] ] ] [ $NumSatisfactoryTrades<0.5  \le  0.5$ [ $ExternalRiskEstimate<0.49  \le  0.5$ [ $class$ [ $0$ ] ] [ $class$ [ $0$ ] ] ] [ $ExternalRiskEstimate<0.80  \le  0.5$ [ $class$ [ $1$ ] ] [ $class$ [ $0$ ] ] ] ] ] [ $ExternalRiskEstimate<0.49  \le  0.5$ [ $Inquiry<0.75  \le  0.5$ [ $ExternalRiskEstimate<0.49  \le  0.5$ [ $class$ [ $1$ ] ] [ $class$ [ $0$ ] ] ] [ $Installment<0.5  \le  0.5$ [ $class$ [ $0$ ] ] [ $class$ [ $0$ ] ] ] ] [ $TradeWBalance<0.33  \le  0.5$ [ $RevolvingBalance<0.6  \le  0.5$ [ $class$ [ $1$ ] ] [ $class$ [ $1$ ] ] ] [ $Installment<0.7  \le  0.5$ [ $class$ [ $1$ ] ] [ $class$ [ $1$ ] ] ] ] ] ] [ $TradeOpenTime<0.6  \le  0.5$ [ $TradeOpenTime<0.6  \le  0.5$ [ $Delinquency<0.75  \le  0.5$ [ $Installment<0.5  \le  0.5$ [ $class$ [ $0$ ] ] [ $class$ [ $0$ ] ] ] [ $ExternalRiskEstimate<0.49  \le  0.5$ [ $class$ [ $0$ ] ] [ $class$ [ $1$ ] ] ] ] [ $ExternalRiskEstimate<0.80  \le  0.5$ [ $TradeFrequency<0.45  \le  0.5$ [ $class$ [ $0$ ] ] [ $class$ [ $1$ ] ] ] [ $Utilization<0.6  \le  0.5$ [ $class$ [ $0$ ] ] [ $class$ [ $1$ ] ] ] ] ] [ $NumSatisfactoryTrades<0.5  \le  0.5$ [ $Inquiry<0.75  \le  0.5$ [ $Utilization<0.6  \le  0.5$ [ $class$ [ $0$ ] ] [ $class$ [ $1$ ] ] ] [ $ExternalRiskEstimate<0.65  \le  0.5$ [ $class$ [ $0$ ] ] [ $class$ [ $1$ ] ] ] ] [ $ExternalRiskEstimate<0.65  \le  0.5$ [ $RevolvingBalance<0.6  \le  0.5$ [ $class$ [ $0$ ] ] [ $class$ [ $1$ ] ] ] [ $ExternalRiskEstimate<0.49  \le  0.5$ [ $class$ [ $0$ ] ] [ $class$ [ $1$ ] ] ] ] ] ] ] ],
fico-binary,complete,1,10459,17,17,binoct,6,None,None,300,leviathan,1,3,8367,17,34,398.2071467,7,64,127,69.69045058,67.92543021,[ $ExternalRiskEstimate<0.49  \le  0.5$ [ $TradeWBalance<0.33  \le  0.5$ [ $ExternalRiskEstimate<0.49  \le  0.5$ [ $ExternalRiskEstimate<0.49  \le  0.5$ [ $TradeFrequency<0.45  \le  0.5$ [ $NumSatisfactoryTrades<0.5  \le  0.5$ [ $class$ [ $0$ ] ] [ $class$ [ $0$ ] ] ] [ $ExternalRiskEstimate<0.49  \le  0.5$ [ $class$ [ $0$ ] ] [ $class$ [ $0$ ] ] ] ] [ $Installment<0.7  \le  0.5$ [ $RevolvingBalance<0.4  \le  0.5$ [ $class$ [ $1$ ] ] [ $class$ [ $1$ ] ] ] [ $TradeWBalance<0.33  \le  0.5$ [ $class$ [ $0$ ] ] [ $class$ [ $0$ ] ] ] ] ] [ $ExternalRiskEstimate<0.49  \le  0.5$ [ $TradeFrequency<0.45  \le  0.5$ [ $NumSatisfactoryTrades<0.5  \le  0.5$ [ $class$ [ $1$ ] ] [ $class$ [ $0$ ] ] ] [ $Inquiry<0.75  \le  0.5$ [ $class$ [ $0$ ] ] [ $class$ [ $0$ ] ] ] ] [ $ExternalRiskEstimate<0.49  \le  0.5$ [ $ExternalRiskEstimate<0.49  \le  0.5$ [ $class$ [ $0$ ] ] [ $class$ [ $0$ ] ] ] [ $ExternalRiskEstimate<0.49  \le  0.5$ [ $class$ [ $0$ ] ] [ $class$ [ $1$ ] ] ] ] ] ] [ $ExternalRiskEstimate<0.49  \le  0.5$ [ $ExternalRiskEstimate<0.49  \le  0.5$ [ $TradeWBalance<0.33  \le  0.5$ [ $ExternalRiskEstimate<0.49  \le  0.5$ [ $class$ [ $0$ ] ] [ $class$ [ $1$ ] ] ] [ $ExternalRiskEstimate<0.49  \le  0.5$ [ $class$ [ $1$ ] ] [ $class$ [ $0$ ] ] ] ] [ $ExternalRiskEstimate<0.49  \le  0.5$ [ $ExternalRiskEstimate<0.49  \le  0.5$ [ $class$ [ $0$ ] ] [ $class$ [ $0$ ] ] ] [ $ExternalRiskEstimate<0.49  \le  0.5$ [ $class$ [ $1$ ] ] [ $class$ [ $0$ ] ] ] ] ] [ $Installment<0.7  \le  0.5$ [ $ExternalRiskEstimate<0.49  \le  0.5$ [ $ExternalRiskEstimate<0.49  \le  0.5$ [ $class$ [ $0$ ] ] [ $class$ [ $0$ ] ] ] [ $Installment<0.7  \le  0.5$ [ $class$ [ $0$ ] ] [ $class$ [ $0$ ] ] ] ] [ $ExternalRiskEstimate<0.49  \le  0.5$ [ $TradeOpenTime<0.85  \le  0.5$ [ $class$ [ $1$ ] ] [ $class$ [ $0$ ] ] ] [ $ExternalRiskEstimate<0.49  \le  0.5$ [ $class$ [ $1$ ] ] [ $class$ [ $0$ ] ] ] ] ] ] ] [ $RevolvingBalance<0.6  \le  0.5$ [ $ExternalRiskEstimate<0.49  \le  0.5$ [ $ExternalRiskEstimate<0.49  \le  0.5$ [ $ExternalRiskEstimate<0.65  \le  0.5$ [ $ExternalRiskEstimate<0.49  \le  0.5$ [ $class$ [ $0$ ] ] [ $class$ [ $1$ ] ] ] [ $ExternalRiskEstimate<0.49  \le  0.5$ [ $class$ [ $1$ ] ] [ $class$ [ $0$ ] ] ] ] [ $ExternalRiskEstimate<0.49  \le  0.5$ [ $ExternalRiskEstimate<0.49  \le  0.5$ [ $class$ [ $0$ ] ] [ $class$ [ $0$ ] ] ] [ $NumSatisfactoryTrades<0.5  \le  0.5$ [ $class$ [ $1$ ] ] [ $class$ [ $0$ ] ] ] ] ] [ $Delinquency<0.75  \le  0.5$ [ $RevolvingBalance<0.6  \le  0.5$ [ $ExternalRiskEstimate<0.49  \le  0.5$ [ $class$ [ $1$ ] ] [ $class$ [ $0$ ] ] ] [ $Installment<0.5  \le  0.5$ [ $class$ [ $0$ ] ] [ $class$ [ $0$ ] ] ] ] [ $ExternalRiskEstimate<0.49  \le  0.5$ [ $ExternalRiskEstimate<0.49  \le  0.5$ [ $class$ [ $1$ ] ] [ $class$ [ $0$ ] ] ] [ $ExternalRiskEstimate<0.49  \le  0.5$ [ $class$ [ $0$ ] ] [ $class$ [ $1$ ] ] ] ] ] ] [ $ExternalRiskEstimate<0.49  \le  0.5$ [ $ExternalRiskEstimate<0.49  \le  0.5$ [ $ExternalRiskEstimate<0.49  \le  0.5$ [ $ExternalRiskEstimate<0.49  \le  0.5$ [ $class$ [ $0$ ] ] [ $class$ [ $0$ ] ] ] [ $NumSatisfactoryTrades<0.5  \le  0.5$ [ $class$ [ $0$ ] ] [ $class$ [ $1$ ] ] ] ] [ $ExternalRiskEstimate<0.49  \le  0.5$ [ $ExternalRiskEstimate<0.49  \le  0.5$ [ $class$ [ $0$ ] ] [ $class$ [ $0$ ] ] ] [ $ExternalRiskEstimate<0.49  \le  0.5$ [ $class$ [ $0$ ] ] [ $class$ [ $0$ ] ] ] ] ] [ $NumSatisfactoryTrades<0.5  \le  0.5$ [ $ExternalRiskEstimate<0.49  \le  0.5$ [ $ExternalRiskEstimate<0.49  \le  0.5$ [ $class$ [ $0$ ] ] [ $class$ [ $0$ ] ] ] [ $ExternalRiskEstimate<0.49  \le  0.5$ [ $class$ [ $0$ ] ] [ $class$ [ $1$ ] ] ] ] [ $ExternalRiskEstimate<0.49  \le  0.5$ [ $ExternalRiskEstimate<0.49  \le  0.5$ [ $class$ [ $0$ ] ] [ $class$ [ $0$ ] ] ] [ $ExternalRiskEstimate<0.49  \le  0.5$ [ $class$ [ $1$ ] ] [ $class$ [ $1$ ] ] ] ] ] ] ] ],
fico-binary,complete,1,10459,17,17,binoct,6,None,None,300,leviathan,1,4,8368,17,34,400.4187704,7,64,127,70.62619503,70.10999522,[ $Installment<0.7  \le  0.5$ [ $Installment<0.5  \le  0.5$ [ $TradeOpenTime<0.6  \le  0.5$ [ $TradeFrequency<0.6  \le  0.5$ [ $TradeFrequency<0.6  \le  0.5$ [ $TradeOpenTime<0.6  \le  0.5$ [ $class$ [ $0$ ] ] [ $class$ [ $0$ ] ] ] [ $ExternalRiskEstimate<0.80  \le  0.5$ [ $class$ [ $0$ ] ] [ $class$ [ $1$ ] ] ] ] [ $Inquiry<0.75  \le  0.5$ [ $ExternalRiskEstimate<0.49  \le  0.5$ [ $class$ [ $0$ ] ] [ $class$ [ $0$ ] ] ] [ $Delinquency<0.55  \le  0.5$ [ $class$ [ $0$ ] ] [ $class$ [ $0$ ] ] ] ] ] [ $Delinquency<0.55  \le  0.5$ [ $Delinquency<0.55  \le  0.5$ [ $ExternalRiskEstimate<0.65  \le  0.5$ [ $class$ [ $0$ ] ] [ $class$ [ $0$ ] ] ] [ $Inquiry<0.75  \le  0.5$ [ $class$ [ $1$ ] ] [ $class$ [ $0$ ] ] ] ] [ $Inquiry<0.75  \le  0.5$ [ $TradeFrequency<0.45  \le  0.5$ [ $class$ [ $0$ ] ] [ $class$ [ $1$ ] ] ] [ $Delinquency<0.55  \le  0.5$ [ $class$ [ $1$ ] ] [ $class$ [ $1$ ] ] ] ] ] ] [ $ExternalRiskEstimate<0.80  \le  0.5$ [ $NumSatisfactoryTrades<0.5  \le  0.5$ [ $TradeWBalance<0.33  \le  0.5$ [ $TradeFrequency<0.45  \le  0.5$ [ $class$ [ $0$ ] ] [ $class$ [ $0$ ] ] ] [ $RevolvingBalance<0.6  \le  0.5$ [ $class$ [ $0$ ] ] [ $class$ [ $0$ ] ] ] ] [ $ExternalRiskEstimate<0.65  \le  0.5$ [ $ExternalRiskEstimate<0.80  \le  0.5$ [ $class$ [ $0$ ] ] [ $class$ [ $1$ ] ] ] [ $ExternalRiskEstimate<0.65  \le  0.5$ [ $class$ [ $0$ ] ] [ $class$ [ $0$ ] ] ] ] ] [ $ExternalRiskEstimate<0.49  \le  0.5$ [ $TradeWBalance<0.33  \le  0.5$ [ $NumSatisfactoryTrades<0.5  \le  0.5$ [ $class$ [ $0$ ] ] [ $class$ [ $0$ ] ] ] [ $Inquiry<0.75  \le  0.5$ [ $class$ [ $0$ ] ] [ $class$ [ $0$ ] ] ] ] [ $TradeFrequency<0.6  \le  0.5$ [ $ExternalRiskEstimate<0.49  \le  0.5$ [ $class$ [ $1$ ] ] [ $class$ [ $0$ ] ] ] [ $Inquiry<0.75  \le  0.5$ [ $class$ [ $0$ ] ] [ $class$ [ $0$ ] ] ] ] ] ] ] [ $ExternalRiskEstimate<0.49  \le  0.5$ [ $ExternalRiskEstimate<0.80  \le  0.5$ [ $TradeWBalance<0.33  \le  0.5$ [ $TradeWBalance<0.33  \le  0.5$ [ $Installment<0.7  \le  0.5$ [ $class$ [ $0$ ] ] [ $class$ [ $0$ ] ] ] [ $TradeOpenTime<0.6  \le  0.5$ [ $class$ [ $0$ ] ] [ $class$ [ $0$ ] ] ] ] [ $Delinquency<0.75  \le  0.5$ [ $Installment<0.5  \le  0.5$ [ $class$ [ $0$ ] ] [ $class$ [ $0$ ] ] ] [ $Inquiry<0.75  \le  0.5$ [ $class$ [ $0$ ] ] [ $class$ [ $1$ ] ] ] ] ] [ $Installment<0.7  \le  0.5$ [ $ExternalRiskEstimate<0.80  \le  0.5$ [ $ExternalRiskEstimate<0.49  \le  0.5$ [ $class$ [ $0$ ] ] [ $class$ [ $0$ ] ] ] [ $ExternalRiskEstimate<0.80  \le  0.5$ [ $class$ [ $0$ ] ] [ $class$ [ $1$ ] ] ] ] [ $Inquiry<0.75  \le  0.5$ [ $Delinquency<0.55  \le  0.5$ [ $class$ [ $0$ ] ] [ $class$ [ $0$ ] ] ] [ $Installment<0.5  \le  0.5$ [ $class$ [ $0$ ] ] [ $class$ [ $1$ ] ] ] ] ] ] [ $Delinquency<0.55  \le  0.5$ [ $Delinquency<0.75  \le  0.5$ [ $TradeWBalance<0.33  \le  0.5$ [ $RevolvingBalance<0.4  \le  0.5$ [ $class$ [ $0$ ] ] [ $class$ [ $0$ ] ] ] [ $TradeOpenTime<0.6  \le  0.5$ [ $class$ [ $0$ ] ] [ $class$ [ $0$ ] ] ] ] [ $Delinquency<0.55  \le  0.5$ [ $ExternalRiskEstimate<0.49  \le  0.5$ [ $class$ [ $0$ ] ] [ $class$ [ $1$ ] ] ] [ $ExternalRiskEstimate<0.49  \le  0.5$ [ $class$ [ $1$ ] ] [ $class$ [ $0$ ] ] ] ] ] [ $Installment<0.7  \le  0.5$ [ $TradeWBalance<0.33  \le  0.5$ [ $Utilization<0.6  \le  0.5$ [ $class$ [ $0$ ] ] [ $class$ [ $0$ ] ] ] [ $ExternalRiskEstimate<0.80  \le  0.5$ [ $class$ [ $0$ ] ] [ $class$ [ $0$ ] ] ] ] [ $NumSatisfactoryTrades<0.5  \le  0.5$ [ $RevolvingBalance<0.6  \le  0.5$ [ $class$ [ $0$ ] ] [ $class$ [ $1$ ] ] ] [ $TradeOpenTime<0.85  \le  0.5$ [ $class$ [ $0$ ] ] [ $class$ [ $1$ ] ] ] ] ] ] ] ],
fico-binary,complete,1,10459,17,17,binoct,7,None,None,300,leviathan,1,0,8367,17,34,517.4124826,8,128,255,69.34385084,69.88527725,[ $ExternalRiskEstimate<0.49  \le  0.5$ [ $ExternalRiskEstimate<0.49  \le  0.5$ [ $ExternalRiskEstimate<0.80  \le  0.5$ [ $ExternalRiskEstimate<0.49  \le  0.5$ [ $ExternalRiskEstimate<0.49  \le  0.5$ [ $ExternalRiskEstimate<0.49  \le  0.5$ [ $ExternalRiskEstimate<0.49  \le  0.5$ [ $class$ [ $0$ ] ] [ $class$ [ $0$ ] ] ] [ $TradeWBalance<0.33  \le  0.5$ [ $class$ [ $0$ ] ] [ $class$ [ $1$ ] ] ] ] [ $ExternalRiskEstimate<0.49  \le  0.5$ [ $TradeFrequency<0.45  \le  0.5$ [ $class$ [ $0$ ] ] [ $class$ [ $1$ ] ] ] [ $ExternalRiskEstimate<0.49  \le  0.5$ [ $class$ [ $0$ ] ] [ $class$ [ $0$ ] ] ] ] ] [ $ExternalRiskEstimate<0.49  \le  0.5$ [ $ExternalRiskEstimate<0.49  \le  0.5$ [ $ExternalRiskEstimate<0.49  \le  0.5$ [ $class$ [ $0$ ] ] [ $class$ [ $0$ ] ] ] [ $Delinquency<0.75  \le  0.5$ [ $class$ [ $1$ ] ] [ $class$ [ $0$ ] ] ] ] [ $ExternalRiskEstimate<0.49  \le  0.5$ [ $ExternalRiskEstimate<0.49  \le  0.5$ [ $class$ [ $0$ ] ] [ $class$ [ $1$ ] ] ] [ $ExternalRiskEstimate<0.65  \le  0.5$ [ $class$ [ $0$ ] ] [ $class$ [ $1$ ] ] ] ] ] ] [ $ExternalRiskEstimate<0.49  \le  0.5$ [ $ExternalRiskEstimate<0.49  \le  0.5$ [ $ExternalRiskEstimate<0.49  \le  0.5$ [ $ExternalRiskEstimate<0.49  \le  0.5$ [ $class$ [ $0$ ] ] [ $class$ [ $0$ ] ] ] [ $ExternalRiskEstimate<0.49  \le  0.5$ [ $class$ [ $1$ ] ] [ $class$ [ $0$ ] ] ] ] [ $ExternalRiskEstimate<0.80  \le  0.5$ [ $ExternalRiskEstimate<0.49  \le  0.5$ [ $class$ [ $0$ ] ] [ $class$ [ $0$ ] ] ] [ $ExternalRiskEstimate<0.49  \le  0.5$ [ $class$ [ $1$ ] ] [ $class$ [ $1$ ] ] ] ] ] [ $ExternalRiskEstimate<0.49  \le  0.5$ [ $ExternalRiskEstimate<0.49  \le  0.5$ [ $ExternalRiskEstimate<0.49  \le  0.5$ [ $class$ [ $0$ ] ] [ $class$ [ $1$ ] ] ] [ $Inquiry<0.75  \le  0.5$ [ $class$ [ $0$ ] ] [ $class$ [ $1$ ] ] ] ] [ $ExternalRiskEstimate<0.49  \le  0.5$ [ $TradeWBalance<0.33  \le  0.5$ [ $class$ [ $0$ ] ] [ $class$ [ $0$ ] ] ] [ $Installment<0.7  \le  0.5$ [ $class$ [ $1$ ] ] [ $class$ [ $1$ ] ] ] ] ] ] ] [ $ExternalRiskEstimate<0.49  \le  0.5$ [ $ExternalRiskEstimate<0.49  \le  0.5$ [ $ExternalRiskEstimate<0.49  \le  0.5$ [ $Delinquency<0.75  \le  0.5$ [ $Installment<0.5  \le  0.5$ [ $class$ [ $0$ ] ] [ $class$ [ $0$ ] ] ] [ $ExternalRiskEstimate<0.49  \le  0.5$ [ $class$ [ $1$ ] ] [ $class$ [ $0$ ] ] ] ] [ $RevolvingBalance<0.6  \le  0.5$ [ $TradeWBalance<0.33  \le  0.5$ [ $class$ [ $1$ ] ] [ $class$ [ $1$ ] ] ] [ $ExternalRiskEstimate<0.49  \le  0.5$ [ $class$ [ $0$ ] ] [ $class$ [ $0$ ] ] ] ] ] [ $ExternalRiskEstimate<0.49  \le  0.5$ [ $ExternalRiskEstimate<0.49  \le  0.5$ [ $ExternalRiskEstimate<0.49  \le  0.5$ [ $class$ [ $0$ ] ] [ $class$ [ $1$ ] ] ] [ $Installment<0.7  \le  0.5$ [ $class$ [ $1$ ] ] [ $class$ [ $1$ ] ] ] ] [ $ExternalRiskEstimate<0.49  \le  0.5$ [ $ExternalRiskEstimate<0.49  \le  0.5$ [ $class$ [ $0$ ] ] [ $class$ [ $0$ ] ] ] [ $Delinquency<0.75  \le  0.5$ [ $class$ [ $0$ ] ] [ $class$ [ $1$ ] ] ] ] ] ] [ $ExternalRiskEstimate<0.80  \le  0.5$ [ $ExternalRiskEstimate<0.49  \le  0.5$ [ $Delinquency<0.55  \le  0.5$ [ $RevolvingBalance<0.6  \le  0.5$ [ $class$ [ $0$ ] ] [ $class$ [ $0$ ] ] ] [ $ExternalRiskEstimate<0.49  \le  0.5$ [ $class$ [ $1$ ] ] [ $class$ [ $1$ ] ] ] ] [ $ExternalRiskEstimate<0.49  \le  0.5$ [ $ExternalRiskEstimate<0.49  \le  0.5$ [ $class$ [ $1$ ] ] [ $class$ [ $0$ ] ] ] [ $ExternalRiskEstimate<0.49  \le  0.5$ [ $class$ [ $1$ ] ] [ $class$ [ $0$ ] ] ] ] ] [ $ExternalRiskEstimate<0.49  \le  0.5$ [ $ExternalRiskEstimate<0.49  \le  0.5$ [ $ExternalRiskEstimate<0.49  \le  0.5$ [ $class$ [ $1$ ] ] [ $class$ [ $0$ ] ] ] [ $Installment<0.7  \le  0.5$ [ $class$ [ $0$ ] ] [ $class$ [ $0$ ] ] ] ] [ $ExternalRiskEstimate<0.49  \le  0.5$ [ $ExternalRiskEstimate<0.65  \le  0.5$ [ $class$ [ $1$ ] ] [ $class$ [ $0$ ] ] ] [ $Delinquency<0.75  \le  0.5$ [ $class$ [ $0$ ] ] [ $class$ [ $1$ ] ] ] ] ] ] ] ] [ $Inquiry<0.75  \le  0.5$ [ $ExternalRiskEstimate<0.49  \le  0.5$ [ $ExternalRiskEstimate<0.49  \le  0.5$ [ $Inquiry<0.75  \le  0.5$ [ $ExternalRiskEstimate<0.49  \le  0.5$ [ $Utilization<0.6  \le  0.5$ [ $class$ [ $0$ ] ] [ $class$ [ $0$ ] ] ] [ $ExternalRiskEstimate<0.49  \le  0.5$ [ $class$ [ $0$ ] ] [ $class$ [ $0$ ] ] ] ] [ $TradeFrequency<0.45  \le  0.5$ [ $ExternalRiskEstimate<0.49  \le  0.5$ [ $class$ [ $0$ ] ] [ $class$ [ $0$ ] ] ] [ $TradeOpenTime<0.6  \le  0.5$ [ $class$ [ $1$ ] ] [ $class$ [ $0$ ] ] ] ] ] [ $TradeWBalance<0.33  \le  0.5$ [ $Utilization<0.6  \le  0.5$ [ $ExternalRiskEstimate<0.49  \le  0.5$ [ $class$ [ $0$ ] ] [ $class$ [ $1$ ] ] ] [ $ExternalRiskEstimate<0.49  \le  0.5$ [ $class$ [ $1$ ] ] [ $class$ [ $0$ ] ] ] ] [ $Utilization<0.6  \le  0.5$ [ $ExternalRiskEstimate<0.49  \le  0.5$ [ $class$ [ $0$ ] ] [ $class$ [ $0$ ] ] ] [ $Installment<0.7  \le  0.5$ [ $class$ [ $0$ ] ] [ $class$ [ $0$ ] ] ] ] ] ] [ $Installment<0.7  \le  0.5$ [ $RevolvingBalance<0.4  \le  0.5$ [ $ExternalRiskEstimate<0.49  \le  0.5$ [ $ExternalRiskEstimate<0.49  \le  0.5$ [ $class$ [ $0$ ] ] [ $class$ [ $0$ ] ] ] [ $TradeFrequency<0.45  \le  0.5$ [ $class$ [ $0$ ] ] [ $class$ [ $0$ ] ] ] ] [ $TradeFrequency<0.45  \le  0.5$ [ $ExternalRiskEstimate<0.49  \le  0.5$ [ $class$ [ $0$ ] ] [ $class$ [ $0$ ] ] ] [ $ExternalRiskEstimate<0.49  \le  0.5$ [ $class$ [ $0$ ] ] [ $class$ [ $1$ ] ] ] ] ] [ $ExternalRiskEstimate<0.49  \le  0.5$ [ $ExternalRiskEstimate<0.49  \le  0.5$ [ $Delinquency<0.55  \le  0.5$ [ $class$ [ $0$ ] ] [ $class$ [ $1$ ] ] ] [ $ExternalRiskEstimate<0.49  \le  0.5$ [ $class$ [ $0$ ] ] [ $class$ [ $0$ ] ] ] ] [ $TradeFrequency<0.45  \le  0.5$ [ $TradeFrequency<0.45  \le  0.5$ [ $class$ [ $1$ ] ] [ $class$ [ $0$ ] ] ] [ $RevolvingBalance<0.6  \le  0.5$ [ $class$ [ $0$ ] ] [ $class$ [ $1$ ] ] ] ] ] ] ] [ $ExternalRiskEstimate<0.49  \le  0.5$ [ $ExternalRiskEstimate<0.49  \le  0.5$ [ $TradeOpenTime<0.85  \le  0.5$ [ $ExternalRiskEstimate<0.49  \le  0.5$ [ $ExternalRiskEstimate<0.49  \le  0.5$ [ $class$ [ $0$ ] ] [ $class$ [ $1$ ] ] ] [ $ExternalRiskEstimate<0.49  \le  0.5$ [ $class$ [ $1$ ] ] [ $class$ [ $1$ ] ] ] ] [ $Installment<0.7  \le  0.5$ [ $ExternalRiskEstimate<0.49  \le  0.5$ [ $class$ [ $0$ ] ] [ $class$ [ $1$ ] ] ] [ $NumSatisfactoryTrades<0.5  \le  0.5$ [ $class$ [ $1$ ] ] [ $class$ [ $0$ ] ] ] ] ] [ $ExternalRiskEstimate<0.49  \le  0.5$ [ $ExternalRiskEstimate<0.49  \le  0.5$ [ $ExternalRiskEstimate<0.49  \le  0.5$ [ $class$ [ $1$ ] ] [ $class$ [ $1$ ] ] ] [ $ExternalRiskEstimate<0.49  \le  0.5$ [ $class$ [ $0$ ] ] [ $class$ [ $1$ ] ] ] ] [ $ExternalRiskEstimate<0.49  \le  0.5$ [ $ExternalRiskEstimate<0.49  \le  0.5$ [ $class$ [ $1$ ] ] [ $class$ [ $0$ ] ] ] [ $ExternalRiskEstimate<0.49  \le  0.5$ [ $class$ [ $1$ ] ] [ $class$ [ $1$ ] ] ] ] ] ] [ $ExternalRiskEstimate<0.49  \le  0.5$ [ $ExternalRiskEstimate<0.49  \le  0.5$ [ $Delinquency<0.75  \le  0.5$ [ $ExternalRiskEstimate<0.49  \le  0.5$ [ $class$ [ $0$ ] ] [ $class$ [ $1$ ] ] ] [ $ExternalRiskEstimate<0.49  \le  0.5$ [ $class$ [ $0$ ] ] [ $class$ [ $1$ ] ] ] ] [ $ExternalRiskEstimate<0.49  \le  0.5$ [ $Inquiry<0.75  \le  0.5$ [ $class$ [ $0$ ] ] [ $class$ [ $1$ ] ] ] [ $TradeFrequency<0.45  \le  0.5$ [ $class$ [ $0$ ] ] [ $class$ [ $1$ ] ] ] ] ] [ $ExternalRiskEstimate<0.49  \le  0.5$ [ $ExternalRiskEstimate<0.49  \le  0.5$ [ $ExternalRiskEstimate<0.49  \le  0.5$ [ $class$ [ $0$ ] ] [ $class$ [ $0$ ] ] ] [ $ExternalRiskEstimate<0.49  \le  0.5$ [ $class$ [ $0$ ] ] [ $class$ [ $0$ ] ] ] ] [ $ExternalRiskEstimate<0.49  \le  0.5$ [ $Installment<0.5  \le  0.5$ [ $class$ [ $1$ ] ] [ $class$ [ $0$ ] ] ] [ $RevolvingBalance<0.6  \le  0.5$ [ $class$ [ $1$ ] ] [ $class$ [ $1$ ] ] ] ] ] ] ] ] ],
fico-binary,complete,1,10459,17,17,binoct,7,None,None,300,leviathan,1,1,8367,17,34,515.3180656,8,128,255,69.67849886,68.45124283,[ $ExternalRiskEstimate<0.49  \le  0.5$ [ $Installment<0.5  \le  0.5$ [ $ExternalRiskEstimate<0.49  \le  0.5$ [ $TradeWBalance<0.33  \le  0.5$ [ $ExternalRiskEstimate<0.49  \le  0.5$ [ $ExternalRiskEstimate<0.49  \le  0.5$ [ $ExternalRiskEstimate<0.49  \le  0.5$ [ $class$ [ $0$ ] ] [ $class$ [ $0$ ] ] ] [ $ExternalRiskEstimate<0.49  \le  0.5$ [ $class$ [ $0$ ] ] [ $class$ [ $0$ ] ] ] ] [ $ExternalRiskEstimate<0.49  \le  0.5$ [ $ExternalRiskEstimate<0.49  \le  0.5$ [ $class$ [ $0$ ] ] [ $class$ [ $0$ ] ] ] [ $ExternalRiskEstimate<0.49  \le  0.5$ [ $class$ [ $0$ ] ] [ $class$ [ $0$ ] ] ] ] ] [ $ExternalRiskEstimate<0.49  \le  0.5$ [ $ExternalRiskEstimate<0.49  \le  0.5$ [ $ExternalRiskEstimate<0.49  \le  0.5$ [ $class$ [ $0$ ] ] [ $class$ [ $0$ ] ] ] [ $ExternalRiskEstimate<0.49  \le  0.5$ [ $class$ [ $0$ ] ] [ $class$ [ $0$ ] ] ] ] [ $ExternalRiskEstimate<0.49  \le  0.5$ [ $ExternalRiskEstimate<0.49  \le  0.5$ [ $class$ [ $0$ ] ] [ $class$ [ $1$ ] ] ] [ $ExternalRiskEstimate<0.49  \le  0.5$ [ $class$ [ $0$ ] ] [ $class$ [ $1$ ] ] ] ] ] ] [ $ExternalRiskEstimate<0.49  \le  0.5$ [ $ExternalRiskEstimate<0.49  \le  0.5$ [ $ExternalRiskEstimate<0.49  \le  0.5$ [ $ExternalRiskEstimate<0.49  \le  0.5$ [ $class$ [ $0$ ] ] [ $class$ [ $0$ ] ] ] [ $ExternalRiskEstimate<0.49  \le  0.5$ [ $class$ [ $0$ ] ] [ $class$ [ $0$ ] ] ] ] [ $ExternalRiskEstimate<0.49  \le  0.5$ [ $ExternalRiskEstimate<0.49  \le  0.5$ [ $class$ [ $0$ ] ] [ $class$ [ $0$ ] ] ] [ $ExternalRiskEstimate<0.49  \le  0.5$ [ $class$ [ $0$ ] ] [ $class$ [ $0$ ] ] ] ] ] [ $ExternalRiskEstimate<0.49  \le  0.5$ [ $ExternalRiskEstimate<0.49  \le  0.5$ [ $ExternalRiskEstimate<0.49  \le  0.5$ [ $class$ [ $0$ ] ] [ $class$ [ $0$ ] ] ] [ $ExternalRiskEstimate<0.49  \le  0.5$ [ $class$ [ $0$ ] ] [ $class$ [ $0$ ] ] ] ] [ $ExternalRiskEstimate<0.49  \le  0.5$ [ $ExternalRiskEstimate<0.49  \le  0.5$ [ $class$ [ $0$ ] ] [ $class$ [ $0$ ] ] ] [ $ExternalRiskEstimate<0.49  \le  0.5$ [ $class$ [ $1$ ] ] [ $class$ [ $1$ ] ] ] ] ] ] ] [ $ExternalRiskEstimate<0.49  \le  0.5$ [ $ExternalRiskEstimate<0.49  \le  0.5$ [ $ExternalRiskEstimate<0.49  \le  0.5$ [ $ExternalRiskEstimate<0.49  \le  0.5$ [ $ExternalRiskEstimate<0.49  \le  0.5$ [ $class$ [ $0$ ] ] [ $class$ [ $0$ ] ] ] [ $ExternalRiskEstimate<0.49  \le  0.5$ [ $class$ [ $0$ ] ] [ $class$ [ $0$ ] ] ] ] [ $ExternalRiskEstimate<0.49  \le  0.5$ [ $ExternalRiskEstimate<0.49  \le  0.5$ [ $class$ [ $0$ ] ] [ $class$ [ $0$ ] ] ] [ $ExternalRiskEstimate<0.49  \le  0.5$ [ $class$ [ $0$ ] ] [ $class$ [ $0$ ] ] ] ] ] [ $ExternalRiskEstimate<0.49  \le  0.5$ [ $ExternalRiskEstimate<0.49  \le  0.5$ [ $ExternalRiskEstimate<0.49  \le  0.5$ [ $class$ [ $0$ ] ] [ $class$ [ $0$ ] ] ] [ $ExternalRiskEstimate<0.49  \le  0.5$ [ $class$ [ $0$ ] ] [ $class$ [ $0$ ] ] ] ] [ $ExternalRiskEstimate<0.49  \le  0.5$ [ $ExternalRiskEstimate<0.49  \le  0.5$ [ $class$ [ $0$ ] ] [ $class$ [ $0$ ] ] ] [ $ExternalRiskEstimate<0.49  \le  0.5$ [ $class$ [ $0$ ] ] [ $class$ [ $0$ ] ] ] ] ] ] [ $ExternalRiskEstimate<0.49  \le  0.5$ [ $ExternalRiskEstimate<0.49  \le  0.5$ [ $ExternalRiskEstimate<0.49  \le  0.5$ [ $ExternalRiskEstimate<0.49  \le  0.5$ [ $class$ [ $0$ ] ] [ $class$ [ $0$ ] ] ] [ $ExternalRiskEstimate<0.49  \le  0.5$ [ $class$ [ $0$ ] ] [ $class$ [ $0$ ] ] ] ] [ $ExternalRiskEstimate<0.49  \le  0.5$ [ $ExternalRiskEstimate<0.49  \le  0.5$ [ $class$ [ $0$ ] ] [ $class$ [ $0$ ] ] ] [ $ExternalRiskEstimate<0.49  \le  0.5$ [ $class$ [ $0$ ] ] [ $class$ [ $0$ ] ] ] ] ] [ $ExternalRiskEstimate<0.49  \le  0.5$ [ $ExternalRiskEstimate<0.49  \le  0.5$ [ $ExternalRiskEstimate<0.49  \le  0.5$ [ $class$ [ $0$ ] ] [ $class$ [ $0$ ] ] ] [ $ExternalRiskEstimate<0.49  \le  0.5$ [ $class$ [ $0$ ] ] [ $class$ [ $0$ ] ] ] ] [ $ExternalRiskEstimate<0.49  \le  0.5$ [ $ExternalRiskEstimate<0.49  \le  0.5$ [ $class$ [ $0$ ] ] [ $class$ [ $0$ ] ] ] [ $ExternalRiskEstimate<0.49  \le  0.5$ [ $class$ [ $0$ ] ] [ $class$ [ $0$ ] ] ] ] ] ] ] ] [ $ExternalRiskEstimate<0.49  \le  0.5$ [ $ExternalRiskEstimate<0.49  \le  0.5$ [ $ExternalRiskEstimate<0.49  \le  0.5$ [ $ExternalRiskEstimate<0.49  \le  0.5$ [ $ExternalRiskEstimate<0.49  \le  0.5$ [ $Utilization<0.6  \le  0.5$ [ $class$ [ $0$ ] ] [ $class$ [ $0$ ] ] ] [ $ExternalRiskEstimate<0.49  \le  0.5$ [ $class$ [ $0$ ] ] [ $class$ [ $0$ ] ] ] ] [ $ExternalRiskEstimate<0.49  \le  0.5$ [ $ExternalRiskEstimate<0.49  \le  0.5$ [ $class$ [ $0$ ] ] [ $class$ [ $0$ ] ] ] [ $ExternalRiskEstimate<0.49  \le  0.5$ [ $class$ [ $0$ ] ] [ $class$ [ $0$ ] ] ] ] ] [ $ExternalRiskEstimate<0.49  \le  0.5$ [ $ExternalRiskEstimate<0.49  \le  0.5$ [ $ExternalRiskEstimate<0.49  \le  0.5$ [ $class$ [ $0$ ] ] [ $class$ [ $0$ ] ] ] [ $ExternalRiskEstimate<0.49  \le  0.5$ [ $class$ [ $0$ ] ] [ $class$ [ $0$ ] ] ] ] [ $ExternalRiskEstimate<0.49  \le  0.5$ [ $ExternalRiskEstimate<0.49  \le  0.5$ [ $class$ [ $0$ ] ] [ $class$ [ $0$ ] ] ] [ $ExternalRiskEstimate<0.49  \le  0.5$ [ $class$ [ $0$ ] ] [ $class$ [ $0$ ] ] ] ] ] ] [ $ExternalRiskEstimate<0.49  \le  0.5$ [ $ExternalRiskEstimate<0.49  \le  0.5$ [ $ExternalRiskEstimate<0.49  \le  0.5$ [ $ExternalRiskEstimate<0.49  \le  0.5$ [ $class$ [ $0$ ] ] [ $class$ [ $0$ ] ] ] [ $ExternalRiskEstimate<0.49  \le  0.5$ [ $class$ [ $0$ ] ] [ $class$ [ $0$ ] ] ] ] [ $TradeFrequency<0.45  \le  0.5$ [ $TradeFrequency<0.6  \le  0.5$ [ $class$ [ $0$ ] ] [ $class$ [ $1$ ] ] ] [ $ExternalRiskEstimate<0.49  \le  0.5$ [ $class$ [ $0$ ] ] [ $class$ [ $1$ ] ] ] ] ] [ $ExternalRiskEstimate<0.49  \le  0.5$ [ $ExternalRiskEstimate<0.49  \le  0.5$ [ $ExternalRiskEstimate<0.49  \le  0.5$ [ $class$ [ $0$ ] ] [ $class$ [ $0$ ] ] ] [ $ExternalRiskEstimate<0.49  \le  0.5$ [ $class$ [ $0$ ] ] [ $class$ [ $0$ ] ] ] ] [ $ExternalRiskEstimate<0.49  \le  0.5$ [ $ExternalRiskEstimate<0.49  \le  0.5$ [ $class$ [ $0$ ] ] [ $class$ [ $0$ ] ] ] [ $ExternalRiskEstimate<0.49  \le  0.5$ [ $class$ [ $0$ ] ] [ $class$ [ $0$ ] ] ] ] ] ] ] [ $ExternalRiskEstimate<0.49  \le  0.5$ [ $ExternalRiskEstimate<0.49  \le  0.5$ [ $ExternalRiskEstimate<0.49  \le  0.5$ [ $ExternalRiskEstimate<0.49  \le  0.5$ [ $ExternalRiskEstimate<0.49  \le  0.5$ [ $class$ [ $0$ ] ] [ $class$ [ $0$ ] ] ] [ $ExternalRiskEstimate<0.49  \le  0.5$ [ $class$ [ $0$ ] ] [ $class$ [ $0$ ] ] ] ] [ $Installment<0.7  \le  0.5$ [ $ExternalRiskEstimate<0.49  \le  0.5$ [ $class$ [ $0$ ] ] [ $class$ [ $1$ ] ] ] [ $ExternalRiskEstimate<0.49  \le  0.5$ [ $class$ [ $0$ ] ] [ $class$ [ $0$ ] ] ] ] ] [ $ExternalRiskEstimate<0.49  \le  0.5$ [ $ExternalRiskEstimate<0.49  \le  0.5$ [ $ExternalRiskEstimate<0.49  \le  0.5$ [ $class$ [ $0$ ] ] [ $class$ [ $0$ ] ] ] [ $ExternalRiskEstimate<0.49  \le  0.5$ [ $class$ [ $0$ ] ] [ $class$ [ $0$ ] ] ] ] [ $ExternalRiskEstimate<0.49  \le  0.5$ [ $ExternalRiskEstimate<0.49  \le  0.5$ [ $class$ [ $0$ ] ] [ $class$ [ $0$ ] ] ] [ $ExternalRiskEstimate<0.49  \le  0.5$ [ $class$ [ $0$ ] ] [ $class$ [ $0$ ] ] ] ] ] ] [ $ExternalRiskEstimate<0.49  \le  0.5$ [ $ExternalRiskEstimate<0.49  \le  0.5$ [ $Delinquency<0.75  \le  0.5$ [ $ExternalRiskEstimate<0.49  \le  0.5$ [ $class$ [ $0$ ] ] [ $class$ [ $1$ ] ] ] [ $ExternalRiskEstimate<0.49  \le  0.5$ [ $class$ [ $0$ ] ] [ $class$ [ $0$ ] ] ] ] [ $ExternalRiskEstimate<0.49  \le  0.5$ [ $ExternalRiskEstimate<0.49  \le  0.5$ [ $class$ [ $0$ ] ] [ $class$ [ $0$ ] ] ] [ $ExternalRiskEstimate<0.49  \le  0.5$ [ $class$ [ $0$ ] ] [ $class$ [ $0$ ] ] ] ] ] [ $TradeWBalance<0.33  \le  0.5$ [ $Inquiry<0.75  \le  0.5$ [ $TradeFrequency<0.6  \le  0.5$ [ $class$ [ $0$ ] ] [ $class$ [ $1$ ] ] ] [ $ExternalRiskEstimate<0.49  \le  0.5$ [ $class$ [ $0$ ] ] [ $class$ [ $1$ ] ] ] ] [ $ExternalRiskEstimate<0.49  \le  0.5$ [ $ExternalRiskEstimate<0.49  \le  0.5$ [ $class$ [ $0$ ] ] [ $class$ [ $0$ ] ] ] [ $RevolvingBalance<0.6  \le  0.5$ [ $class$ [ $1$ ] ] [ $class$ [ $1$ ] ] ] ] ] ] ] ] ],
fico-binary,complete,1,10459,17,17,binoct,7,None,None,300,leviathan,1,2,8367,17,34,516.7898596,8,128,255,69.47531971,70.26768642,[ $ExternalRiskEstimate<0.49  \le  0.5$ [ $Installment<0.5  \le  0.5$ [ $ExternalRiskEstimate<0.80  \le  0.5$ [ $TradeWBalance<0.33  \le  0.5$ [ $ExternalRiskEstimate<0.49  \le  0.5$ [ $ExternalRiskEstimate<0.49  \le  0.5$ [ $ExternalRiskEstimate<0.49  \le  0.5$ [ $class$ [ $0$ ] ] [ $class$ [ $0$ ] ] ] [ $ExternalRiskEstimate<0.49  \le  0.5$ [ $class$ [ $0$ ] ] [ $class$ [ $0$ ] ] ] ] [ $ExternalRiskEstimate<0.49  \le  0.5$ [ $ExternalRiskEstimate<0.49  \le  0.5$ [ $class$ [ $0$ ] ] [ $class$ [ $1$ ] ] ] [ $NumSatisfactoryTrades<0.5  \le  0.5$ [ $class$ [ $0$ ] ] [ $class$ [ $1$ ] ] ] ] ] [ $NumSatisfactoryTrades<0.5  \le  0.5$ [ $ExternalRiskEstimate<0.49  \le  0.5$ [ $ExternalRiskEstimate<0.49  \le  0.5$ [ $class$ [ $0$ ] ] [ $class$ [ $0$ ] ] ] [ $ExternalRiskEstimate<0.49  \le  0.5$ [ $class$ [ $1$ ] ] [ $class$ [ $0$ ] ] ] ] [ $ExternalRiskEstimate<0.49  \le  0.5$ [ $Inquiry<0.75  \le  0.5$ [ $class$ [ $0$ ] ] [ $class$ [ $1$ ] ] ] [ $ExternalRiskEstimate<0.49  \le  0.5$ [ $class$ [ $1$ ] ] [ $class$ [ $0$ ] ] ] ] ] ] [ $ExternalRiskEstimate<0.49  \le  0.5$ [ $ExternalRiskEstimate<0.49  \le  0.5$ [ $ExternalRiskEstimate<0.49  \le  0.5$ [ $ExternalRiskEstimate<0.49  \le  0.5$ [ $class$ [ $0$ ] ] [ $class$ [ $0$ ] ] ] [ $ExternalRiskEstimate<0.49  \le  0.5$ [ $class$ [ $0$ ] ] [ $class$ [ $0$ ] ] ] ] [ $ExternalRiskEstimate<0.49  \le  0.5$ [ $ExternalRiskEstimate<0.49  \le  0.5$ [ $class$ [ $0$ ] ] [ $class$ [ $0$ ] ] ] [ $ExternalRiskEstimate<0.49  \le  0.5$ [ $class$ [ $0$ ] ] [ $class$ [ $0$ ] ] ] ] ] [ $ExternalRiskEstimate<0.49  \le  0.5$ [ $ExternalRiskEstimate<0.49  \le  0.5$ [ $ExternalRiskEstimate<0.49  \le  0.5$ [ $class$ [ $0$ ] ] [ $class$ [ $0$ ] ] ] [ $ExternalRiskEstimate<0.49  \le  0.5$ [ $class$ [ $0$ ] ] [ $class$ [ $0$ ] ] ] ] [ $ExternalRiskEstimate<0.49  \le  0.5$ [ $TradeWBalance<0.33  \le  0.5$ [ $class$ [ $0$ ] ] [ $class$ [ $0$ ] ] ] [ $ExternalRiskEstimate<0.49  \le  0.5$ [ $class$ [ $0$ ] ] [ $class$ [ $0$ ] ] ] ] ] ] ] [ $ExternalRiskEstimate<0.49  \le  0.5$ [ $ExternalRiskEstimate<0.49  \le  0.5$ [ $ExternalRiskEstimate<0.49  \le  0.5$ [ $ExternalRiskEstimate<0.49  \le  0.5$ [ $ExternalRiskEstimate<0.49  \le  0.5$ [ $class$ [ $0$ ] ] [ $class$ [ $0$ ] ] ] [ $ExternalRiskEstimate<0.49  \le  0.5$ [ $class$ [ $0$ ] ] [ $class$ [ $0$ ] ] ] ] [ $ExternalRiskEstimate<0.49  \le  0.5$ [ $ExternalRiskEstimate<0.49  \le  0.5$ [ $class$ [ $0$ ] ] [ $class$ [ $0$ ] ] ] [ $ExternalRiskEstimate<0.49  \le  0.5$ [ $class$ [ $0$ ] ] [ $class$ [ $0$ ] ] ] ] ] [ $ExternalRiskEstimate<0.49  \le  0.5$ [ $ExternalRiskEstimate<0.49  \le  0.5$ [ $ExternalRiskEstimate<0.49  \le  0.5$ [ $class$ [ $0$ ] ] [ $class$ [ $0$ ] ] ] [ $ExternalRiskEstimate<0.49  \le  0.5$ [ $class$ [ $0$ ] ] [ $class$ [ $0$ ] ] ] ] [ $ExternalRiskEstimate<0.49  \le  0.5$ [ $ExternalRiskEstimate<0.49  \le  0.5$ [ $class$ [ $0$ ] ] [ $class$ [ $0$ ] ] ] [ $ExternalRiskEstimate<0.49  \le  0.5$ [ $class$ [ $0$ ] ] [ $class$ [ $0$ ] ] ] ] ] ] [ $ExternalRiskEstimate<0.49  \le  0.5$ [ $ExternalRiskEstimate<0.49  \le  0.5$ [ $ExternalRiskEstimate<0.49  \le  0.5$ [ $ExternalRiskEstimate<0.49  \le  0.5$ [ $class$ [ $0$ ] ] [ $class$ [ $0$ ] ] ] [ $ExternalRiskEstimate<0.49  \le  0.5$ [ $class$ [ $0$ ] ] [ $class$ [ $0$ ] ] ] ] [ $ExternalRiskEstimate<0.49  \le  0.5$ [ $ExternalRiskEstimate<0.49  \le  0.5$ [ $class$ [ $0$ ] ] [ $class$ [ $0$ ] ] ] [ $ExternalRiskEstimate<0.49  \le  0.5$ [ $class$ [ $0$ ] ] [ $class$ [ $0$ ] ] ] ] ] [ $ExternalRiskEstimate<0.49  \le  0.5$ [ $ExternalRiskEstimate<0.49  \le  0.5$ [ $ExternalRiskEstimate<0.49  \le  0.5$ [ $class$ [ $0$ ] ] [ $class$ [ $0$ ] ] ] [ $ExternalRiskEstimate<0.49  \le  0.5$ [ $class$ [ $0$ ] ] [ $class$ [ $0$ ] ] ] ] [ $ExternalRiskEstimate<0.49  \le  0.5$ [ $ExternalRiskEstimate<0.49  \le  0.5$ [ $class$ [ $0$ ] ] [ $class$ [ $0$ ] ] ] [ $ExternalRiskEstimate<0.49  \le  0.5$ [ $class$ [ $0$ ] ] [ $class$ [ $0$ ] ] ] ] ] ] ] ] [ $Inquiry<0.75  \le  0.5$ [ $RevolvingBalance<0.4  \le  0.5$ [ $ExternalRiskEstimate<0.49  \le  0.5$ [ $ExternalRiskEstimate<0.49  \le  0.5$ [ $ExternalRiskEstimate<0.49  \le  0.5$ [ $Utilization<0.6  \le  0.5$ [ $class$ [ $0$ ] ] [ $class$ [ $0$ ] ] ] [ $ExternalRiskEstimate<0.49  \le  0.5$ [ $class$ [ $0$ ] ] [ $class$ [ $0$ ] ] ] ] [ $ExternalRiskEstimate<0.49  \le  0.5$ [ $ExternalRiskEstimate<0.49  \le  0.5$ [ $class$ [ $0$ ] ] [ $class$ [ $0$ ] ] ] [ $ExternalRiskEstimate<0.49  \le  0.5$ [ $class$ [ $0$ ] ] [ $class$ [ $0$ ] ] ] ] ] [ $TradeWBalance<0.33  \le  0.5$ [ $Utilization<0.6  \le  0.5$ [ $ExternalRiskEstimate<0.49  \le  0.5$ [ $class$ [ $0$ ] ] [ $class$ [ $0$ ] ] ] [ $ExternalRiskEstimate<0.49  \le  0.5$ [ $class$ [ $0$ ] ] [ $class$ [ $1$ ] ] ] ] [ $ExternalRiskEstimate<0.49  \le  0.5$ [ $ExternalRiskEstimate<0.49  \le  0.5$ [ $class$ [ $0$ ] ] [ $class$ [ $0$ ] ] ] [ $ExternalRiskEstimate<0.49  \le  0.5$ [ $class$ [ $0$ ] ] [ $class$ [ $1$ ] ] ] ] ] ] [ $Installment<0.7  \le  0.5$ [ $ExternalRiskEstimate<0.49  \le  0.5$ [ $ExternalRiskEstimate<0.49  \le  0.5$ [ $ExternalRiskEstimate<0.49  \le  0.5$ [ $class$ [ $0$ ] ] [ $class$ [ $0$ ] ] ] [ $ExternalRiskEstimate<0.49  \le  0.5$ [ $class$ [ $0$ ] ] [ $class$ [ $0$ ] ] ] ] [ $TradeFrequency<0.45  \le  0.5$ [ $TradeFrequency<0.6  \le  0.5$ [ $class$ [ $0$ ] ] [ $class$ [ $1$ ] ] ] [ $ExternalRiskEstimate<0.49  \le  0.5$ [ $class$ [ $0$ ] ] [ $class$ [ $0$ ] ] ] ] ] [ $TradeFrequency<0.6  \le  0.5$ [ $NumSatisfactoryTrades<0.5  \le  0.5$ [ $Delinquency<0.55  \le  0.5$ [ $class$ [ $0$ ] ] [ $class$ [ $1$ ] ] ] [ $TradeOpenTime<0.6  \le  0.5$ [ $class$ [ $1$ ] ] [ $class$ [ $1$ ] ] ] ] [ $TradeFrequency<0.45  \le  0.5$ [ $TradeFrequency<0.45  \le  0.5$ [ $class$ [ $1$ ] ] [ $class$ [ $0$ ] ] ] [ $ExternalRiskEstimate<0.49  \le  0.5$ [ $class$ [ $0$ ] ] [ $class$ [ $1$ ] ] ] ] ] ] ] [ $ExternalRiskEstimate<0.49  \le  0.5$ [ $ExternalRiskEstimate<0.49  \le  0.5$ [ $ExternalRiskEstimate<0.49  \le  0.5$ [ $ExternalRiskEstimate<0.49  \le  0.5$ [ $ExternalRiskEstimate<0.49  \le  0.5$ [ $class$ [ $0$ ] ] [ $class$ [ $0$ ] ] ] [ $ExternalRiskEstimate<0.49  \le  0.5$ [ $class$ [ $0$ ] ] [ $class$ [ $1$ ] ] ] ] [ $ExternalRiskEstimate<0.49  \le  0.5$ [ $ExternalRiskEstimate<0.49  \le  0.5$ [ $class$ [ $0$ ] ] [ $class$ [ $0$ ] ] ] [ $ExternalRiskEstimate<0.49  \le  0.5$ [ $class$ [ $0$ ] ] [ $class$ [ $0$ ] ] ] ] ] [ $ExternalRiskEstimate<0.49  \le  0.5$ [ $ExternalRiskEstimate<0.49  \le  0.5$ [ $ExternalRiskEstimate<0.49  \le  0.5$ [ $class$ [ $0$ ] ] [ $class$ [ $0$ ] ] ] [ $ExternalRiskEstimate<0.49  \le  0.5$ [ $class$ [ $0$ ] ] [ $class$ [ $0$ ] ] ] ] [ $ExternalRiskEstimate<0.49  \le  0.5$ [ $ExternalRiskEstimate<0.49  \le  0.5$ [ $class$ [ $1$ ] ] [ $class$ [ $0$ ] ] ] [ $ExternalRiskEstimate<0.49  \le  0.5$ [ $class$ [ $0$ ] ] [ $class$ [ $0$ ] ] ] ] ] ] [ $TradeWBalance<0.33  \le  0.5$ [ $ExternalRiskEstimate<0.49  \le  0.5$ [ $Delinquency<0.75  \le  0.5$ [ $ExternalRiskEstimate<0.49  \le  0.5$ [ $class$ [ $0$ ] ] [ $class$ [ $1$ ] ] ] [ $ExternalRiskEstimate<0.49  \le  0.5$ [ $class$ [ $0$ ] ] [ $class$ [ $0$ ] ] ] ] [ $TradeOpenTime<0.85  \le  0.5$ [ $ExternalRiskEstimate<0.49  \le  0.5$ [ $class$ [ $0$ ] ] [ $class$ [ $1$ ] ] ] [ $ExternalRiskEstimate<0.49  \le  0.5$ [ $class$ [ $0$ ] ] [ $class$ [ $1$ ] ] ] ] ] [ $ExternalRiskEstimate<0.49  \le  0.5$ [ $ExternalRiskEstimate<0.49  \le  0.5$ [ $ExternalRiskEstimate<0.49  \le  0.5$ [ $class$ [ $0$ ] ] [ $class$ [ $0$ ] ] ] [ $ExternalRiskEstimate<0.49  \le  0.5$ [ $class$ [ $0$ ] ] [ $class$ [ $0$ ] ] ] ] [ $ExternalRiskEstimate<0.49  \le  0.5$ [ $ExternalRiskEstimate<0.49  \le  0.5$ [ $class$ [ $0$ ] ] [ $class$ [ $0$ ] ] ] [ $RevolvingBalance<0.6  \le  0.5$ [ $class$ [ $1$ ] ] [ $class$ [ $1$ ] ] ] ] ] ] ] ] ],
fico-binary,complete,1,10459,17,17,binoct,7,None,None,300,leviathan,1,3,8367,17,34,517.74228,8,128,255,69.630692,68.69024857,[ $ExternalRiskEstimate<0.49  \le  0.5$ [ $Installment<0.5  \le  0.5$ [ $ExternalRiskEstimate<0.49  \le  0.5$ [ $TradeWBalance<0.33  \le  0.5$ [ $ExternalRiskEstimate<0.49  \le  0.5$ [ $ExternalRiskEstimate<0.80  \le  0.5$ [ $ExternalRiskEstimate<0.49  \le  0.5$ [ $class$ [ $0$ ] ] [ $class$ [ $0$ ] ] ] [ $ExternalRiskEstimate<0.49  \le  0.5$ [ $class$ [ $0$ ] ] [ $class$ [ $0$ ] ] ] ] [ $ExternalRiskEstimate<0.49  \le  0.5$ [ $ExternalRiskEstimate<0.49  \le  0.5$ [ $class$ [ $0$ ] ] [ $class$ [ $0$ ] ] ] [ $ExternalRiskEstimate<0.49  \le  0.5$ [ $class$ [ $0$ ] ] [ $class$ [ $0$ ] ] ] ] ] [ $NumSatisfactoryTrades<0.5  \le  0.5$ [ $ExternalRiskEstimate<0.49  \le  0.5$ [ $ExternalRiskEstimate<0.49  \le  0.5$ [ $class$ [ $0$ ] ] [ $class$ [ $0$ ] ] ] [ $ExternalRiskEstimate<0.49  \le  0.5$ [ $class$ [ $0$ ] ] [ $class$ [ $0$ ] ] ] ] [ $ExternalRiskEstimate<0.49  \le  0.5$ [ $ExternalRiskEstimate<0.49  \le  0.5$ [ $class$ [ $1$ ] ] [ $class$ [ $1$ ] ] ] [ $ExternalRiskEstimate<0.49  \le  0.5$ [ $class$ [ $0$ ] ] [ $class$ [ $0$ ] ] ] ] ] ] [ $ExternalRiskEstimate<0.49  \le  0.5$ [ $ExternalRiskEstimate<0.49  \le  0.5$ [ $ExternalRiskEstimate<0.49  \le  0.5$ [ $ExternalRiskEstimate<0.49  \le  0.5$ [ $class$ [ $0$ ] ] [ $class$ [ $0$ ] ] ] [ $ExternalRiskEstimate<0.49  \le  0.5$ [ $class$ [ $0$ ] ] [ $class$ [ $0$ ] ] ] ] [ $ExternalRiskEstimate<0.49  \le  0.5$ [ $ExternalRiskEstimate<0.49  \le  0.5$ [ $class$ [ $0$ ] ] [ $class$ [ $0$ ] ] ] [ $ExternalRiskEstimate<0.49  \le  0.5$ [ $class$ [ $0$ ] ] [ $class$ [ $0$ ] ] ] ] ] [ $ExternalRiskEstimate<0.49  \le  0.5$ [ $ExternalRiskEstimate<0.49  \le  0.5$ [ $ExternalRiskEstimate<0.49  \le  0.5$ [ $class$ [ $0$ ] ] [ $class$ [ $0$ ] ] ] [ $ExternalRiskEstimate<0.49  \le  0.5$ [ $class$ [ $0$ ] ] [ $class$ [ $0$ ] ] ] ] [ $ExternalRiskEstimate<0.49  \le  0.5$ [ $ExternalRiskEstimate<0.49  \le  0.5$ [ $class$ [ $0$ ] ] [ $class$ [ $0$ ] ] ] [ $ExternalRiskEstimate<0.49  \le  0.5$ [ $class$ [ $0$ ] ] [ $class$ [ $0$ ] ] ] ] ] ] ] [ $ExternalRiskEstimate<0.49  \le  0.5$ [ $ExternalRiskEstimate<0.49  \le  0.5$ [ $ExternalRiskEstimate<0.49  \le  0.5$ [ $ExternalRiskEstimate<0.49  \le  0.5$ [ $ExternalRiskEstimate<0.49  \le  0.5$ [ $class$ [ $0$ ] ] [ $class$ [ $0$ ] ] ] [ $ExternalRiskEstimate<0.49  \le  0.5$ [ $class$ [ $0$ ] ] [ $class$ [ $0$ ] ] ] ] [ $ExternalRiskEstimate<0.49  \le  0.5$ [ $ExternalRiskEstimate<0.49  \le  0.5$ [ $class$ [ $0$ ] ] [ $class$ [ $0$ ] ] ] [ $ExternalRiskEstimate<0.49  \le  0.5$ [ $class$ [ $0$ ] ] [ $class$ [ $0$ ] ] ] ] ] [ $ExternalRiskEstimate<0.49  \le  0.5$ [ $ExternalRiskEstimate<0.49  \le  0.5$ [ $ExternalRiskEstimate<0.49  \le  0.5$ [ $class$ [ $0$ ] ] [ $class$ [ $0$ ] ] ] [ $ExternalRiskEstimate<0.49  \le  0.5$ [ $class$ [ $0$ ] ] [ $class$ [ $0$ ] ] ] ] [ $ExternalRiskEstimate<0.49  \le  0.5$ [ $ExternalRiskEstimate<0.49  \le  0.5$ [ $class$ [ $0$ ] ] [ $class$ [ $0$ ] ] ] [ $ExternalRiskEstimate<0.49  \le  0.5$ [ $class$ [ $0$ ] ] [ $class$ [ $0$ ] ] ] ] ] ] [ $ExternalRiskEstimate<0.49  \le  0.5$ [ $ExternalRiskEstimate<0.49  \le  0.5$ [ $ExternalRiskEstimate<0.49  \le  0.5$ [ $ExternalRiskEstimate<0.49  \le  0.5$ [ $class$ [ $0$ ] ] [ $class$ [ $0$ ] ] ] [ $ExternalRiskEstimate<0.49  \le  0.5$ [ $class$ [ $0$ ] ] [ $class$ [ $0$ ] ] ] ] [ $ExternalRiskEstimate<0.49  \le  0.5$ [ $ExternalRiskEstimate<0.49  \le  0.5$ [ $class$ [ $0$ ] ] [ $class$ [ $0$ ] ] ] [ $ExternalRiskEstimate<0.49  \le  0.5$ [ $class$ [ $0$ ] ] [ $class$ [ $0$ ] ] ] ] ] [ $ExternalRiskEstimate<0.49  \le  0.5$ [ $ExternalRiskEstimate<0.49  \le  0.5$ [ $ExternalRiskEstimate<0.49  \le  0.5$ [ $class$ [ $0$ ] ] [ $class$ [ $0$ ] ] ] [ $ExternalRiskEstimate<0.49  \le  0.5$ [ $class$ [ $1$ ] ] [ $class$ [ $0$ ] ] ] ] [ $ExternalRiskEstimate<0.49  \le  0.5$ [ $ExternalRiskEstimate<0.49  \le  0.5$ [ $class$ [ $0$ ] ] [ $class$ [ $0$ ] ] ] [ $ExternalRiskEstimate<0.49  \le  0.5$ [ $class$ [ $0$ ] ] [ $class$ [ $0$ ] ] ] ] ] ] ] ] [ $ExternalRiskEstimate<0.49  \le  0.5$ [ $RevolvingBalance<0.4  \le  0.5$ [ $TradeFrequency<0.45  \le  0.5$ [ $ExternalRiskEstimate<0.49  \le  0.5$ [ $ExternalRiskEstimate<0.49  \le  0.5$ [ $ExternalRiskEstimate<0.49  \le  0.5$ [ $class$ [ $0$ ] ] [ $class$ [ $1$ ] ] ] [ $ExternalRiskEstimate<0.49  \le  0.5$ [ $class$ [ $0$ ] ] [ $class$ [ $1$ ] ] ] ] [ $ExternalRiskEstimate<0.49  \le  0.5$ [ $ExternalRiskEstimate<0.49  \le  0.5$ [ $class$ [ $0$ ] ] [ $class$ [ $1$ ] ] ] [ $ExternalRiskEstimate<0.49  \le  0.5$ [ $class$ [ $0$ ] ] [ $class$ [ $0$ ] ] ] ] ] [ $ExternalRiskEstimate<0.49  \le  0.5$ [ $ExternalRiskEstimate<0.49  \le  0.5$ [ $ExternalRiskEstimate<0.49  \le  0.5$ [ $class$ [ $0$ ] ] [ $class$ [ $0$ ] ] ] [ $ExternalRiskEstimate<0.49  \le  0.5$ [ $class$ [ $0$ ] ] [ $class$ [ $0$ ] ] ] ] [ $ExternalRiskEstimate<0.49  \le  0.5$ [ $ExternalRiskEstimate<0.49  \le  0.5$ [ $class$ [ $0$ ] ] [ $class$ [ $0$ ] ] ] [ $ExternalRiskEstimate<0.49  \le  0.5$ [ $class$ [ $0$ ] ] [ $class$ [ $0$ ] ] ] ] ] ] [ $Installment<0.7  \le  0.5$ [ $ExternalRiskEstimate<0.49  \le  0.5$ [ $ExternalRiskEstimate<0.49  \le  0.5$ [ $ExternalRiskEstimate<0.49  \le  0.5$ [ $class$ [ $0$ ] ] [ $class$ [ $0$ ] ] ] [ $ExternalRiskEstimate<0.49  \le  0.5$ [ $class$ [ $0$ ] ] [ $class$ [ $0$ ] ] ] ] [ $TradeFrequency<0.45  \le  0.5$ [ $TradeFrequency<0.6  \le  0.5$ [ $class$ [ $0$ ] ] [ $class$ [ $0$ ] ] ] [ $ExternalRiskEstimate<0.49  \le  0.5$ [ $class$ [ $0$ ] ] [ $class$ [ $1$ ] ] ] ] ] [ $ExternalRiskEstimate<0.49  \le  0.5$ [ $ExternalRiskEstimate<0.49  \le  0.5$ [ $ExternalRiskEstimate<0.49  \le  0.5$ [ $class$ [ $0$ ] ] [ $class$ [ $0$ ] ] ] [ $ExternalRiskEstimate<0.49  \le  0.5$ [ $class$ [ $0$ ] ] [ $class$ [ $0$ ] ] ] ] [ $ExternalRiskEstimate<0.49  \le  0.5$ [ $ExternalRiskEstimate<0.49  \le  0.5$ [ $class$ [ $0$ ] ] [ $class$ [ $0$ ] ] ] [ $RevolvingBalance<0.6  \le  0.5$ [ $class$ [ $0$ ] ] [ $class$ [ $0$ ] ] ] ] ] ] ] [ $ExternalRiskEstimate<0.49  \le  0.5$ [ $ExternalRiskEstimate<0.49  \le  0.5$ [ $ExternalRiskEstimate<0.49  \le  0.5$ [ $ExternalRiskEstimate<0.49  \le  0.5$ [ $ExternalRiskEstimate<0.49  \le  0.5$ [ $class$ [ $0$ ] ] [ $class$ [ $0$ ] ] ] [ $ExternalRiskEstimate<0.49  \le  0.5$ [ $class$ [ $0$ ] ] [ $class$ [ $1$ ] ] ] ] [ $Installment<0.7  \le  0.5$ [ $ExternalRiskEstimate<0.49  \le  0.5$ [ $class$ [ $0$ ] ] [ $class$ [ $1$ ] ] ] [ $ExternalRiskEstimate<0.49  \le  0.5$ [ $class$ [ $0$ ] ] [ $class$ [ $0$ ] ] ] ] ] [ $Installment<0.7  \le  0.5$ [ $Installment<0.7  \le  0.5$ [ $ExternalRiskEstimate<0.49  \le  0.5$ [ $class$ [ $0$ ] ] [ $class$ [ $1$ ] ] ] [ $ExternalRiskEstimate<0.49  \le  0.5$ [ $class$ [ $0$ ] ] [ $class$ [ $0$ ] ] ] ] [ $Delinquency<0.55  \le  0.5$ [ $ExternalRiskEstimate<0.49  \le  0.5$ [ $class$ [ $0$ ] ] [ $class$ [ $0$ ] ] ] [ $ExternalRiskEstimate<0.49  \le  0.5$ [ $class$ [ $0$ ] ] [ $class$ [ $0$ ] ] ] ] ] ] [ $ExternalRiskEstimate<0.49  \le  0.5$ [ $Delinquency<0.75  \le  0.5$ [ $Delinquency<0.75  \le  0.5$ [ $ExternalRiskEstimate<0.49  \le  0.5$ [ $class$ [ $0$ ] ] [ $class$ [ $1$ ] ] ] [ $ExternalRiskEstimate<0.49  \le  0.5$ [ $class$ [ $0$ ] ] [ $class$ [ $0$ ] ] ] ] [ $TradeOpenTime<0.85  \le  0.5$ [ $ExternalRiskEstimate<0.49  \le  0.5$ [ $class$ [ $0$ ] ] [ $class$ [ $0$ ] ] ] [ $TradeFrequency<0.45  \le  0.5$ [ $class$ [ $0$ ] ] [ $class$ [ $0$ ] ] ] ] ] [ $TradeWBalance<0.33  \le  0.5$ [ $ExternalRiskEstimate<0.49  \le  0.5$ [ $ExternalRiskEstimate<0.49  \le  0.5$ [ $class$ [ $0$ ] ] [ $class$ [ $0$ ] ] ] [ $Installment<0.7  \le  0.5$ [ $class$ [ $1$ ] ] [ $class$ [ $1$ ] ] ] ] [ $ExternalRiskEstimate<0.49  \le  0.5$ [ $ExternalRiskEstimate<0.49  \le  0.5$ [ $class$ [ $0$ ] ] [ $class$ [ $0$ ] ] ] [ $ExternalRiskEstimate<0.49  \le  0.5$ [ $class$ [ $0$ ] ] [ $class$ [ $1$ ] ] ] ] ] ] ] ] ],
fico-binary,complete,1,10459,17,17,binoct,7,None,None,300,leviathan,1,4,8368,17,34,516.889722,8,128,255,68.22418738,67.28837877,[ $ExternalRiskEstimate<0.49  \le  0.5$ [ $Installment<0.5  \le  0.5$ [ $ExternalRiskEstimate<0.49  \le  0.5$ [ $ExternalRiskEstimate<0.49  \le  0.5$ [ $ExternalRiskEstimate<0.49  \le  0.5$ [ $ExternalRiskEstimate<0.49  \le  0.5$ [ $ExternalRiskEstimate<0.49  \le  0.5$ [ $class$ [ $0$ ] ] [ $class$ [ $0$ ] ] ] [ $ExternalRiskEstimate<0.49  \le  0.5$ [ $class$ [ $0$ ] ] [ $class$ [ $0$ ] ] ] ] [ $ExternalRiskEstimate<0.49  \le  0.5$ [ $ExternalRiskEstimate<0.49  \le  0.5$ [ $class$ [ $0$ ] ] [ $class$ [ $0$ ] ] ] [ $ExternalRiskEstimate<0.49  \le  0.5$ [ $class$ [ $0$ ] ] [ $class$ [ $0$ ] ] ] ] ] [ $ExternalRiskEstimate<0.49  \le  0.5$ [ $ExternalRiskEstimate<0.49  \le  0.5$ [ $ExternalRiskEstimate<0.49  \le  0.5$ [ $class$ [ $0$ ] ] [ $class$ [ $0$ ] ] ] [ $ExternalRiskEstimate<0.49  \le  0.5$ [ $class$ [ $0$ ] ] [ $class$ [ $1$ ] ] ] ] [ $ExternalRiskEstimate<0.49  \le  0.5$ [ $ExternalRiskEstimate<0.49  \le  0.5$ [ $class$ [ $0$ ] ] [ $class$ [ $0$ ] ] ] [ $ExternalRiskEstimate<0.49  \le  0.5$ [ $class$ [ $0$ ] ] [ $class$ [ $0$ ] ] ] ] ] ] [ $ExternalRiskEstimate<0.49  \le  0.5$ [ $ExternalRiskEstimate<0.49  \le  0.5$ [ $ExternalRiskEstimate<0.49  \le  0.5$ [ $ExternalRiskEstimate<0.49  \le  0.5$ [ $class$ [ $0$ ] ] [ $class$ [ $0$ ] ] ] [ $ExternalRiskEstimate<0.49  \le  0.5$ [ $class$ [ $0$ ] ] [ $class$ [ $0$ ] ] ] ] [ $ExternalRiskEstimate<0.49  \le  0.5$ [ $ExternalRiskEstimate<0.49  \le  0.5$ [ $class$ [ $0$ ] ] [ $class$ [ $0$ ] ] ] [ $ExternalRiskEstimate<0.49  \le  0.5$ [ $class$ [ $0$ ] ] [ $class$ [ $0$ ] ] ] ] ] [ $ExternalRiskEstimate<0.49  \le  0.5$ [ $ExternalRiskEstimate<0.49  \le  0.5$ [ $ExternalRiskEstimate<0.49  \le  0.5$ [ $class$ [ $0$ ] ] [ $class$ [ $0$ ] ] ] [ $ExternalRiskEstimate<0.49  \le  0.5$ [ $class$ [ $0$ ] ] [ $class$ [ $0$ ] ] ] ] [ $ExternalRiskEstimate<0.49  \le  0.5$ [ $ExternalRiskEstimate<0.49  \le  0.5$ [ $class$ [ $1$ ] ] [ $class$ [ $0$ ] ] ] [ $Installment<0.7  \le  0.5$ [ $class$ [ $0$ ] ] [ $class$ [ $1$ ] ] ] ] ] ] ] [ $ExternalRiskEstimate<0.49  \le  0.5$ [ $ExternalRiskEstimate<0.49  \le  0.5$ [ $ExternalRiskEstimate<0.49  \le  0.5$ [ $ExternalRiskEstimate<0.49  \le  0.5$ [ $ExternalRiskEstimate<0.49  \le  0.5$ [ $class$ [ $0$ ] ] [ $class$ [ $0$ ] ] ] [ $ExternalRiskEstimate<0.49  \le  0.5$ [ $class$ [ $0$ ] ] [ $class$ [ $0$ ] ] ] ] [ $ExternalRiskEstimate<0.49  \le  0.5$ [ $ExternalRiskEstimate<0.49  \le  0.5$ [ $class$ [ $0$ ] ] [ $class$ [ $0$ ] ] ] [ $ExternalRiskEstimate<0.49  \le  0.5$ [ $class$ [ $0$ ] ] [ $class$ [ $0$ ] ] ] ] ] [ $ExternalRiskEstimate<0.49  \le  0.5$ [ $ExternalRiskEstimate<0.49  \le  0.5$ [ $ExternalRiskEstimate<0.49  \le  0.5$ [ $class$ [ $0$ ] ] [ $class$ [ $0$ ] ] ] [ $ExternalRiskEstimate<0.49  \le  0.5$ [ $class$ [ $0$ ] ] [ $class$ [ $1$ ] ] ] ] [ $ExternalRiskEstimate<0.49  \le  0.5$ [ $ExternalRiskEstimate<0.49  \le  0.5$ [ $class$ [ $0$ ] ] [ $class$ [ $0$ ] ] ] [ $ExternalRiskEstimate<0.49  \le  0.5$ [ $class$ [ $0$ ] ] [ $class$ [ $0$ ] ] ] ] ] ] [ $ExternalRiskEstimate<0.49  \le  0.5$ [ $ExternalRiskEstimate<0.49  \le  0.5$ [ $ExternalRiskEstimate<0.49  \le  0.5$ [ $ExternalRiskEstimate<0.49  \le  0.5$ [ $class$ [ $0$ ] ] [ $class$ [ $0$ ] ] ] [ $ExternalRiskEstimate<0.49  \le  0.5$ [ $class$ [ $0$ ] ] [ $class$ [ $0$ ] ] ] ] [ $ExternalRiskEstimate<0.49  \le  0.5$ [ $ExternalRiskEstimate<0.49  \le  0.5$ [ $class$ [ $0$ ] ] [ $class$ [ $0$ ] ] ] [ $ExternalRiskEstimate<0.49  \le  0.5$ [ $class$ [ $0$ ] ] [ $class$ [ $1$ ] ] ] ] ] [ $ExternalRiskEstimate<0.49  \le  0.5$ [ $ExternalRiskEstimate<0.49  \le  0.5$ [ $ExternalRiskEstimate<0.49  \le  0.5$ [ $class$ [ $0$ ] ] [ $class$ [ $0$ ] ] ] [ $ExternalRiskEstimate<0.49  \le  0.5$ [ $class$ [ $0$ ] ] [ $class$ [ $0$ ] ] ] ] [ $ExternalRiskEstimate<0.49  \le  0.5$ [ $ExternalRiskEstimate<0.49  \le  0.5$ [ $class$ [ $0$ ] ] [ $class$ [ $1$ ] ] ] [ $ExternalRiskEstimate<0.49  \le  0.5$ [ $class$ [ $0$ ] ] [ $class$ [ $0$ ] ] ] ] ] ] ] ] [ $Inquiry<0.75  \le  0.5$ [ $RevolvingBalance<0.4  \le  0.5$ [ $TradeFrequency<0.45  \le  0.5$ [ $Inquiry<0.75  \le  0.5$ [ $Inquiry<0.75  \le  0.5$ [ $Utilization<0.6  \le  0.5$ [ $class$ [ $0$ ] ] [ $class$ [ $0$ ] ] ] [ $ExternalRiskEstimate<0.49  \le  0.5$ [ $class$ [ $0$ ] ] [ $class$ [ $0$ ] ] ] ] [ $ExternalRiskEstimate<0.49  \le  0.5$ [ $ExternalRiskEstimate<0.49  \le  0.5$ [ $class$ [ $1$ ] ] [ $class$ [ $0$ ] ] ] [ $ExternalRiskEstimate<0.49  \le  0.5$ [ $class$ [ $0$ ] ] [ $class$ [ $0$ ] ] ] ] ] [ $TradeWBalance<0.33  \le  0.5$ [ $Utilization<0.6  \le  0.5$ [ $ExternalRiskEstimate<0.49  \le  0.5$ [ $class$ [ $0$ ] ] [ $class$ [ $0$ ] ] ] [ $ExternalRiskEstimate<0.49  \le  0.5$ [ $class$ [ $0$ ] ] [ $class$ [ $0$ ] ] ] ] [ $ExternalRiskEstimate<0.49  \le  0.5$ [ $ExternalRiskEstimate<0.49  \le  0.5$ [ $class$ [ $0$ ] ] [ $class$ [ $0$ ] ] ] [ $ExternalRiskEstimate<0.49  \le  0.5$ [ $class$ [ $0$ ] ] [ $class$ [ $0$ ] ] ] ] ] ] [ $Installment<0.7  \le  0.5$ [ $ExternalRiskEstimate<0.49  \le  0.5$ [ $ExternalRiskEstimate<0.49  \le  0.5$ [ $ExternalRiskEstimate<0.49  \le  0.5$ [ $class$ [ $0$ ] ] [ $class$ [ $0$ ] ] ] [ $ExternalRiskEstimate<0.49  \le  0.5$ [ $class$ [ $0$ ] ] [ $class$ [ $0$ ] ] ] ] [ $TradeFrequency<0.45  \le  0.5$ [ $TradeFrequency<0.6  \le  0.5$ [ $class$ [ $0$ ] ] [ $class$ [ $1$ ] ] ] [ $ExternalRiskEstimate<0.49  \le  0.5$ [ $class$ [ $0$ ] ] [ $class$ [ $1$ ] ] ] ] ] [ $TradeFrequency<0.6  \le  0.5$ [ $NumSatisfactoryTrades<0.5  \le  0.5$ [ $Delinquency<0.55  \le  0.5$ [ $class$ [ $0$ ] ] [ $class$ [ $1$ ] ] ] [ $TradeOpenTime<0.6  \le  0.5$ [ $class$ [ $1$ ] ] [ $class$ [ $1$ ] ] ] ] [ $TradeFrequency<0.45  \le  0.5$ [ $ExternalRiskEstimate<0.49  \le  0.5$ [ $class$ [ $0$ ] ] [ $class$ [ $1$ ] ] ] [ $ExternalRiskEstimate<0.49  \le  0.5$ [ $class$ [ $0$ ] ] [ $class$ [ $1$ ] ] ] ] ] ] ] [ $TradeOpenTime<0.6  \le  0.5$ [ $ExternalRiskEstimate<0.49  \le  0.5$ [ $ExternalRiskEstimate<0.49  \le  0.5$ [ $ExternalRiskEstimate<0.49  \le  0.5$ [ $ExternalRiskEstimate<0.49  \le  0.5$ [ $class$ [ $0$ ] ] [ $class$ [ $0$ ] ] ] [ $ExternalRiskEstimate<0.49  \le  0.5$ [ $class$ [ $0$ ] ] [ $class$ [ $0$ ] ] ] ] [ $ExternalRiskEstimate<0.49  \le  0.5$ [ $ExternalRiskEstimate<0.49  \le  0.5$ [ $class$ [ $0$ ] ] [ $class$ [ $0$ ] ] ] [ $ExternalRiskEstimate<0.49  \le  0.5$ [ $class$ [ $0$ ] ] [ $class$ [ $0$ ] ] ] ] ] [ $Installment<0.7  \le  0.5$ [ $Installment<0.7  \le  0.5$ [ $Utilization<0.6  \le  0.5$ [ $class$ [ $1$ ] ] [ $class$ [ $0$ ] ] ] [ $ExternalRiskEstimate<0.49  \le  0.5$ [ $class$ [ $0$ ] ] [ $class$ [ $0$ ] ] ] ] [ $ExternalRiskEstimate<0.49  \le  0.5$ [ $ExternalRiskEstimate<0.49  \le  0.5$ [ $class$ [ $0$ ] ] [ $class$ [ $0$ ] ] ] [ $Delinquency<0.75  \le  0.5$ [ $class$ [ $1$ ] ] [ $class$ [ $1$ ] ] ] ] ] ] [ $ExternalRiskEstimate<0.49  \le  0.5$ [ $ExternalRiskEstimate<0.49  \le  0.5$ [ $ExternalRiskEstimate<0.49  \le  0.5$ [ $ExternalRiskEstimate<0.49  \le  0.5$ [ $class$ [ $0$ ] ] [ $class$ [ $1$ ] ] ] [ $ExternalRiskEstimate<0.49  \le  0.5$ [ $class$ [ $0$ ] ] [ $class$ [ $1$ ] ] ] ] [ $TradeOpenTime<0.85  \le  0.5$ [ $ExternalRiskEstimate<0.49  \le  0.5$ [ $class$ [ $0$ ] ] [ $class$ [ $0$ ] ] ] [ $ExternalRiskEstimate<0.49  \le  0.5$ [ $class$ [ $1$ ] ] [ $class$ [ $1$ ] ] ] ] ] [ $ExternalRiskEstimate<0.49  \le  0.5$ [ $ExternalRiskEstimate<0.49  \le  0.5$ [ $TradeFrequency<0.6  \le  0.5$ [ $class$ [ $1$ ] ] [ $class$ [ $0$ ] ] ] [ $Installment<0.7  \le  0.5$ [ $class$ [ $1$ ] ] [ $class$ [ $1$ ] ] ] ] [ $ExternalRiskEstimate<0.49  \le  0.5$ [ $ExternalRiskEstimate<0.49  \le  0.5$ [ $class$ [ $0$ ] ] [ $class$ [ $0$ ] ] ] [ $RevolvingBalance<0.6  \le  0.5$ [ $class$ [ $1$ ] ] [ $class$ [ $1$ ] ] ] ] ] ] ] ] ],