Data Set,Preprocessing,Classes,Samples,Features,Binary Features,Algorithm,Depth Limit,Width Limit,Regularization,Time Limit,Machine,Threads,Fold Index,Subsample,Subfeatures,Binary subfeatures,Training Time,Max Depth,# Leaves,# Nodes,Training Accuracy,Test Accuracy,Latex,Source
tic-tac-toe,complete,1,958,18,18,gosdt,None,None,0.5,300,leviathan,1,0,766,18,36,0,1,1,1,56.65796345,100,[ $class$ [ $1$ ] ],
tic-tac-toe,complete,1,958,18,18,gosdt,None,None,0.5,300,leviathan,1,1,766,18,36,0,1,1,1,56.65796345,100,[ $class$ [ $1$ ] ],
tic-tac-toe,complete,1,958,18,18,gosdt,None,None,0.5,300,leviathan,1,2,766,18,36,0,1,1,1,56.65796345,100,[ $class$ [ $1$ ] ],
tic-tac-toe,complete,1,958,18,18,gosdt,None,None,0.5,300,leviathan,1,3,767,18,36,0,1,1,1,75.09778357,26.17801047,[ $class$ [ $1$ ] ],
tic-tac-toe,complete,1,958,18,18,gosdt,None,None,0.5,300,leviathan,1,4,767,18,36,0,1,1,1,81.6166884,0,[ $class$ [ $1$ ] ],
tic-tac-toe,complete,1,958,18,18,gosdt,None,None,0.25,300,leviathan,1,0,766,18,36,0.003,1,1,1,56.65796345,100,[ $class$ [ $1$ ] ],
tic-tac-toe,complete,1,958,18,18,gosdt,None,None,0.25,300,leviathan,1,1,766,18,36,0.002,1,1,1,56.65796345,100,[ $class$ [ $1$ ] ],
tic-tac-toe,complete,1,958,18,18,gosdt,None,None,0.25,300,leviathan,1,2,766,18,36,0.002,1,1,1,56.65796345,100,[ $class$ [ $1$ ] ],
tic-tac-toe,complete,1,958,18,18,gosdt,None,None,0.25,300,leviathan,1,3,767,18,36,0,1,1,1,75.09778357,26.17801047,[ $class$ [ $1$ ] ],
tic-tac-toe,complete,1,958,18,18,gosdt,None,None,0.25,300,leviathan,1,4,767,18,36,0,1,1,1,81.6166884,0,[ $class$ [ $1$ ] ],
tic-tac-toe,complete,1,958,18,18,gosdt,None,None,0.125,300,leviathan,1,0,766,18,36,0.048,2,2,3,70.10443864,69.27083333,[ $Feat4_o  \eq  1$ [ $class$ [ $0$ ] ] [ $class$ [ $1$ ] ] ],
tic-tac-toe,complete,1,958,18,18,gosdt,None,None,0.125,300,leviathan,1,1,766,18,36,0.049,1,1,1,56.65796345,100,[ $class$ [ $1$ ] ],
tic-tac-toe,complete,1,958,18,18,gosdt,None,None,0.125,300,leviathan,1,2,766,18,36,0.05,1,1,1,56.65796345,100,[ $class$ [ $1$ ] ],
tic-tac-toe,complete,1,958,18,18,gosdt,None,None,0.125,300,leviathan,1,3,767,18,36,0.003,1,1,1,75.09778357,26.17801047,[ $class$ [ $1$ ] ],
tic-tac-toe,complete,1,958,18,18,gosdt,None,None,0.125,300,leviathan,1,4,767,18,36,0.003,1,1,1,81.6166884,0,[ $class$ [ $1$ ] ],
tic-tac-toe,complete,1,958,18,18,gosdt,None,None,0.0625,300,leviathan,1,0,766,18,36,0.726,2,2,3,70.10443864,69.27083333,[ $Feat4_o  \eq  1$ [ $class$ [ $0$ ] ] [ $class$ [ $1$ ] ] ],
tic-tac-toe,complete,1,958,18,18,gosdt,None,None,0.0625,300,leviathan,1,1,766,18,36,0.783,2,2,3,67.75456919,78.64583333,[ $Feat4_o  \eq  1$ [ $class$ [ $0$ ] ] [ $class$ [ $1$ ] ] ],
tic-tac-toe,complete,1,958,18,18,gosdt,None,None,0.0625,300,leviathan,1,2,766,18,36,0.775,2,2,3,66.84073107,82.29166667,[ $Feat4_o  \eq  1$ [ $class$ [ $0$ ] ] [ $class$ [ $1$ ] ] ],
tic-tac-toe,complete,1,958,18,18,gosdt,None,None,0.0625,300,leviathan,1,3,767,18,36,0.156,1,1,1,75.09778357,26.17801047,[ $class$ [ $1$ ] ],
tic-tac-toe,complete,1,958,18,18,gosdt,None,None,0.0625,300,leviathan,1,4,767,18,36,0.018,1,1,1,81.6166884,0,[ $class$ [ $1$ ] ],
tic-tac-toe,complete,1,958,18,18,gosdt,None,None,0.03125,300,leviathan,1,0,766,18,36,5.879,2,2,3,70.10443864,69.27083333,[ $Feat4_o  \eq  1$ [ $class$ [ $0$ ] ] [ $class$ [ $1$ ] ] ],
tic-tac-toe,complete,1,958,18,18,gosdt,None,None,0.03125,300,leviathan,1,1,766,18,36,6.016,2,2,3,67.75456919,78.64583333,[ $Feat4_o  \eq  1$ [ $class$ [ $0$ ] ] [ $class$ [ $1$ ] ] ],
tic-tac-toe,complete,1,958,18,18,gosdt,None,None,0.03125,300,leviathan,1,2,766,18,36,5.818,5,5,9,76.63185379,65.10416667,[ $Feat4_x  \eq  1$ [ $class$ [ $1$ ] ] [ $Feat0_x  \eq  1$ [ $Feat2_x  \eq  1$ [ $class$ [ $1$ ] ] [ $Feat6_x  \eq  1$ [ $class$ [ $1$ ] ] [ $class$ [ $0$ ] ] ] ] [ $class$ [ $0$ ] ] ] ],
tic-tac-toe,complete,1,958,18,18,gosdt,None,None,0.03125,300,leviathan,1,3,767,18,36,2.147,4,4,7,85.0065189,34.55497382,[ $Feat0_x  \eq  1$ [ $class$ [ $1$ ] ] [ $Feat4_x  \eq  1$ [ $class$ [ $1$ ] ] [ $Feat8_x  \eq  1$ [ $class$ [ $1$ ] ] [ $class$ [ $0$ ] ] ] ] ],
tic-tac-toe,complete,1,958,18,18,gosdt,None,None,0.03125,300,leviathan,1,4,767,18,36,0.812,1,1,1,81.6166884,0,[ $class$ [ $1$ ] ],
tic-tac-toe,complete,1,958,18,18,gosdt,None,None,0.015625,300,leviathan,1,0,766,18,36,27.082,5,10,19,87.46736292,43.22916667,[ $Feat8_x  \eq  1$ [ $Feat6_x  \eq  1$ [ $class$ [ $1$ ] ] [ $Feat2_x  \eq  1$ [ $Feat5_x  \eq  1$ [ $class$ [ $1$ ] ] [ $class$ [ $0$ ] ] ] [ $Feat4_x  \eq  1$ [ $class$ [ $1$ ] ] [ $class$ [ $0$ ] ] ] ] ] [ $Feat0_x  \eq  1$ [ $Feat3_x  \eq  1$ [ $Feat6_x  \eq  1$ [ $class$ [ $1$ ] ] [ $class$ [ $0$ ] ] ] [ $class$ [ $0$ ] ] ] [ $Feat4_x  \eq  1$ [ $class$ [ $1$ ] ] [ $class$ [ $0$ ] ] ] ] ],
tic-tac-toe,complete,1,958,18,18,gosdt,None,None,0.015625,300,leviathan,1,1,766,18,36,28.159,5,9,17,81.9843342,44.27083333,[ $Feat1_x  \eq  1$ [ $Feat0_o  \eq  1$ [ $class$ [ $0$ ] ] [ $Feat2_x  \eq  1$ [ $class$ [ $1$ ] ] [ $Feat4_x  \eq  1$ [ $class$ [ $1$ ] ] [ $class$ [ $0$ ] ] ] ] ] [ $Feat7_x  \eq  1$ [ $Feat6_x  \eq  1$ [ $Feat8_x  \eq  1$ [ $class$ [ $1$ ] ] [ $class$ [ $0$ ] ] ] [ $class$ [ $0$ ] ] ] [ $Feat4_o  \eq  1$ [ $class$ [ $0$ ] ] [ $class$ [ $1$ ] ] ] ] ],
tic-tac-toe,complete,1,958,18,18,gosdt,None,None,0.015625,300,leviathan,1,2,766,18,36,26.903,5,5,9,76.63185379,65.10416667,[ $Feat4_x  \eq  1$ [ $class$ [ $1$ ] ] [ $Feat0_x  \eq  1$ [ $Feat2_x  \eq  1$ [ $class$ [ $1$ ] ] [ $Feat6_x  \eq  1$ [ $class$ [ $1$ ] ] [ $class$ [ $0$ ] ] ] ] [ $class$ [ $0$ ] ] ] ],
tic-tac-toe,complete,1,958,18,18,gosdt,None,None,0.015625,300,leviathan,1,3,767,18,36,13.812,6,7,13,90.09126467,33.5078534,[ $Feat0_x  \eq  1$ [ $class$ [ $1$ ] ] [ $Feat8_x  \eq  1$ [ $Feat2_x  \eq  1$ [ $class$ [ $1$ ] ] [ $Feat6_x  \eq  1$ [ $Feat7_x  \eq  1$ [ $class$ [ $1$ ] ] [ $class$ [ $0$ ] ] ] [ $class$ [ $0$ ] ] ] ] [ $Feat4_x  \eq  1$ [ $class$ [ $1$ ] ] [ $class$ [ $0$ ] ] ] ] ],
tic-tac-toe,complete,1,958,18,18,gosdt,None,None,0.015625,300,leviathan,1,4,767,18,36,7.851,4,4,7,88.13559322,21.9895288,[ $Feat2_x  \eq  1$ [ $class$ [ $1$ ] ] [ $Feat4_x  \eq  1$ [ $class$ [ $1$ ] ] [ $Feat6_x  \eq  1$ [ $class$ [ $1$ ] ] [ $class$ [ $0$ ] ] ] ] ],
tic-tac-toe,complete,1,958,18,18,gosdt,None,None,0.0078125,300,leviathan,1,0,766,18,36,78.862,7,17,33,93.86422977,72.91666667,[ $Feat4_o  \eq  1$ [ $Feat8_x  \eq  1$ [ $Feat2_x  \eq  1$ [ $Feat5_x  \eq  1$ [ $class$ [ $1$ ] ] [ $class$ [ $0$ ] ] ] [ $Feat6_x  \eq  1$ [ $Feat7_x  \eq  1$ [ $class$ [ $1$ ] ] [ $class$ [ $0$ ] ] ] [ $class$ [ $0$ ] ] ] ] [ $class$ [ $0$ ] ] ] [ $Feat0_o  \eq  1$ [ $Feat1_o  \eq  1$ [ $Feat2_o  \eq  1$ [ $class$ [ $0$ ] ] [ $class$ [ $1$ ] ] ] [ $Feat3_o  \eq  1$ [ $Feat6_o  \eq  1$ [ $class$ [ $0$ ] ] [ $class$ [ $1$ ] ] ] [ $class$ [ $1$ ] ] ] ] [ $Feat8_o  \eq  1$ [ $Feat2_o  \eq  1$ [ $Feat5_o  \eq  1$ [ $class$ [ $0$ ] ] [ $class$ [ $1$ ] ] ] [ $Feat6_o  \eq  1$ [ $Feat7_o  \eq  1$ [ $class$ [ $0$ ] ] [ $class$ [ $1$ ] ] ] [ $class$ [ $1$ ] ] ] ] [ $class$ [ $1$ ] ] ] ] ],
tic-tac-toe,complete,1,958,18,18,gosdt,None,None,0.0078125,300,leviathan,1,1,766,18,36,82.506,7,21,41,95.95300261,63.54166667,[ $Feat0_o  \eq  1$ [ $Feat1_x  \eq  1$ [ $class$ [ $0$ ] ] [ $Feat2_o  \eq  1$ [ $Feat1_o  \eq  1$ [ $class$ [ $0$ ] ] [ $class$ [ $1$ ] ] ] [ $Feat4_o  \eq  1$ [ $Feat8_x  \eq  1$ [ $class$ [ $1$ ] ] [ $class$ [ $0$ ] ] ] [ $Feat3_o  \eq  1$ [ $Feat6_o  \eq  1$ [ $class$ [ $0$ ] ] [ $class$ [ $1$ ] ] ] [ $class$ [ $1$ ] ] ] ] ] ] [ $Feat4_o  \eq  1$ [ $Feat2_o  \eq  1$ [ $Feat6_x  \eq  1$ [ $class$ [ $1$ ] ] [ $class$ [ $0$ ] ] ] [ $Feat1_o  \eq  1$ [ $Feat7_o  \eq  1$ [ $class$ [ $0$ ] ] [ $class$ [ $1$ ] ] ] [ $Feat3_o  \eq  1$ [ $Feat5_o  \eq  1$ [ $class$ [ $0$ ] ] [ $class$ [ $1$ ] ] ] [ $class$ [ $1$ ] ] ] ] ] [ $Feat8_o  \eq  1$ [ $Feat2_o  \eq  1$ [ $Feat5_o  \eq  1$ [ $class$ [ $0$ ] ] [ $class$ [ $1$ ] ] ] [ $Feat6_o  \eq  1$ [ $Feat7_o  \eq  1$ [ $class$ [ $0$ ] ] [ $class$ [ $1$ ] ] ] [ $class$ [ $1$ ] ] ] ] [ $class$ [ $1$ ] ] ] ] ],
tic-tac-toe,complete,1,958,18,18,gosdt,None,None,0.0078125,300,leviathan,1,2,766,18,36,80.126,7,19,37,93.73368146,83.33333333,[ $Feat0_o  \eq  1$ [ $Feat4_o  \eq  1$ [ $class$ [ $0$ ] ] [ $Feat2_o  \eq  1$ [ $Feat1_x  \eq  1$ [ $class$ [ $1$ ] ] [ $class$ [ $0$ ] ] ] [ $Feat3_o  \eq  1$ [ $Feat6_o  \eq  1$ [ $class$ [ $0$ ] ] [ $class$ [ $1$ ] ] ] [ $class$ [ $1$ ] ] ] ] ] [ $Feat4_o  \eq  1$ [ $Feat2_o  \eq  1$ [ $Feat6_x  \eq  1$ [ $class$ [ $1$ ] ] [ $class$ [ $0$ ] ] ] [ $Feat1_o  \eq  1$ [ $Feat7_o  \eq  1$ [ $class$ [ $0$ ] ] [ $class$ [ $1$ ] ] ] [ $Feat3_o  \eq  1$ [ $Feat5_o  \eq  1$ [ $class$ [ $0$ ] ] [ $class$ [ $1$ ] ] ] [ $class$ [ $1$ ] ] ] ] ] [ $Feat8_o  \eq  1$ [ $Feat2_o  \eq  1$ [ $Feat5_o  \eq  1$ [ $class$ [ $0$ ] ] [ $class$ [ $1$ ] ] ] [ $Feat6_o  \eq  1$ [ $Feat7_o  \eq  1$ [ $class$ [ $0$ ] ] [ $class$ [ $1$ ] ] ] [ $class$ [ $1$ ] ] ] ] [ $class$ [ $1$ ] ] ] ] ],
tic-tac-toe,complete,1,958,18,18,gosdt,None,None,0.0078125,300,leviathan,1,3,767,18,36,50.86,7,12,23,94.26336375,37.17277487,[ $Feat0_x  \eq  1$ [ $class$ [ $1$ ] ] [ $Feat4_x  \eq  1$ [ $Feat0_o  \eq  1$ [ $Feat2_o  \eq  1$ [ $Feat1_o  \eq  1$ [ $class$ [ $0$ ] ] [ $class$ [ $1$ ] ] ] [ $Feat3_o  \eq  1$ [ $Feat6_o  \eq  1$ [ $class$ [ $0$ ] ] [ $class$ [ $1$ ] ] ] [ $class$ [ $1$ ] ] ] ] [ $class$ [ $1$ ] ] ] [ $Feat8_x  \eq  1$ [ $Feat2_x  \eq  1$ [ $class$ [ $1$ ] ] [ $Feat6_x  \eq  1$ [ $Feat7_x  \eq  1$ [ $class$ [ $1$ ] ] [ $class$ [ $0$ ] ] ] [ $class$ [ $0$ ] ] ] ] [ $class$ [ $0$ ] ] ] ] ],
tic-tac-toe,complete,1,958,18,18,gosdt,None,None,0.0078125,300,leviathan,1,4,767,18,36,34.842,6,13,25,95.82790091,37.69633508,[ $Feat4_o  \eq  1$ [ $Feat2_o  \eq  1$ [ $Feat6_x  \eq  1$ [ $class$ [ $1$ ] ] [ $class$ [ $0$ ] ] ] [ $Feat5_o  \eq  1$ [ $Feat3_o  \eq  1$ [ $class$ [ $0$ ] ] [ $class$ [ $1$ ] ] ] [ $Feat1_o  \eq  1$ [ $Feat7_o  \eq  1$ [ $class$ [ $0$ ] ] [ $class$ [ $1$ ] ] ] [ $class$ [ $1$ ] ] ] ] ] [ $Feat8_o  \eq  1$ [ $Feat5_o  \eq  1$ [ $Feat2_o  \eq  1$ [ $class$ [ $0$ ] ] [ $class$ [ $1$ ] ] ] [ $Feat6_o  \eq  1$ [ $Feat7_o  \eq  1$ [ $class$ [ $0$ ] ] [ $class$ [ $1$ ] ] ] [ $class$ [ $1$ ] ] ] ] [ $class$ [ $1$ ] ] ] ],