Data Set,Preprocessing,Classes,Samples,Features,Binary Features,Algorithm,Depth Limit,Width Limit,Regularization,Time Limit,Machine,Threads,Fold Index,Subsample,Subfeatures,Binary subfeatures,Training Time,Max Depth,# Leaves,# Nodes,Training Accuracy,Test Accuracy,Latex,Source
tic-tac-toe,complete,1,958,18,18,binoct,1,None,None,300,leviathan,1,0,766,18,36,0.3315113727,2,2,3,70.10443864,69.27083333,[ $Feat4_o  \le  0.5$ [ $class$ [ $1$ ] ] [ $class$ [ $0$ ] ] ],
tic-tac-toe,complete,1,958,18,18,binoct,1,None,None,300,leviathan,1,1,766,18,36,0.2810831992,2,2,3,67.75456919,78.64583333,[ $Feat4_o  \le  0.5$ [ $class$ [ $1$ ] ] [ $class$ [ $0$ ] ] ],
tic-tac-toe,complete,1,958,18,18,binoct,1,None,None,300,leviathan,1,2,766,18,36,0.2912555244,2,2,3,66.84073107,82.29166667,[ $Feat4_o  \le  0.5$ [ $class$ [ $1$ ] ] [ $class$ [ $0$ ] ] ],
tic-tac-toe,complete,1,958,18,18,binoct,1,None,None,300,leviathan,1,3,767,18,36,0.3014483368,2,2,3,75.09778357,26.17801047,[ $Feat3_o  \le  0.5$ [ $class$ [ $1$ ] ] [ $class$ [ $1$ ] ] ],
tic-tac-toe,complete,1,958,18,18,binoct,1,None,None,300,leviathan,1,4,767,18,36,0.26733458,2,2,3,81.6166884,0,[ $Feat0_x  \le  0.5$ [ $class$ [ $1$ ] ] [ $class$ [ $1$ ] ] ],
tic-tac-toe,complete,1,958,18,18,binoct,2,None,None,300,leviathan,1,0,766,18,36,80.15978222,3,4,7,73.23759791,44.79166667,[ $Feat8_x  \le  0.5$ [ $Feat4_x  \le  0.5$ [ $class$ [ $0$ ] ] [ $class$ [ $1$ ] ] ] [ $Feat1_x  \le  0.5$ [ $class$ [ $1$ ] ] [ $class$ [ $0$ ] ] ] ],
tic-tac-toe,complete,1,958,18,18,binoct,2,None,None,300,leviathan,1,1,766,18,36,101.8285957,3,4,7,71.14882507,47.39583333,[ $Feat1_x  \le  0.5$ [ $Feat4_o  \le  0.5$ [ $class$ [ $1$ ] ] [ $class$ [ $0$ ] ] ] [ $Feat0_o  \le  0.5$ [ $class$ [ $1$ ] ] [ $class$ [ $0$ ] ] ] ],
tic-tac-toe,complete,1,958,18,18,binoct,2,None,None,300,leviathan,1,2,766,18,36,86.74491581,3,4,7,70.10443864,65.10416667,[ $Feat0_x  \le  0.5$ [ $Feat4_x  \le  0.5$ [ $class$ [ $0$ ] ] [ $class$ [ $1$ ] ] ] [ $Feat8_x  \le  0.5$ [ $class$ [ $1$ ] ] [ $class$ [ $1$ ] ] ] ],
tic-tac-toe,complete,1,958,18,18,binoct,2,None,None,300,leviathan,1,3,767,18,36,24.61291624,3,4,7,81.4863103,26.70157068,[ $Feat4_o  \le  0.5$ [ $Feat8_o  \le  0.5$ [ $class$ [ $1$ ] ] [ $class$ [ $1$ ] ] ] [ $Feat0_x  \le  0.5$ [ $class$ [ $0$ ] ] [ $class$ [ $1$ ] ] ] ],
tic-tac-toe,complete,1,958,18,18,binoct,2,None,None,300,leviathan,1,4,767,18,36,28.42899645,3,4,7,82.65971317,15.18324607,[ $Feat6_o  \le  0.5$ [ $Feat2_x  \le  0.5$ [ $class$ [ $1$ ] ] [ $class$ [ $1$ ] ] ] [ $Feat4_o  \le  0.5$ [ $class$ [ $1$ ] ] [ $class$ [ $0$ ] ] ] ],
tic-tac-toe,complete,1,958,18,18,binoct,3,None,None,300,leviathan,1,0,766,18,36,301.1183589,4,8,15,74.67362924,68.22916667,[ $Feat4_x  \le  0.5$ [ $Feat0_o  \le  0.5$ [ $Feat6_x  \le  0.5$ [ $class$ [ $0$ ] ] [ $class$ [ $1$ ] ] ] [ $Feat8_x  \le  0.5$ [ $class$ [ $0$ ] ] [ $class$ [ $1$ ] ] ] ] [ $Feat7_x  \le  0.5$ [ $Feat4_o  \le  0.5$ [ $class$ [ $1$ ] ] [ $class$ [ $0$ ] ] ] [ $Feat1_o  \le  0.5$ [ $class$ [ $1$ ] ] [ $class$ [ $1$ ] ] ] ] ],
tic-tac-toe,complete,1,958,18,18,binoct,3,None,None,300,leviathan,1,1,766,18,36,301.1055132,4,8,15,74.02088773,65.10416667,[ $Feat0_o  \le  0.5$ [ $Feat1_o  \le  0.5$ [ $Feat2_o  \le  0.5$ [ $class$ [ $1$ ] ] [ $class$ [ $0$ ] ] ] [ $Feat4_o  \le  0.5$ [ $class$ [ $1$ ] ] [ $class$ [ $0$ ] ] ] ] [ $Feat8_x  \le  0.5$ [ $Feat4_x  \le  0.5$ [ $class$ [ $0$ ] ] [ $class$ [ $1$ ] ] ] [ $Feat1_x  \le  0.5$ [ $class$ [ $1$ ] ] [ $class$ [ $0$ ] ] ] ] ],
tic-tac-toe,complete,1,958,18,18,binoct,3,None,None,300,leviathan,1,2,766,18,36,301.1382103,4,8,15,78.59007833,58.33333333,[ $Feat2_x  \le  0.5$ [ $Feat6_x  \le  0.5$ [ $Feat4_x  \le  0.5$ [ $class$ [ $0$ ] ] [ $class$ [ $1$ ] ] ] [ $Feat0_o  \le  0.5$ [ $class$ [ $1$ ] ] [ $class$ [ $0$ ] ] ] ] [ $Feat4_x  \le  0.5$ [ $Feat0_x  \le  0.5$ [ $class$ [ $0$ ] ] [ $class$ [ $1$ ] ] ] [ $Feat6_o  \le  0.5$ [ $class$ [ $1$ ] ] [ $class$ [ $0$ ] ] ] ] ],
tic-tac-toe,complete,1,958,18,18,binoct,3,None,None,300,leviathan,1,3,767,18,36,301.0944924,4,8,15,85.0065189,34.55497382,[ $Feat4_x  \le  0.5$ [ $Feat8_x  \le  0.5$ [ $Feat0_x  \le  0.5$ [ $class$ [ $0$ ] ] [ $class$ [ $1$ ] ] ] [ $Feat8_x  \le  0.5$ [ $class$ [ $0$ ] ] [ $class$ [ $1$ ] ] ] ] [ $Feat0_o  \le  0.5$ [ $Feat2_o  \le  0.5$ [ $class$ [ $1$ ] ] [ $class$ [ $1$ ] ] ] [ $Feat0_x  \le  0.5$ [ $class$ [ $1$ ] ] [ $class$ [ $0$ ] ] ] ] ],
tic-tac-toe,complete,1,958,18,18,binoct,3,None,None,300,leviathan,1,4,767,18,36,301.0915913,4,8,15,87.61408083,20.94240838,[ $Feat2_x  \le  0.5$ [ $Feat4_o  \le  0.5$ [ $Feat2_o  \le  0.5$ [ $class$ [ $1$ ] ] [ $class$ [ $1$ ] ] ] [ $Feat6_x  \le  0.5$ [ $class$ [ $0$ ] ] [ $class$ [ $1$ ] ] ] ] [ $Feat0_o  \le  0.5$ [ $Feat1_x  \le  0.5$ [ $class$ [ $1$ ] ] [ $class$ [ $1$ ] ] ] [ $Feat1_x  \le  0.5$ [ $class$ [ $1$ ] ] [ $class$ [ $0$ ] ] ] ] ],
tic-tac-toe,complete,1,958,18,18,binoct,4,None,None,300,leviathan,1,0,766,18,36,301.9663754,5,16,31,83.02872063,46.875,[ $Feat8_x  \le  0.5$ [ $Feat3_x  \le  0.5$ [ $Feat4_o  \le  0.5$ [ $Feat0_x  \le  0.5$ [ $class$ [ $1$ ] ] [ $class$ [ $0$ ] ] ] [ $Feat0_o  \le  0.5$ [ $class$ [ $0$ ] ] [ $class$ [ $0$ ] ] ] ] [ $Feat0_o  \le  0.5$ [ $Feat6_x  \le  0.5$ [ $class$ [ $0$ ] ] [ $class$ [ $1$ ] ] ] [ $Feat4_x  \le  0.5$ [ $class$ [ $0$ ] ] [ $class$ [ $1$ ] ] ] ] ] [ $Feat7_x  \le  0.5$ [ $Feat0_o  \le  0.5$ [ $Feat4_o  \le  0.5$ [ $class$ [ $1$ ] ] [ $class$ [ $0$ ] ] ] [ $Feat2_o  \le  0.5$ [ $class$ [ $1$ ] ] [ $class$ [ $0$ ] ] ] ] [ $Feat6_x  \le  0.5$ [ $Feat4_x  \le  0.5$ [ $class$ [ $0$ ] ] [ $class$ [ $1$ ] ] ] [ $Feat6_x  \le  0.5$ [ $class$ [ $0$ ] ] [ $class$ [ $1$ ] ] ] ] ] ],
tic-tac-toe,complete,1,958,18,18,binoct,4,None,None,300,leviathan,1,1,766,18,36,301.9708252,5,16,31,78.06788512,52.08333333,[ $Feat0_o  \le  0.5$ [ $Feat2_x  \le  0.5$ [ $Feat4_o  \le  0.5$ [ $Feat6_o  \le  0.5$ [ $class$ [ $1$ ] ] [ $class$ [ $1$ ] ] ] [ $Feat7_o  \le  0.5$ [ $class$ [ $0$ ] ] [ $class$ [ $0$ ] ] ] ] [ $Feat0_o  \le  0.5$ [ $Feat0_o  \le  0.5$ [ $class$ [ $1$ ] ] [ $class$ [ $0$ ] ] ] [ $Feat0_x  \le  0.5$ [ $class$ [ $0$ ] ] [ $class$ [ $0$ ] ] ] ] ] [ $Feat1_x  \le  0.5$ [ $Feat4_x  \le  0.5$ [ $Feat8_x  \le  0.5$ [ $class$ [ $0$ ] ] [ $class$ [ $1$ ] ] ] [ $Feat2_o  \le  0.5$ [ $class$ [ $1$ ] ] [ $class$ [ $0$ ] ] ] ] [ $Feat8_x  \le  0.5$ [ $Feat0_o  \le  0.5$ [ $class$ [ $1$ ] ] [ $class$ [ $0$ ] ] ] [ $Feat0_o  \le  0.5$ [ $class$ [ $0$ ] ] [ $class$ [ $0$ ] ] ] ] ] ],
tic-tac-toe,complete,1,958,18,18,binoct,4,None,None,300,leviathan,1,2,766,18,36,301.9883546,5,16,31,80.15665796,71.875,[ $Feat6_o  \le  0.5$ [ $Feat5_o  \le  0.5$ [ $Feat0_o  \le  0.5$ [ $Feat0_x  \le  0.5$ [ $class$ [ $1$ ] ] [ $class$ [ $1$ ] ] ] [ $Feat4_x  \le  0.5$ [ $class$ [ $0$ ] ] [ $class$ [ $1$ ] ] ] ] [ $Feat8_o  \le  0.5$ [ $Feat4_o  \le  0.5$ [ $class$ [ $1$ ] ] [ $class$ [ $0$ ] ] ] [ $Feat2_o  \le  0.5$ [ $class$ [ $1$ ] ] [ $class$ [ $0$ ] ] ] ] ] [ $Feat8_o  \le  0.5$ [ $Feat0_o  \le  0.5$ [ $Feat4_o  \le  0.5$ [ $class$ [ $1$ ] ] [ $class$ [ $0$ ] ] ] [ $Feat0_o  \le  0.5$ [ $class$ [ $0$ ] ] [ $class$ [ $0$ ] ] ] ] [ $Feat4_o  \le  0.5$ [ $Feat7_x  \le  0.5$ [ $class$ [ $0$ ] ] [ $class$ [ $1$ ] ] ] [ $Feat4_o  \le  0.5$ [ $class$ [ $0$ ] ] [ $class$ [ $0$ ] ] ] ] ] ],
tic-tac-toe,complete,1,958,18,18,binoct,4,None,None,300,leviathan,1,3,767,18,36,301.9440422,5,16,31,87.22294654,37.17277487,[ $Feat1_o  \le  0.5$ [ $Feat8_x  \le  0.5$ [ $Feat0_x  \le  0.5$ [ $Feat4_o  \le  0.5$ [ $class$ [ $1$ ] ] [ $class$ [ $0$ ] ] ] [ $Feat0_o  \le  0.5$ [ $class$ [ $1$ ] ] [ $class$ [ $0$ ] ] ] ] [ $Feat0_o  \le  0.5$ [ $Feat0_o  \le  0.5$ [ $class$ [ $1$ ] ] [ $class$ [ $0$ ] ] ] [ $Feat0_o  \le  0.5$ [ $class$ [ $0$ ] ] [ $class$ [ $1$ ] ] ] ] ] [ $Feat4_o  \le  0.5$ [ $Feat2_o  \le  0.5$ [ $Feat0_o  \le  0.5$ [ $class$ [ $1$ ] ] [ $class$ [ $1$ ] ] ] [ $Feat0_o  \le  0.5$ [ $class$ [ $1$ ] ] [ $class$ [ $0$ ] ] ] ] [ $Feat3_x  \le  0.5$ [ $Feat5_x  \le  0.5$ [ $class$ [ $1$ ] ] [ $class$ [ $1$ ] ] ] [ $Feat7_o  \le  0.5$ [ $class$ [ $1$ ] ] [ $class$ [ $0$ ] ] ] ] ] ],
tic-tac-toe,complete,1,958,18,18,binoct,4,None,None,300,leviathan,1,4,767,18,36,301.9928251,5,16,31,89.83050847,25.65445026,[ $Feat6_o  \le  0.5$ [ $Feat4_x  \le  0.5$ [ $Feat5_o  \le  0.5$ [ $Feat0_o  \le  0.5$ [ $class$ [ $1$ ] ] [ $class$ [ $1$ ] ] ] [ $Feat3_o  \le  0.5$ [ $class$ [ $1$ ] ] [ $class$ [ $0$ ] ] ] ] [ $Feat0_o  \le  0.5$ [ $Feat0_o  \le  0.5$ [ $class$ [ $1$ ] ] [ $class$ [ $0$ ] ] ] [ $Feat0_o  \le  0.5$ [ $class$ [ $0$ ] ] [ $class$ [ $1$ ] ] ] ] ] [ $Feat2_x  \le  0.5$ [ $Feat8_o  \le  0.5$ [ $Feat4_x  \le  0.5$ [ $class$ [ $0$ ] ] [ $class$ [ $1$ ] ] ] [ $Feat7_o  \le  0.5$ [ $class$ [ $1$ ] ] [ $class$ [ $0$ ] ] ] ] [ $Feat0_o  \le  0.5$ [ $Feat0_o  \le  0.5$ [ $class$ [ $1$ ] ] [ $class$ [ $0$ ] ] ] [ $Feat3_o  \le  0.5$ [ $class$ [ $1$ ] ] [ $class$ [ $0$ ] ] ] ] ] ],
tic-tac-toe,complete,1,958,18,18,binoct,5,None,None,300,leviathan,1,0,766,18,36,304.0679814,6,32,63,83.02872063,74.47916667,[ $Feat5_o  \le  0.5$ [ $Feat6_o  \le  0.5$ [ $Feat7_o  \le  0.5$ [ $Feat4_o  \le  0.5$ [ $Feat6_o  \le  0.5$ [ $class$ [ $1$ ] ] [ $class$ [ $0$ ] ] ] [ $Feat8_o  \le  0.5$ [ $class$ [ $1$ ] ] [ $class$ [ $0$ ] ] ] ] [ $Feat4_o  \le  0.5$ [ $Feat1_x  \le  0.5$ [ $class$ [ $1$ ] ] [ $class$ [ $1$ ] ] ] [ $Feat1_o  \le  0.5$ [ $class$ [ $0$ ] ] [ $class$ [ $0$ ] ] ] ] ] [ $Feat7_x  \le  0.5$ [ $Feat8_o  \le  0.5$ [ $Feat1_x  \le  0.5$ [ $class$ [ $1$ ] ] [ $class$ [ $0$ ] ] ] [ $Feat7_o  \le  0.5$ [ $class$ [ $1$ ] ] [ $class$ [ $0$ ] ] ] ] [ $Feat4_x  \le  0.5$ [ $Feat0_x  \le  0.5$ [ $class$ [ $0$ ] ] [ $class$ [ $0$ ] ] ] [ $Feat1_x  \le  0.5$ [ $class$ [ $0$ ] ] [ $class$ [ $1$ ] ] ] ] ] ] [ $Feat0_o  \le  0.5$ [ $Feat1_x  \le  0.5$ [ $Feat4_o  \le  0.5$ [ $Feat5_o  \le  0.5$ [ $class$ [ $0$ ] ] [ $class$ [ $1$ ] ] ] [ $Feat3_o  \le  0.5$ [ $class$ [ $1$ ] ] [ $class$ [ $0$ ] ] ] ] [ $Feat3_o  \le  0.5$ [ $Feat2_o  \le  0.5$ [ $class$ [ $1$ ] ] [ $class$ [ $0$ ] ] ] [ $Feat4_o  \le  0.5$ [ $class$ [ $1$ ] ] [ $class$ [ $0$ ] ] ] ] ] [ $Feat4_x  \le  0.5$ [ $Feat3_o  \le  0.5$ [ $Feat8_x  \le  0.5$ [ $class$ [ $0$ ] ] [ $class$ [ $1$ ] ] ] [ $Feat7_x  \le  0.5$ [ $class$ [ $0$ ] ] [ $class$ [ $0$ ] ] ] ] [ $Feat2_o  \le  0.5$ [ $Feat0_o  \le  0.5$ [ $class$ [ $0$ ] ] [ $class$ [ $1$ ] ] ] [ $Feat3_x  \le  0.5$ [ $class$ [ $1$ ] ] [ $class$ [ $0$ ] ] ] ] ] ] ],
tic-tac-toe,complete,1,958,18,18,binoct,5,None,None,300,leviathan,1,1,766,18,36,304.0602252,6,32,63,82.76762402,75.52083333,[ $Feat8_x  \le  0.5$ [ $Feat5_x  \le  0.5$ [ $Feat4_o  \le  0.5$ [ $Feat2_o  \le  0.5$ [ $Feat4_o  \le  0.5$ [ $class$ [ $1$ ] ] [ $class$ [ $1$ ] ] ] [ $Feat0_o  \le  0.5$ [ $class$ [ $0$ ] ] [ $class$ [ $0$ ] ] ] ] [ $Feat7_x  \le  0.5$ [ $Feat0_o  \le  0.5$ [ $class$ [ $1$ ] ] [ $class$ [ $0$ ] ] ] [ $Feat5_x  \le  0.5$ [ $class$ [ $0$ ] ] [ $class$ [ $0$ ] ] ] ] ] [ $Feat0_x  \le  0.5$ [ $Feat0_x  \le  0.5$ [ $Feat4_x  \le  0.5$ [ $class$ [ $0$ ] ] [ $class$ [ $1$ ] ] ] [ $Feat0_o  \le  0.5$ [ $class$ [ $0$ ] ] [ $class$ [ $0$ ] ] ] ] [ $Feat3_x  \le  0.5$ [ $Feat3_o  \le  0.5$ [ $class$ [ $0$ ] ] [ $class$ [ $0$ ] ] ] [ $Feat6_x  \le  0.5$ [ $class$ [ $0$ ] ] [ $class$ [ $1$ ] ] ] ] ] ] [ $Feat0_o  \le  0.5$ [ $Feat2_o  \le  0.5$ [ $Feat4_o  \le  0.5$ [ $Feat3_o  \le  0.5$ [ $class$ [ $1$ ] ] [ $class$ [ $1$ ] ] ] [ $Feat5_o  \le  0.5$ [ $class$ [ $1$ ] ] [ $class$ [ $0$ ] ] ] ] [ $Feat4_x  \le  0.5$ [ $Feat6_x  \le  0.5$ [ $class$ [ $0$ ] ] [ $class$ [ $1$ ] ] ] [ $Feat1_x  \le  0.5$ [ $class$ [ $1$ ] ] [ $class$ [ $1$ ] ] ] ] ] [ $Feat1_x  \le  0.5$ [ $Feat0_x  \le  0.5$ [ $Feat2_o  \le  0.5$ [ $class$ [ $1$ ] ] [ $class$ [ $0$ ] ] ] [ $Feat8_o  \le  0.5$ [ $class$ [ $0$ ] ] [ $class$ [ $0$ ] ] ] ] [ $Feat6_x  \le  0.5$ [ $Feat8_x  \le  0.5$ [ $class$ [ $0$ ] ] [ $class$ [ $0$ ] ] ] [ $Feat8_x  \le  0.5$ [ $class$ [ $0$ ] ] [ $class$ [ $0$ ] ] ] ] ] ] ],
tic-tac-toe,complete,1,958,18,18,binoct,5,None,None,300,leviathan,1,2,766,18,36,304.0854922,6,32,63,80.54830287,59.375,[ $Feat6_o  \le  0.5$ [ $Feat5_o  \le  0.5$ [ $Feat8_o  \le  0.5$ [ $Feat0_x  \le  0.5$ [ $Feat3_o  \le  0.5$ [ $class$ [ $0$ ] ] [ $class$ [ $1$ ] ] ] [ $Feat8_o  \le  0.5$ [ $class$ [ $1$ ] ] [ $class$ [ $0$ ] ] ] ] [ $Feat4_o  \le  0.5$ [ $Feat0_o  \le  0.5$ [ $class$ [ $1$ ] ] [ $class$ [ $1$ ] ] ] [ $Feat0_o  \le  0.5$ [ $class$ [ $1$ ] ] [ $class$ [ $0$ ] ] ] ] ] [ $Feat6_o  \le  0.5$ [ $Feat2_o  \le  0.5$ [ $Feat4_x  \le  0.5$ [ $class$ [ $0$ ] ] [ $class$ [ $1$ ] ] ] [ $Feat8_o  \le  0.5$ [ $class$ [ $1$ ] ] [ $class$ [ $0$ ] ] ] ] [ $Feat0_o  \le  0.5$ [ $Feat0_x  \le  0.5$ [ $class$ [ $0$ ] ] [ $class$ [ $0$ ] ] ] [ $Feat0_x  \le  0.5$ [ $class$ [ $1$ ] ] [ $class$ [ $0$ ] ] ] ] ] ] [ $Feat0_x  \le  0.5$ [ $Feat0_o  \le  0.5$ [ $Feat1_o  \le  0.5$ [ $Feat0_x  \le  0.5$ [ $class$ [ $0$ ] ] [ $class$ [ $0$ ] ] ] [ $Feat0_o  \le  0.5$ [ $class$ [ $1$ ] ] [ $class$ [ $0$ ] ] ] ] [ $Feat1_x  \le  0.5$ [ $Feat7_o  \le  0.5$ [ $class$ [ $0$ ] ] [ $class$ [ $1$ ] ] ] [ $Feat3_o  \le  0.5$ [ $class$ [ $1$ ] ] [ $class$ [ $0$ ] ] ] ] ] [ $Feat2_o  \le  0.5$ [ $Feat8_o  \le  0.5$ [ $Feat0_o  \le  0.5$ [ $class$ [ $1$ ] ] [ $class$ [ $0$ ] ] ] [ $Feat3_x  \le  0.5$ [ $class$ [ $1$ ] ] [ $class$ [ $0$ ] ] ] ] [ $Feat4_o  \le  0.5$ [ $Feat4_o  \le  0.5$ [ $class$ [ $1$ ] ] [ $class$ [ $1$ ] ] ] [ $Feat7_o  \le  0.5$ [ $class$ [ $0$ ] ] [ $class$ [ $0$ ] ] ] ] ] ] ],
tic-tac-toe,complete,1,958,18,18,binoct,5,None,None,300,leviathan,1,3,767,18,36,304.1103443,6,32,63,89.17861799,31.93717277,[ $Feat0_x  \le  0.5$ [ $Feat4_o  \le  0.5$ [ $Feat6_o  \le  0.5$ [ $Feat2_o  \le  0.5$ [ $Feat7_o  \le  0.5$ [ $class$ [ $1$ ] ] [ $class$ [ $1$ ] ] ] [ $Feat1_o  \le  0.5$ [ $class$ [ $1$ ] ] [ $class$ [ $0$ ] ] ] ] [ $Feat3_o  \le  0.5$ [ $Feat4_o  \le  0.5$ [ $class$ [ $1$ ] ] [ $class$ [ $0$ ] ] ] [ $Feat5_o  \le  0.5$ [ $class$ [ $0$ ] ] [ $class$ [ $1$ ] ] ] ] ] [ $Feat5_o  \le  0.5$ [ $Feat2_x  \le  0.5$ [ $Feat8_x  \le  0.5$ [ $class$ [ $0$ ] ] [ $class$ [ $0$ ] ] ] [ $Feat8_o  \le  0.5$ [ $class$ [ $1$ ] ] [ $class$ [ $0$ ] ] ] ] [ $Feat1_x  \le  0.5$ [ $Feat0_o  \le  0.5$ [ $class$ [ $0$ ] ] [ $class$ [ $1$ ] ] ] [ $Feat8_x  \le  0.5$ [ $class$ [ $0$ ] ] [ $class$ [ $0$ ] ] ] ] ] ] [ $Feat0_o  \le  0.5$ [ $Feat0_x  \le  0.5$ [ $Feat0_x  \le  0.5$ [ $Feat1_x  \le  0.5$ [ $class$ [ $0$ ] ] [ $class$ [ $0$ ] ] ] [ $Feat0_x  \le  0.5$ [ $class$ [ $0$ ] ] [ $class$ [ $0$ ] ] ] ] [ $Feat0_x  \le  0.5$ [ $Feat2_x  \le  0.5$ [ $class$ [ $0$ ] ] [ $class$ [ $0$ ] ] ] [ $Feat5_x  \le  0.5$ [ $class$ [ $1$ ] ] [ $class$ [ $1$ ] ] ] ] ] [ $Feat0_x  \le  0.5$ [ $Feat0_x  \le  0.5$ [ $Feat0_x  \le  0.5$ [ $class$ [ $0$ ] ] [ $class$ [ $0$ ] ] ] [ $Feat0_o  \le  0.5$ [ $class$ [ $0$ ] ] [ $class$ [ $0$ ] ] ] ] [ $Feat0_x  \le  0.5$ [ $Feat0_o  \le  0.5$ [ $class$ [ $0$ ] ] [ $class$ [ $0$ ] ] ] [ $Feat1_o  \le  0.5$ [ $class$ [ $0$ ] ] [ $class$ [ $0$ ] ] ] ] ] ] ],
tic-tac-toe,complete,1,958,18,18,binoct,5,None,None,300,leviathan,1,4,767,18,36,304.0786116,6,32,63,90.35202086,26.70157068,[ $Feat4_o  \le  0.5$ [ $Feat7_o  \le  0.5$ [ $Feat6_o  \le  0.5$ [ $Feat6_o  \le  0.5$ [ $Feat7_o  \le  0.5$ [ $class$ [ $1$ ] ] [ $class$ [ $0$ ] ] ] [ $Feat4_x  \le  0.5$ [ $class$ [ $1$ ] ] [ $class$ [ $1$ ] ] ] ] [ $Feat0_x  \le  0.5$ [ $Feat1_o  \le  0.5$ [ $class$ [ $1$ ] ] [ $class$ [ $1$ ] ] ] [ $Feat0_o  \le  0.5$ [ $class$ [ $1$ ] ] [ $class$ [ $0$ ] ] ] ] ] [ $Feat8_o  \le  0.5$ [ $Feat0_x  \le  0.5$ [ $Feat4_o  \le  0.5$ [ $class$ [ $1$ ] ] [ $class$ [ $0$ ] ] ] [ $Feat4_o  \le  0.5$ [ $class$ [ $1$ ] ] [ $class$ [ $1$ ] ] ] ] [ $Feat6_o  \le  0.5$ [ $Feat8_x  \le  0.5$ [ $class$ [ $1$ ] ] [ $class$ [ $0$ ] ] ] [ $Feat1_x  \le  0.5$ [ $class$ [ $0$ ] ] [ $class$ [ $0$ ] ] ] ] ] ] [ $Feat0_o  \le  0.5$ [ $Feat6_x  \le  0.5$ [ $Feat2_o  \le  0.5$ [ $Feat1_o  \le  0.5$ [ $class$ [ $1$ ] ] [ $class$ [ $0$ ] ] ] [ $Feat7_o  \le  0.5$ [ $class$ [ $0$ ] ] [ $class$ [ $0$ ] ] ] ] [ $Feat2_x  \le  0.5$ [ $Feat4_o  \le  0.5$ [ $class$ [ $0$ ] ] [ $class$ [ $1$ ] ] ] [ $Feat8_x  \le  0.5$ [ $class$ [ $1$ ] ] [ $class$ [ $1$ ] ] ] ] ] [ $Feat0_o  \le  0.5$ [ $Feat7_o  \le  0.5$ [ $Feat0_o  \le  0.5$ [ $class$ [ $0$ ] ] [ $class$ [ $0$ ] ] ] [ $Feat1_x  \le  0.5$ [ $class$ [ $1$ ] ] [ $class$ [ $1$ ] ] ] ] [ $Feat1_x  \le  0.5$ [ $Feat2_x  \le  0.5$ [ $class$ [ $1$ ] ] [ $class$ [ $1$ ] ] ] [ $Feat2_o  \le  0.5$ [ $class$ [ $0$ ] ] [ $class$ [ $1$ ] ] ] ] ] ] ],
tic-tac-toe,complete,1,958,18,18,binoct,6,None,None,300,leviathan,1,0,766,18,36,308.7664317,7,64,127,85.63968668,40.625,[ $Feat3_o  \le  0.5$ [ $Feat1_o  \le  0.5$ [ $Feat6_x  \le  0.5$ [ $Feat1_o  \le  0.5$ [ $Feat4_x  \le  0.5$ [ $Feat0_x  \le  0.5$ [ $class$ [ $0$ ] ] [ $class$ [ $0$ ] ] ] [ $Feat1_x  \le  0.5$ [ $class$ [ $1$ ] ] [ $class$ [ $1$ ] ] ] ] [ $Feat2_x  \le  0.5$ [ $Feat3_o  \le  0.5$ [ $class$ [ $0$ ] ] [ $class$ [ $0$ ] ] ] [ $Feat0_o  \le  0.5$ [ $class$ [ $0$ ] ] [ $class$ [ $1$ ] ] ] ] ] [ $Feat1_x  \le  0.5$ [ $Feat2_o  \le  0.5$ [ $Feat3_o  \le  0.5$ [ $class$ [ $1$ ] ] [ $class$ [ $0$ ] ] ] [ $Feat1_x  \le  0.5$ [ $class$ [ $1$ ] ] [ $class$ [ $0$ ] ] ] ] [ $Feat3_o  \le  0.5$ [ $Feat0_x  \le  0.5$ [ $class$ [ $0$ ] ] [ $class$ [ $0$ ] ] ] [ $Feat0_o  \le  0.5$ [ $class$ [ $1$ ] ] [ $class$ [ $0$ ] ] ] ] ] ] [ $Feat2_o  \le  0.5$ [ $Feat4_o  \le  0.5$ [ $Feat5_o  \le  0.5$ [ $Feat6_x  \le  0.5$ [ $class$ [ $1$ ] ] [ $class$ [ $1$ ] ] ] [ $Feat6_o  \le  0.5$ [ $class$ [ $1$ ] ] [ $class$ [ $0$ ] ] ] ] [ $Feat7_x  \le  0.5$ [ $Feat2_o  \le  0.5$ [ $class$ [ $0$ ] ] [ $class$ [ $1$ ] ] ] [ $Feat0_o  \le  0.5$ [ $class$ [ $1$ ] ] [ $class$ [ $1$ ] ] ] ] ] [ $Feat8_x  \le  0.5$ [ $Feat0_o  \le  0.5$ [ $Feat5_x  \le  0.5$ [ $class$ [ $0$ ] ] [ $class$ [ $1$ ] ] ] [ $Feat3_x  \le  0.5$ [ $class$ [ $0$ ] ] [ $class$ [ $0$ ] ] ] ] [ $Feat0_o  \le  0.5$ [ $Feat0_x  \le  0.5$ [ $class$ [ $1$ ] ] [ $class$ [ $0$ ] ] ] [ $Feat4_x  \le  0.5$ [ $class$ [ $0$ ] ] [ $class$ [ $0$ ] ] ] ] ] ] ] [ $Feat0_x  \le  0.5$ [ $Feat3_o  \le  0.5$ [ $Feat0_o  \le  0.5$ [ $Feat0_o  \le  0.5$ [ $Feat0_o  \le  0.5$ [ $class$ [ $0$ ] ] [ $class$ [ $0$ ] ] ] [ $Feat0_o  \le  0.5$ [ $class$ [ $0$ ] ] [ $class$ [ $0$ ] ] ] ] [ $Feat0_o  \le  0.5$ [ $Feat0_o  \le  0.5$ [ $class$ [ $0$ ] ] [ $class$ [ $0$ ] ] ] [ $Feat1_x  \le  0.5$ [ $class$ [ $0$ ] ] [ $class$ [ $0$ ] ] ] ] ] [ $Feat6_o  \le  0.5$ [ $Feat4_o  \le  0.5$ [ $Feat0_o  \le  0.5$ [ $class$ [ $1$ ] ] [ $class$ [ $1$ ] ] ] [ $Feat5_o  \le  0.5$ [ $class$ [ $1$ ] ] [ $class$ [ $0$ ] ] ] ] [ $Feat6_o  \le  0.5$ [ $Feat1_o  \le  0.5$ [ $class$ [ $0$ ] ] [ $class$ [ $0$ ] ] ] [ $Feat0_o  \le  0.5$ [ $class$ [ $1$ ] ] [ $class$ [ $0$ ] ] ] ] ] ] [ $Feat8_o  \le  0.5$ [ $Feat0_x  \le  0.5$ [ $Feat0_o  \le  0.5$ [ $Feat6_x  \le  0.5$ [ $class$ [ $0$ ] ] [ $class$ [ $0$ ] ] ] [ $Feat0_o  \le  0.5$ [ $class$ [ $0$ ] ] [ $class$ [ $0$ ] ] ] ] [ $Feat0_x  \le  0.5$ [ $Feat0_o  \le  0.5$ [ $class$ [ $0$ ] ] [ $class$ [ $0$ ] ] ] [ $Feat4_o  \le  0.5$ [ $class$ [ $1$ ] ] [ $class$ [ $0$ ] ] ] ] ] [ $Feat4_o  \le  0.5$ [ $Feat3_x  \le  0.5$ [ $Feat5_o  \le  0.5$ [ $class$ [ $0$ ] ] [ $class$ [ $0$ ] ] ] [ $Feat0_o  \le  0.5$ [ $class$ [ $0$ ] ] [ $class$ [ $0$ ] ] ] ] [ $Feat1_x  \le  0.5$ [ $Feat0_o  \le  0.5$ [ $class$ [ $0$ ] ] [ $class$ [ $0$ ] ] ] [ $Feat7_o  \le  0.5$ [ $class$ [ $0$ ] ] [ $class$ [ $0$ ] ] ] ] ] ] ] ],
tic-tac-toe,complete,1,958,18,18,binoct,6,None,None,300,leviathan,1,1,766,18,36,308.878918,7,64,127,88.25065274,85.41666667,[ $Feat8_o  \le  0.5$ [ $Feat6_o  \le  0.5$ [ $Feat4_o  \le  0.5$ [ $Feat1_o  \le  0.5$ [ $Feat7_o  \le  0.5$ [ $Feat5_x  \le  0.5$ [ $class$ [ $1$ ] ] [ $class$ [ $1$ ] ] ] [ $Feat1_o  \le  0.5$ [ $class$ [ $1$ ] ] [ $class$ [ $1$ ] ] ] ] [ $Feat2_o  \le  0.5$ [ $Feat0_x  \le  0.5$ [ $class$ [ $1$ ] ] [ $class$ [ $1$ ] ] ] [ $Feat0_o  \le  0.5$ [ $class$ [ $1$ ] ] [ $class$ [ $0$ ] ] ] ] ] [ $Feat2_x  \le  0.5$ [ $Feat1_x  \le  0.5$ [ $Feat7_o  \le  0.5$ [ $class$ [ $1$ ] ] [ $class$ [ $0$ ] ] ] [ $Feat0_o  \le  0.5$ [ $class$ [ $0$ ] ] [ $class$ [ $0$ ] ] ] ] [ $Feat8_x  \le  0.5$ [ $Feat4_x  \le  0.5$ [ $class$ [ $0$ ] ] [ $class$ [ $1$ ] ] ] [ $Feat0_x  \le  0.5$ [ $class$ [ $1$ ] ] [ $class$ [ $0$ ] ] ] ] ] ] [ $Feat5_o  \le  0.5$ [ $Feat2_o  \le  0.5$ [ $Feat3_o  \le  0.5$ [ $Feat2_o  \le  0.5$ [ $class$ [ $1$ ] ] [ $class$ [ $0$ ] ] ] [ $Feat0_x  \le  0.5$ [ $class$ [ $0$ ] ] [ $class$ [ $1$ ] ] ] ] [ $Feat4_x  \le  0.5$ [ $Feat3_o  \le  0.5$ [ $class$ [ $0$ ] ] [ $class$ [ $0$ ] ] ] [ $Feat0_o  \le  0.5$ [ $class$ [ $1$ ] ] [ $class$ [ $0$ ] ] ] ] ] [ $Feat7_x  \le  0.5$ [ $Feat0_x  \le  0.5$ [ $Feat3_o  \le  0.5$ [ $class$ [ $0$ ] ] [ $class$ [ $0$ ] ] ] [ $Feat6_o  \le  0.5$ [ $class$ [ $0$ ] ] [ $class$ [ $1$ ] ] ] ] [ $Feat4_x  \le  0.5$ [ $Feat6_o  \le  0.5$ [ $class$ [ $0$ ] ] [ $class$ [ $0$ ] ] ] [ $Feat0_o  \le  0.5$ [ $class$ [ $1$ ] ] [ $class$ [ $0$ ] ] ] ] ] ] ] [ $Feat8_o  \le  0.5$ [ $Feat0_x  \le  0.5$ [ $Feat1_o  \le  0.5$ [ $Feat2_x  \le  0.5$ [ $Feat1_o  \le  0.5$ [ $class$ [ $0$ ] ] [ $class$ [ $0$ ] ] ] [ $Feat0_o  \le  0.5$ [ $class$ [ $0$ ] ] [ $class$ [ $0$ ] ] ] ] [ $Feat0_x  \le  0.5$ [ $Feat0_o  \le  0.5$ [ $class$ [ $0$ ] ] [ $class$ [ $0$ ] ] ] [ $Feat6_x  \le  0.5$ [ $class$ [ $0$ ] ] [ $class$ [ $0$ ] ] ] ] ] [ $Feat1_x  \le  0.5$ [ $Feat0_x  \le  0.5$ [ $Feat0_o  \le  0.5$ [ $class$ [ $0$ ] ] [ $class$ [ $0$ ] ] ] [ $Feat1_o  \le  0.5$ [ $class$ [ $0$ ] ] [ $class$ [ $0$ ] ] ] ] [ $Feat4_o  \le  0.5$ [ $Feat8_x  \le  0.5$ [ $class$ [ $0$ ] ] [ $class$ [ $0$ ] ] ] [ $Feat0_x  \le  0.5$ [ $class$ [ $0$ ] ] [ $class$ [ $0$ ] ] ] ] ] ] [ $Feat6_o  \le  0.5$ [ $Feat4_x  \le  0.5$ [ $Feat2_o  \le  0.5$ [ $Feat0_x  \le  0.5$ [ $class$ [ $0$ ] ] [ $class$ [ $1$ ] ] ] [ $Feat8_o  \le  0.5$ [ $class$ [ $1$ ] ] [ $class$ [ $0$ ] ] ] ] [ $Feat5_o  \le  0.5$ [ $Feat6_x  \le  0.5$ [ $class$ [ $1$ ] ] [ $class$ [ $1$ ] ] ] [ $Feat2_x  \le  0.5$ [ $class$ [ $0$ ] ] [ $class$ [ $1$ ] ] ] ] ] [ $Feat1_x  \le  0.5$ [ $Feat2_o  \le  0.5$ [ $Feat2_x  \le  0.5$ [ $class$ [ $0$ ] ] [ $class$ [ $0$ ] ] ] [ $Feat4_x  \le  0.5$ [ $class$ [ $0$ ] ] [ $class$ [ $1$ ] ] ] ] [ $Feat7_o  \le  0.5$ [ $Feat8_x  \le  0.5$ [ $class$ [ $1$ ] ] [ $class$ [ $0$ ] ] ] [ $Feat6_o  \le  0.5$ [ $class$ [ $1$ ] ] [ $class$ [ $0$ ] ] ] ] ] ] ] ],
tic-tac-toe,complete,1,958,18,18,binoct,6,None,None,300,leviathan,1,2,766,18,36,308.8483784,7,64,127,82.50652742,66.66666667,[ $Feat0_x  \le  0.5$ [ $Feat4_o  \le  0.5$ [ $Feat0_o  \le  0.5$ [ $Feat5_x  \le  0.5$ [ $Feat3_o  \le  0.5$ [ $Feat1_o  \le  0.5$ [ $class$ [ $0$ ] ] [ $class$ [ $0$ ] ] ] [ $Feat0_x  \le  0.5$ [ $class$ [ $1$ ] ] [ $class$ [ $0$ ] ] ] ] [ $Feat7_o  \le  0.5$ [ $Feat2_o  \le  0.5$ [ $class$ [ $1$ ] ] [ $class$ [ $1$ ] ] ] [ $Feat1_x  \le  0.5$ [ $class$ [ $1$ ] ] [ $class$ [ $0$ ] ] ] ] ] [ $Feat2_o  \le  0.5$ [ $Feat3_o  \le  0.5$ [ $Feat0_o  \le  0.5$ [ $class$ [ $0$ ] ] [ $class$ [ $1$ ] ] ] [ $Feat0_x  \le  0.5$ [ $class$ [ $0$ ] ] [ $class$ [ $0$ ] ] ] ] [ $Feat2_o  \le  0.5$ [ $Feat1_x  \le  0.5$ [ $class$ [ $0$ ] ] [ $class$ [ $0$ ] ] ] [ $Feat1_o  \le  0.5$ [ $class$ [ $1$ ] ] [ $class$ [ $0$ ] ] ] ] ] ] [ $Feat4_o  \le  0.5$ [ $Feat7_o  \le  0.5$ [ $Feat1_o  \le  0.5$ [ $Feat1_x  \le  0.5$ [ $class$ [ $1$ ] ] [ $class$ [ $0$ ] ] ] [ $Feat6_o  \le  0.5$ [ $class$ [ $0$ ] ] [ $class$ [ $0$ ] ] ] ] [ $Feat1_o  \le  0.5$ [ $Feat1_x  \le  0.5$ [ $class$ [ $1$ ] ] [ $class$ [ $0$ ] ] ] [ $Feat1_x  \le  0.5$ [ $class$ [ $0$ ] ] [ $class$ [ $0$ ] ] ] ] ] [ $Feat8_o  \le  0.5$ [ $Feat5_x  \le  0.5$ [ $Feat0_x  \le  0.5$ [ $class$ [ $0$ ] ] [ $class$ [ $0$ ] ] ] [ $Feat2_x  \le  0.5$ [ $class$ [ $0$ ] ] [ $class$ [ $1$ ] ] ] ] [ $Feat4_x  \le  0.5$ [ $Feat3_o  \le  0.5$ [ $class$ [ $0$ ] ] [ $class$ [ $0$ ] ] ] [ $Feat0_x  \le  0.5$ [ $class$ [ $0$ ] ] [ $class$ [ $1$ ] ] ] ] ] ] ] [ $Feat2_x  \le  0.5$ [ $Feat0_o  \le  0.5$ [ $Feat5_o  \le  0.5$ [ $Feat4_x  \le  0.5$ [ $Feat6_o  \le  0.5$ [ $class$ [ $1$ ] ] [ $class$ [ $0$ ] ] ] [ $Feat0_o  \le  0.5$ [ $class$ [ $1$ ] ] [ $class$ [ $0$ ] ] ] ] [ $Feat8_o  \le  0.5$ [ $Feat5_o  \le  0.5$ [ $class$ [ $0$ ] ] [ $class$ [ $1$ ] ] ] [ $Feat0_x  \le  0.5$ [ $class$ [ $0$ ] ] [ $class$ [ $0$ ] ] ] ] ] [ $Feat1_x  \le  0.5$ [ $Feat0_o  \le  0.5$ [ $Feat0_o  \le  0.5$ [ $class$ [ $0$ ] ] [ $class$ [ $0$ ] ] ] [ $Feat0_o  \le  0.5$ [ $class$ [ $0$ ] ] [ $class$ [ $0$ ] ] ] ] [ $Feat0_o  \le  0.5$ [ $Feat0_x  \le  0.5$ [ $class$ [ $0$ ] ] [ $class$ [ $0$ ] ] ] [ $Feat0_o  \le  0.5$ [ $class$ [ $0$ ] ] [ $class$ [ $0$ ] ] ] ] ] ] [ $Feat0_o  \le  0.5$ [ $Feat0_o  \le  0.5$ [ $Feat6_o  \le  0.5$ [ $Feat3_o  \le  0.5$ [ $class$ [ $1$ ] ] [ $class$ [ $1$ ] ] ] [ $Feat0_o  \le  0.5$ [ $class$ [ $1$ ] ] [ $class$ [ $0$ ] ] ] ] [ $Feat0_x  \le  0.5$ [ $Feat0_o  \le  0.5$ [ $class$ [ $0$ ] ] [ $class$ [ $0$ ] ] ] [ $Feat1_x  \le  0.5$ [ $class$ [ $0$ ] ] [ $class$ [ $0$ ] ] ] ] ] [ $Feat0_o  \le  0.5$ [ $Feat8_x  \le  0.5$ [ $Feat2_x  \le  0.5$ [ $class$ [ $1$ ] ] [ $class$ [ $0$ ] ] ] [ $Feat3_x  \le  0.5$ [ $class$ [ $0$ ] ] [ $class$ [ $0$ ] ] ] ] [ $Feat1_o  \le  0.5$ [ $Feat2_x  \le  0.5$ [ $class$ [ $1$ ] ] [ $class$ [ $1$ ] ] ] [ $Feat0_o  \le  0.5$ [ $class$ [ $0$ ] ] [ $class$ [ $0$ ] ] ] ] ] ] ] ],
tic-tac-toe,complete,1,958,18,18,binoct,6,None,None,300,leviathan,1,3,767,18,36,308.7992563,7,64,127,90.22164276,32.46073298,[ $Feat0_x  \le  0.5$ [ $Feat8_o  \le  0.5$ [ $Feat4_o  \le  0.5$ [ $Feat2_o  \le  0.5$ [ $Feat7_x  \le  0.5$ [ $Feat3_x  \le  0.5$ [ $class$ [ $1$ ] ] [ $class$ [ $1$ ] ] ] [ $Feat6_o  \le  0.5$ [ $class$ [ $1$ ] ] [ $class$ [ $0$ ] ] ] ] [ $Feat0_o  \le  0.5$ [ $Feat2_o  \le  0.5$ [ $class$ [ $0$ ] ] [ $class$ [ $1$ ] ] ] [ $Feat1_o  \le  0.5$ [ $class$ [ $1$ ] ] [ $class$ [ $0$ ] ] ] ] ] [ $Feat1_o  \le  0.5$ [ $Feat7_o  \le  0.5$ [ $Feat0_o  \le  0.5$ [ $class$ [ $0$ ] ] [ $class$ [ $1$ ] ] ] [ $Feat4_x  \le  0.5$ [ $class$ [ $1$ ] ] [ $class$ [ $1$ ] ] ] ] [ $Feat5_o  \le  0.5$ [ $Feat8_x  \le  0.5$ [ $class$ [ $0$ ] ] [ $class$ [ $0$ ] ] ] [ $Feat1_x  \le  0.5$ [ $class$ [ $0$ ] ] [ $class$ [ $0$ ] ] ] ] ] ] [ $Feat6_o  \le  0.5$ [ $Feat2_o  \le  0.5$ [ $Feat2_o  \le  0.5$ [ $Feat4_x  \le  0.5$ [ $class$ [ $0$ ] ] [ $class$ [ $1$ ] ] ] [ $Feat1_x  \le  0.5$ [ $class$ [ $0$ ] ] [ $class$ [ $0$ ] ] ] ] [ $Feat7_o  \le  0.5$ [ $Feat6_x  \le  0.5$ [ $class$ [ $1$ ] ] [ $class$ [ $0$ ] ] ] [ $Feat0_x  \le  0.5$ [ $class$ [ $1$ ] ] [ $class$ [ $0$ ] ] ] ] ] [ $Feat4_x  \le  0.5$ [ $Feat3_x  \le  0.5$ [ $Feat5_x  \le  0.5$ [ $class$ [ $1$ ] ] [ $class$ [ $1$ ] ] ] [ $Feat1_x  \le  0.5$ [ $class$ [ $0$ ] ] [ $class$ [ $0$ ] ] ] ] [ $Feat7_o  \le  0.5$ [ $Feat0_o  \le  0.5$ [ $class$ [ $1$ ] ] [ $class$ [ $1$ ] ] ] [ $Feat0_x  \le  0.5$ [ $class$ [ $0$ ] ] [ $class$ [ $0$ ] ] ] ] ] ] ] [ $Feat2_x  \le  0.5$ [ $Feat0_o  \le  0.5$ [ $Feat6_o  \le  0.5$ [ $Feat0_o  \le  0.5$ [ $Feat2_o  \le  0.5$ [ $class$ [ $1$ ] ] [ $class$ [ $1$ ] ] ] [ $Feat4_o  \le  0.5$ [ $class$ [ $0$ ] ] [ $class$ [ $0$ ] ] ] ] [ $Feat0_o  \le  0.5$ [ $Feat0_o  \le  0.5$ [ $class$ [ $1$ ] ] [ $class$ [ $0$ ] ] ] [ $Feat0_o  \le  0.5$ [ $class$ [ $0$ ] ] [ $class$ [ $0$ ] ] ] ] ] [ $Feat0_x  \le  0.5$ [ $Feat0_x  \le  0.5$ [ $Feat0_o  \le  0.5$ [ $class$ [ $1$ ] ] [ $class$ [ $0$ ] ] ] [ $Feat0_x  \le  0.5$ [ $class$ [ $0$ ] ] [ $class$ [ $0$ ] ] ] ] [ $Feat0_o  \le  0.5$ [ $Feat1_o  \le  0.5$ [ $class$ [ $0$ ] ] [ $class$ [ $1$ ] ] ] [ $Feat2_o  \le  0.5$ [ $class$ [ $1$ ] ] [ $class$ [ $1$ ] ] ] ] ] ] [ $Feat0_x  \le  0.5$ [ $Feat0_x  \le  0.5$ [ $Feat1_x  \le  0.5$ [ $Feat1_o  \le  0.5$ [ $class$ [ $0$ ] ] [ $class$ [ $0$ ] ] ] [ $Feat1_x  \le  0.5$ [ $class$ [ $1$ ] ] [ $class$ [ $0$ ] ] ] ] [ $Feat1_x  \le  0.5$ [ $Feat6_x  \le  0.5$ [ $class$ [ $0$ ] ] [ $class$ [ $0$ ] ] ] [ $Feat0_o  \le  0.5$ [ $class$ [ $0$ ] ] [ $class$ [ $0$ ] ] ] ] ] [ $Feat1_x  \le  0.5$ [ $Feat6_o  \le  0.5$ [ $Feat4_o  \le  0.5$ [ $class$ [ $1$ ] ] [ $class$ [ $1$ ] ] ] [ $Feat8_o  \le  0.5$ [ $class$ [ $1$ ] ] [ $class$ [ $0$ ] ] ] ] [ $Feat3_o  \le  0.5$ [ $Feat0_o  \le  0.5$ [ $class$ [ $1$ ] ] [ $class$ [ $0$ ] ] ] [ $Feat0_o  \le  0.5$ [ $class$ [ $1$ ] ] [ $class$ [ $0$ ] ] ] ] ] ] ] ],
tic-tac-toe,complete,1,958,18,18,binoct,6,None,None,300,leviathan,1,4,767,18,36,308.7641298,7,64,127,93.48109518,23.56020942,[ $Feat8_x  \le  0.5$ [ $Feat2_x  \le  0.5$ [ $Feat0_x  \le  0.5$ [ $Feat0_x  \le  0.5$ [ $Feat0_o  \le  0.5$ [ $Feat0_o  \le  0.5$ [ $class$ [ $1$ ] ] [ $class$ [ $0$ ] ] ] [ $Feat7_x  \le  0.5$ [ $class$ [ $1$ ] ] [ $class$ [ $1$ ] ] ] ] [ $Feat1_x  \le  0.5$ [ $Feat0_o  \le  0.5$ [ $class$ [ $1$ ] ] [ $class$ [ $0$ ] ] ] [ $Feat0_o  \le  0.5$ [ $class$ [ $0$ ] ] [ $class$ [ $0$ ] ] ] ] ] [ $Feat3_x  \le  0.5$ [ $Feat0_o  \le  0.5$ [ $Feat0_o  \le  0.5$ [ $class$ [ $0$ ] ] [ $class$ [ $0$ ] ] ] [ $Feat4_o  \le  0.5$ [ $class$ [ $1$ ] ] [ $class$ [ $0$ ] ] ] ] [ $Feat3_o  \le  0.5$ [ $Feat6_x  \le  0.5$ [ $class$ [ $0$ ] ] [ $class$ [ $1$ ] ] ] [ $Feat4_o  \le  0.5$ [ $class$ [ $1$ ] ] [ $class$ [ $0$ ] ] ] ] ] ] [ $Feat0_o  \le  0.5$ [ $Feat6_o  \le  0.5$ [ $Feat2_o  \le  0.5$ [ $Feat8_o  \le  0.5$ [ $class$ [ $1$ ] ] [ $class$ [ $1$ ] ] ] [ $Feat0_o  \le  0.5$ [ $class$ [ $0$ ] ] [ $class$ [ $0$ ] ] ] ] [ $Feat2_o  \le  0.5$ [ $Feat1_x  \le  0.5$ [ $class$ [ $0$ ] ] [ $class$ [ $1$ ] ] ] [ $Feat0_o  \le  0.5$ [ $class$ [ $0$ ] ] [ $class$ [ $0$ ] ] ] ] ] [ $Feat3_x  \le  0.5$ [ $Feat4_x  \le  0.5$ [ $Feat8_x  \le  0.5$ [ $class$ [ $0$ ] ] [ $class$ [ $0$ ] ] ] [ $Feat3_o  \le  0.5$ [ $class$ [ $1$ ] ] [ $class$ [ $1$ ] ] ] ] [ $Feat4_x  \le  0.5$ [ $Feat0_x  \le  0.5$ [ $class$ [ $0$ ] ] [ $class$ [ $1$ ] ] ] [ $Feat0_o  \le  0.5$ [ $class$ [ $0$ ] ] [ $class$ [ $1$ ] ] ] ] ] ] ] [ $Feat1_x  \le  0.5$ [ $Feat4_o  \le  0.5$ [ $Feat7_x  \le  0.5$ [ $Feat0_x  \le  0.5$ [ $Feat0_o  \le  0.5$ [ $class$ [ $1$ ] ] [ $class$ [ $1$ ] ] ] [ $Feat0_o  \le  0.5$ [ $class$ [ $1$ ] ] [ $class$ [ $0$ ] ] ] ] [ $Feat8_o  \le  0.5$ [ $Feat0_x  \le  0.5$ [ $class$ [ $1$ ] ] [ $class$ [ $1$ ] ] ] [ $Feat7_x  \le  0.5$ [ $class$ [ $0$ ] ] [ $class$ [ $0$ ] ] ] ] ] [ $Feat0_x  \le  0.5$ [ $Feat4_x  \le  0.5$ [ $Feat0_o  \le  0.5$ [ $class$ [ $1$ ] ] [ $class$ [ $1$ ] ] ] [ $Feat8_x  \le  0.5$ [ $class$ [ $1$ ] ] [ $class$ [ $1$ ] ] ] ] [ $Feat6_x  \le  0.5$ [ $Feat0_x  \le  0.5$ [ $class$ [ $0$ ] ] [ $class$ [ $0$ ] ] ] [ $Feat7_x  \le  0.5$ [ $class$ [ $0$ ] ] [ $class$ [ $1$ ] ] ] ] ] ] [ $Feat5_x  \le  0.5$ [ $Feat2_x  \le  0.5$ [ $Feat6_x  \le  0.5$ [ $Feat4_x  \le  0.5$ [ $class$ [ $0$ ] ] [ $class$ [ $1$ ] ] ] [ $Feat6_o  \le  0.5$ [ $class$ [ $1$ ] ] [ $class$ [ $0$ ] ] ] ] [ $Feat8_o  \le  0.5$ [ $Feat0_o  \le  0.5$ [ $class$ [ $1$ ] ] [ $class$ [ $0$ ] ] ] [ $Feat0_o  \le  0.5$ [ $class$ [ $1$ ] ] [ $class$ [ $1$ ] ] ] ] ] [ $Feat2_o  \le  0.5$ [ $Feat8_o  \le  0.5$ [ $Feat8_x  \le  0.5$ [ $class$ [ $1$ ] ] [ $class$ [ $1$ ] ] ] [ $Feat0_o  \le  0.5$ [ $class$ [ $0$ ] ] [ $class$ [ $0$ ] ] ] ] [ $Feat0_o  \le  0.5$ [ $Feat4_x  \le  0.5$ [ $class$ [ $0$ ] ] [ $class$ [ $1$ ] ] ] [ $Feat0_o  \le  0.5$ [ $class$ [ $0$ ] ] [ $class$ [ $1$ ] ] ] ] ] ] ] ],
tic-tac-toe,complete,1,958,18,18,binoct,7,None,None,300,leviathan,1,0,766,18,36,319.2661849,8,128,255,88.25065274,61.45833333,[ $Feat8_x  \le  0.5$ [ $Feat4_x  \le  0.5$ [ $Feat1_o  \le  0.5$ [ $Feat6_x  \le  0.5$ [ $Feat1_o  \le  0.5$ [ $Feat6_x  \le  0.5$ [ $Feat5_o  \le  0.5$ [ $class$ [ $0$ ] ] [ $class$ [ $0$ ] ] ] [ $Feat3_x  \le  0.5$ [ $class$ [ $0$ ] ] [ $class$ [ $1$ ] ] ] ] [ $Feat0_x  \le  0.5$ [ $Feat0_o  \le  0.5$ [ $class$ [ $0$ ] ] [ $class$ [ $0$ ] ] ] [ $Feat1_x  \le  0.5$ [ $class$ [ $0$ ] ] [ $class$ [ $0$ ] ] ] ] ] [ $Feat3_x  \le  0.5$ [ $Feat5_x  \le  0.5$ [ $Feat8_x  \le  0.5$ [ $class$ [ $0$ ] ] [ $class$ [ $0$ ] ] ] [ $Feat3_o  \le  0.5$ [ $class$ [ $0$ ] ] [ $class$ [ $0$ ] ] ] ] [ $Feat0_o  \le  0.5$ [ $Feat0_o  \le  0.5$ [ $class$ [ $1$ ] ] [ $class$ [ $0$ ] ] ] [ $Feat8_x  \le  0.5$ [ $class$ [ $0$ ] ] [ $class$ [ $0$ ] ] ] ] ] ] [ $Feat4_o  \le  0.5$ [ $Feat0_o  \le  0.5$ [ $Feat1_x  \le  0.5$ [ $Feat6_x  \le  0.5$ [ $class$ [ $0$ ] ] [ $class$ [ $1$ ] ] ] [ $Feat6_x  \le  0.5$ [ $class$ [ $0$ ] ] [ $class$ [ $0$ ] ] ] ] [ $Feat0_o  \le  0.5$ [ $Feat2_o  \le  0.5$ [ $class$ [ $0$ ] ] [ $class$ [ $0$ ] ] ] [ $Feat3_x  \le  0.5$ [ $class$ [ $0$ ] ] [ $class$ [ $0$ ] ] ] ] ] [ $Feat7_o  \le  0.5$ [ $Feat0_o  \le  0.5$ [ $Feat3_o  \le  0.5$ [ $class$ [ $1$ ] ] [ $class$ [ $0$ ] ] ] [ $Feat2_o  \le  0.5$ [ $class$ [ $0$ ] ] [ $class$ [ $0$ ] ] ] ] [ $Feat8_x  \le  0.5$ [ $Feat0_o  \le  0.5$ [ $class$ [ $0$ ] ] [ $class$ [ $0$ ] ] ] [ $Feat8_o  \le  0.5$ [ $class$ [ $0$ ] ] [ $class$ [ $0$ ] ] ] ] ] ] ] [ $Feat8_x  \le  0.5$ [ $Feat3_x  \le  0.5$ [ $Feat2_o  \le  0.5$ [ $Feat7_o  \le  0.5$ [ $Feat8_x  \le  0.5$ [ $class$ [ $1$ ] ] [ $class$ [ $0$ ] ] ] [ $Feat6_x  \le  0.5$ [ $class$ [ $0$ ] ] [ $class$ [ $1$ ] ] ] ] [ $Feat3_x  \le  0.5$ [ $Feat1_x  \le  0.5$ [ $class$ [ $0$ ] ] [ $class$ [ $1$ ] ] ] [ $Feat0_o  \le  0.5$ [ $class$ [ $0$ ] ] [ $class$ [ $0$ ] ] ] ] ] [ $Feat5_x  \le  0.5$ [ $Feat6_x  \le  0.5$ [ $Feat7_x  \le  0.5$ [ $class$ [ $0$ ] ] [ $class$ [ $1$ ] ] ] [ $Feat8_x  \le  0.5$ [ $class$ [ $1$ ] ] [ $class$ [ $0$ ] ] ] ] [ $Feat3_o  \le  0.5$ [ $Feat3_o  \le  0.5$ [ $class$ [ $1$ ] ] [ $class$ [ $0$ ] ] ] [ $Feat0_o  \le  0.5$ [ $class$ [ $0$ ] ] [ $class$ [ $1$ ] ] ] ] ] ] [ $Feat0_o  \le  0.5$ [ $Feat8_o  \le  0.5$ [ $Feat0_x  \le  0.5$ [ $Feat0_o  \le  0.5$ [ $class$ [ $0$ ] ] [ $class$ [ $0$ ] ] ] [ $Feat2_x  \le  0.5$ [ $class$ [ $0$ ] ] [ $class$ [ $1$ ] ] ] ] [ $Feat0_x  \le  0.5$ [ $Feat2_o  \le  0.5$ [ $class$ [ $0$ ] ] [ $class$ [ $0$ ] ] ] [ $Feat4_x  \le  0.5$ [ $class$ [ $0$ ] ] [ $class$ [ $0$ ] ] ] ] ] [ $Feat0_x  \le  0.5$ [ $Feat3_x  \le  0.5$ [ $Feat1_x  \le  0.5$ [ $class$ [ $0$ ] ] [ $class$ [ $0$ ] ] ] [ $Feat3_x  \le  0.5$ [ $class$ [ $0$ ] ] [ $class$ [ $0$ ] ] ] ] [ $Feat0_o  \le  0.5$ [ $Feat0_o  \le  0.5$ [ $class$ [ $0$ ] ] [ $class$ [ $0$ ] ] ] [ $Feat0_o  \le  0.5$ [ $class$ [ $0$ ] ] [ $class$ [ $1$ ] ] ] ] ] ] ] ] [ $Feat3_x  \le  0.5$ [ $Feat7_x  \le  0.5$ [ $Feat7_o  \le  0.5$ [ $Feat1_x  \le  0.5$ [ $Feat2_x  \le  0.5$ [ $Feat6_o  \le  0.5$ [ $class$ [ $1$ ] ] [ $class$ [ $1$ ] ] ] [ $Feat6_o  \le  0.5$ [ $class$ [ $1$ ] ] [ $class$ [ $1$ ] ] ] ] [ $Feat5_o  \le  0.5$ [ $Feat0_x  \le  0.5$ [ $class$ [ $0$ ] ] [ $class$ [ $0$ ] ] ] [ $Feat4_x  \le  0.5$ [ $class$ [ $0$ ] ] [ $class$ [ $0$ ] ] ] ] ] [ $Feat1_o  \le  0.5$ [ $Feat8_x  \le  0.5$ [ $Feat2_o  \le  0.5$ [ $class$ [ $0$ ] ] [ $class$ [ $0$ ] ] ] [ $Feat0_o  \le  0.5$ [ $class$ [ $1$ ] ] [ $class$ [ $1$ ] ] ] ] [ $Feat4_o  \le  0.5$ [ $Feat8_o  \le  0.5$ [ $class$ [ $1$ ] ] [ $class$ [ $0$ ] ] ] [ $Feat1_o  \le  0.5$ [ $class$ [ $0$ ] ] [ $class$ [ $0$ ] ] ] ] ] ] [ $Feat6_o  \le  0.5$ [ $Feat8_x  \le  0.5$ [ $Feat0_o  \le  0.5$ [ $Feat0_x  \le  0.5$ [ $class$ [ $0$ ] ] [ $class$ [ $0$ ] ] ] [ $Feat0_x  \le  0.5$ [ $class$ [ $0$ ] ] [ $class$ [ $0$ ] ] ] ] [ $Feat3_x  \le  0.5$ [ $Feat1_x  \le  0.5$ [ $class$ [ $1$ ] ] [ $class$ [ $1$ ] ] ] [ $Feat0_o  \le  0.5$ [ $class$ [ $0$ ] ] [ $class$ [ $0$ ] ] ] ] ] [ $Feat2_o  \le  0.5$ [ $Feat2_x  \le  0.5$ [ $Feat0_o  \le  0.5$ [ $class$ [ $0$ ] ] [ $class$ [ $0$ ] ] ] [ $Feat5_x  \le  0.5$ [ $class$ [ $0$ ] ] [ $class$ [ $1$ ] ] ] ] [ $Feat4_o  \le  0.5$ [ $Feat3_o  \le  0.5$ [ $class$ [ $1$ ] ] [ $class$ [ $0$ ] ] ] [ $Feat2_x  \le  0.5$ [ $class$ [ $0$ ] ] [ $class$ [ $0$ ] ] ] ] ] ] ] [ $Feat3_x  \le  0.5$ [ $Feat0_o  \le  0.5$ [ $Feat4_o  \le  0.5$ [ $Feat0_o  \le  0.5$ [ $Feat0_x  \le  0.5$ [ $class$ [ $0$ ] ] [ $class$ [ $1$ ] ] ] [ $Feat6_x  \le  0.5$ [ $class$ [ $0$ ] ] [ $class$ [ $0$ ] ] ] ] [ $Feat1_x  \le  0.5$ [ $Feat0_o  \le  0.5$ [ $class$ [ $0$ ] ] [ $class$ [ $0$ ] ] ] [ $Feat0_o  \le  0.5$ [ $class$ [ $0$ ] ] [ $class$ [ $0$ ] ] ] ] ] [ $Feat0_x  \le  0.5$ [ $Feat0_o  \le  0.5$ [ $Feat1_x  \le  0.5$ [ $class$ [ $0$ ] ] [ $class$ [ $1$ ] ] ] [ $Feat6_o  \le  0.5$ [ $class$ [ $0$ ] ] [ $class$ [ $0$ ] ] ] ] [ $Feat0_x  \le  0.5$ [ $Feat0_x  \le  0.5$ [ $class$ [ $0$ ] ] [ $class$ [ $0$ ] ] ] [ $Feat1_o  \le  0.5$ [ $class$ [ $0$ ] ] [ $class$ [ $1$ ] ] ] ] ] ] [ $Feat5_o  \le  0.5$ [ $Feat2_x  \le  0.5$ [ $Feat5_x  \le  0.5$ [ $Feat6_o  \le  0.5$ [ $class$ [ $0$ ] ] [ $class$ [ $0$ ] ] ] [ $Feat4_o  \le  0.5$ [ $class$ [ $1$ ] ] [ $class$ [ $0$ ] ] ] ] [ $Feat0_o  \le  0.5$ [ $Feat0_o  \le  0.5$ [ $class$ [ $1$ ] ] [ $class$ [ $0$ ] ] ] [ $Feat0_o  \le  0.5$ [ $class$ [ $1$ ] ] [ $class$ [ $1$ ] ] ] ] ] [ $Feat6_x  \le  0.5$ [ $Feat0_o  \le  0.5$ [ $Feat4_o  \le  0.5$ [ $class$ [ $1$ ] ] [ $class$ [ $0$ ] ] ] [ $Feat1_o  \le  0.5$ [ $class$ [ $0$ ] ] [ $class$ [ $0$ ] ] ] ] [ $Feat0_o  \le  0.5$ [ $Feat8_o  \le  0.5$ [ $class$ [ $1$ ] ] [ $class$ [ $0$ ] ] ] [ $Feat0_o  \le  0.5$ [ $class$ [ $0$ ] ] [ $class$ [ $1$ ] ] ] ] ] ] ] ] ],
tic-tac-toe,complete,1,958,18,18,binoct,7,None,None,300,leviathan,1,1,766,18,36,319.1499523,8,128,255,81.5926893,75,[ $Feat6_o  \le  0.5$ [ $Feat4_x  \le  0.5$ [ $Feat4_o  \le  0.5$ [ $Feat5_o  \le  0.5$ [ $Feat6_x  \le  0.5$ [ $Feat8_x  \le  0.5$ [ $Feat0_o  \le  0.5$ [ $class$ [ $1$ ] ] [ $class$ [ $0$ ] ] ] [ $Feat3_x  \le  0.5$ [ $class$ [ $1$ ] ] [ $class$ [ $0$ ] ] ] ] [ $Feat1_o  \le  0.5$ [ $Feat5_o  \le  0.5$ [ $class$ [ $1$ ] ] [ $class$ [ $0$ ] ] ] [ $Feat0_x  \le  0.5$ [ $class$ [ $1$ ] ] [ $class$ [ $1$ ] ] ] ] ] [ $Feat2_o  \le  0.5$ [ $Feat2_o  \le  0.5$ [ $Feat5_o  \le  0.5$ [ $class$ [ $0$ ] ] [ $class$ [ $1$ ] ] ] [ $Feat0_o  \le  0.5$ [ $class$ [ $0$ ] ] [ $class$ [ $0$ ] ] ] ] [ $Feat8_o  \le  0.5$ [ $Feat0_x  \le  0.5$ [ $class$ [ $1$ ] ] [ $class$ [ $1$ ] ] ] [ $Feat8_o  \le  0.5$ [ $class$ [ $0$ ] ] [ $class$ [ $0$ ] ] ] ] ] ] [ $Feat3_o  \le  0.5$ [ $Feat1_o  \le  0.5$ [ $Feat0_o  \le  0.5$ [ $Feat6_o  \le  0.5$ [ $class$ [ $1$ ] ] [ $class$ [ $0$ ] ] ] [ $Feat8_x  \le  0.5$ [ $class$ [ $0$ ] ] [ $class$ [ $1$ ] ] ] ] [ $Feat1_x  \le  0.5$ [ $Feat7_o  \le  0.5$ [ $class$ [ $1$ ] ] [ $class$ [ $0$ ] ] ] [ $Feat5_x  \le  0.5$ [ $class$ [ $0$ ] ] [ $class$ [ $0$ ] ] ] ] ] [ $Feat6_x  \le  0.5$ [ $Feat0_x  \le  0.5$ [ $Feat5_x  \le  0.5$ [ $class$ [ $0$ ] ] [ $class$ [ $1$ ] ] ] [ $Feat5_x  \le  0.5$ [ $class$ [ $0$ ] ] [ $class$ [ $1$ ] ] ] ] [ $Feat6_o  \le  0.5$ [ $Feat3_x  \le  0.5$ [ $class$ [ $0$ ] ] [ $class$ [ $0$ ] ] ] [ $Feat4_x  \le  0.5$ [ $class$ [ $0$ ] ] [ $class$ [ $0$ ] ] ] ] ] ] ] [ $Feat7_o  \le  0.5$ [ $Feat5_o  \le  0.5$ [ $Feat7_o  \le  0.5$ [ $Feat2_x  \le  0.5$ [ $Feat2_x  \le  0.5$ [ $class$ [ $1$ ] ] [ $class$ [ $1$ ] ] ] [ $Feat0_o  \le  0.5$ [ $class$ [ $1$ ] ] [ $class$ [ $1$ ] ] ] ] [ $Feat4_o  \le  0.5$ [ $Feat4_x  \le  0.5$ [ $class$ [ $0$ ] ] [ $class$ [ $0$ ] ] ] [ $Feat0_x  \le  0.5$ [ $class$ [ $0$ ] ] [ $class$ [ $1$ ] ] ] ] ] [ $Feat2_x  \le  0.5$ [ $Feat1_x  \le  0.5$ [ $Feat7_o  \le  0.5$ [ $class$ [ $0$ ] ] [ $class$ [ $0$ ] ] ] [ $Feat1_o  \le  0.5$ [ $class$ [ $1$ ] ] [ $class$ [ $0$ ] ] ] ] [ $Feat0_x  \le  0.5$ [ $Feat5_o  \le  0.5$ [ $class$ [ $0$ ] ] [ $class$ [ $1$ ] ] ] [ $Feat7_o  \le  0.5$ [ $class$ [ $1$ ] ] [ $class$ [ $1$ ] ] ] ] ] ] [ $Feat2_x  \le  0.5$ [ $Feat7_x  \le  0.5$ [ $Feat8_x  \le  0.5$ [ $Feat1_x  \le  0.5$ [ $class$ [ $1$ ] ] [ $class$ [ $0$ ] ] ] [ $Feat1_o  \le  0.5$ [ $class$ [ $1$ ] ] [ $class$ [ $1$ ] ] ] ] [ $Feat0_x  \le  0.5$ [ $Feat0_o  \le  0.5$ [ $class$ [ $0$ ] ] [ $class$ [ $0$ ] ] ] [ $Feat0_o  \le  0.5$ [ $class$ [ $0$ ] ] [ $class$ [ $1$ ] ] ] ] ] [ $Feat1_o  \le  0.5$ [ $Feat0_o  \le  0.5$ [ $Feat3_x  \le  0.5$ [ $class$ [ $1$ ] ] [ $class$ [ $1$ ] ] ] [ $Feat1_o  \le  0.5$ [ $class$ [ $1$ ] ] [ $class$ [ $0$ ] ] ] ] [ $Feat4_o  \le  0.5$ [ $Feat0_o  \le  0.5$ [ $class$ [ $1$ ] ] [ $class$ [ $1$ ] ] ] [ $Feat0_o  \le  0.5$ [ $class$ [ $0$ ] ] [ $class$ [ $0$ ] ] ] ] ] ] ] ] [ $Feat6_o  \le  0.5$ [ $Feat0_o  \le  0.5$ [ $Feat0_x  \le  0.5$ [ $Feat0_o  \le  0.5$ [ $Feat0_o  \le  0.5$ [ $Feat0_x  \le  0.5$ [ $class$ [ $1$ ] ] [ $class$ [ $0$ ] ] ] [ $Feat0_x  \le  0.5$ [ $class$ [ $0$ ] ] [ $class$ [ $0$ ] ] ] ] [ $Feat1_o  \le  0.5$ [ $Feat5_o  \le  0.5$ [ $class$ [ $0$ ] ] [ $class$ [ $0$ ] ] ] [ $Feat0_o  \le  0.5$ [ $class$ [ $0$ ] ] [ $class$ [ $0$ ] ] ] ] ] [ $Feat0_x  \le  0.5$ [ $Feat1_o  \le  0.5$ [ $Feat0_x  \le  0.5$ [ $class$ [ $0$ ] ] [ $class$ [ $0$ ] ] ] [ $Feat2_o  \le  0.5$ [ $class$ [ $0$ ] ] [ $class$ [ $0$ ] ] ] ] [ $Feat2_x  \le  0.5$ [ $Feat4_o  \le  0.5$ [ $class$ [ $0$ ] ] [ $class$ [ $0$ ] ] ] [ $Feat0_o  \le  0.5$ [ $class$ [ $0$ ] ] [ $class$ [ $1$ ] ] ] ] ] ] [ $Feat2_o  \le  0.5$ [ $Feat6_x  \le  0.5$ [ $Feat0_o  \le  0.5$ [ $Feat0_o  \le  0.5$ [ $class$ [ $0$ ] ] [ $class$ [ $0$ ] ] ] [ $Feat2_o  \le  0.5$ [ $class$ [ $0$ ] ] [ $class$ [ $0$ ] ] ] ] [ $Feat0_o  \le  0.5$ [ $Feat0_o  \le  0.5$ [ $class$ [ $0$ ] ] [ $class$ [ $0$ ] ] ] [ $Feat3_x  \le  0.5$ [ $class$ [ $0$ ] ] [ $class$ [ $0$ ] ] ] ] ] [ $Feat0_o  \le  0.5$ [ $Feat2_o  \le  0.5$ [ $Feat0_o  \le  0.5$ [ $class$ [ $0$ ] ] [ $class$ [ $0$ ] ] ] [ $Feat0_o  \le  0.5$ [ $class$ [ $1$ ] ] [ $class$ [ $0$ ] ] ] ] [ $Feat4_o  \le  0.5$ [ $Feat1_x  \le  0.5$ [ $class$ [ $0$ ] ] [ $class$ [ $0$ ] ] ] [ $Feat1_o  \le  0.5$ [ $class$ [ $0$ ] ] [ $class$ [ $0$ ] ] ] ] ] ] ] [ $Feat6_o  \le  0.5$ [ $Feat0_o  \le  0.5$ [ $Feat0_o  \le  0.5$ [ $Feat0_x  \le  0.5$ [ $Feat2_x  \le  0.5$ [ $class$ [ $0$ ] ] [ $class$ [ $1$ ] ] ] [ $Feat0_o  \le  0.5$ [ $class$ [ $0$ ] ] [ $class$ [ $1$ ] ] ] ] [ $Feat0_x  \le  0.5$ [ $Feat0_o  \le  0.5$ [ $class$ [ $0$ ] ] [ $class$ [ $0$ ] ] ] [ $Feat1_o  \le  0.5$ [ $class$ [ $0$ ] ] [ $class$ [ $0$ ] ] ] ] ] [ $Feat2_o  \le  0.5$ [ $Feat1_x  \le  0.5$ [ $Feat0_o  \le  0.5$ [ $class$ [ $0$ ] ] [ $class$ [ $0$ ] ] ] [ $Feat1_o  \le  0.5$ [ $class$ [ $0$ ] ] [ $class$ [ $0$ ] ] ] ] [ $Feat4_x  \le  0.5$ [ $Feat0_o  \le  0.5$ [ $class$ [ $0$ ] ] [ $class$ [ $0$ ] ] ] [ $Feat0_o  \le  0.5$ [ $class$ [ $0$ ] ] [ $class$ [ $0$ ] ] ] ] ] ] [ $Feat0_o  \le  0.5$ [ $Feat2_o  \le  0.5$ [ $Feat8_o  \le  0.5$ [ $Feat8_o  \le  0.5$ [ $class$ [ $1$ ] ] [ $class$ [ $0$ ] ] ] [ $Feat1_x  \le  0.5$ [ $class$ [ $0$ ] ] [ $class$ [ $1$ ] ] ] ] [ $Feat3_o  \le  0.5$ [ $Feat0_o  \le  0.5$ [ $class$ [ $0$ ] ] [ $class$ [ $0$ ] ] ] [ $Feat0_o  \le  0.5$ [ $class$ [ $1$ ] ] [ $class$ [ $0$ ] ] ] ] ] [ $Feat3_x  \le  0.5$ [ $Feat2_x  \le  0.5$ [ $Feat5_o  \le  0.5$ [ $class$ [ $0$ ] ] [ $class$ [ $0$ ] ] ] [ $Feat4_o  \le  0.5$ [ $class$ [ $0$ ] ] [ $class$ [ $0$ ] ] ] ] [ $Feat1_x  \le  0.5$ [ $Feat1_o  \le  0.5$ [ $class$ [ $1$ ] ] [ $class$ [ $0$ ] ] ] [ $Feat4_x  \le  0.5$ [ $class$ [ $0$ ] ] [ $class$ [ $0$ ] ] ] ] ] ] ] ] ],
tic-tac-toe,complete,1,958,18,18,binoct,7,None,None,300,leviathan,1,2,766,18,36,319.1399917,8,128,255,80.67885117,71.875,[ $Feat6_x  \le  0.5$ [ $Feat3_x  \le  0.5$ [ $Feat2_o  \le  0.5$ [ $Feat4_o  \le  0.5$ [ $Feat1_o  \le  0.5$ [ $Feat4_x  \le  0.5$ [ $Feat0_o  \le  0.5$ [ $class$ [ $1$ ] ] [ $class$ [ $0$ ] ] ] [ $Feat6_x  \le  0.5$ [ $class$ [ $1$ ] ] [ $class$ [ $0$ ] ] ] ] [ $Feat8_x  \le  0.5$ [ $Feat6_x  \le  0.5$ [ $class$ [ $0$ ] ] [ $class$ [ $1$ ] ] ] [ $Feat0_o  \le  0.5$ [ $class$ [ $1$ ] ] [ $class$ [ $0$ ] ] ] ] ] [ $Feat8_x  \le  0.5$ [ $Feat3_x  \le  0.5$ [ $Feat0_o  \le  0.5$ [ $class$ [ $1$ ] ] [ $class$ [ $0$ ] ] ] [ $Feat8_o  \le  0.5$ [ $class$ [ $0$ ] ] [ $class$ [ $1$ ] ] ] ] [ $Feat5_o  \le  0.5$ [ $Feat2_o  \le  0.5$ [ $class$ [ $1$ ] ] [ $class$ [ $0$ ] ] ] [ $Feat1_x  \le  0.5$ [ $class$ [ $0$ ] ] [ $class$ [ $0$ ] ] ] ] ] ] [ $Feat3_x  \le  0.5$ [ $Feat1_o  \le  0.5$ [ $Feat4_o  \le  0.5$ [ $Feat2_o  \le  0.5$ [ $class$ [ $1$ ] ] [ $class$ [ $1$ ] ] ] [ $Feat0_o  \le  0.5$ [ $class$ [ $0$ ] ] [ $class$ [ $0$ ] ] ] ] [ $Feat8_x  \le  0.5$ [ $Feat7_o  \le  0.5$ [ $class$ [ $0$ ] ] [ $class$ [ $0$ ] ] ] [ $Feat0_o  \le  0.5$ [ $class$ [ $1$ ] ] [ $class$ [ $0$ ] ] ] ] ] [ $Feat8_x  \le  0.5$ [ $Feat1_x  \le  0.5$ [ $Feat8_o  \le  0.5$ [ $class$ [ $0$ ] ] [ $class$ [ $1$ ] ] ] [ $Feat0_x  \le  0.5$ [ $class$ [ $0$ ] ] [ $class$ [ $0$ ] ] ] ] [ $Feat1_x  \le  0.5$ [ $Feat1_o  \le  0.5$ [ $class$ [ $0$ ] ] [ $class$ [ $0$ ] ] ] [ $Feat4_o  \le  0.5$ [ $class$ [ $1$ ] ] [ $class$ [ $0$ ] ] ] ] ] ] ] [ $Feat0_x  \le  0.5$ [ $Feat4_o  \le  0.5$ [ $Feat3_x  \le  0.5$ [ $Feat6_x  \le  0.5$ [ $Feat1_x  \le  0.5$ [ $class$ [ $0$ ] ] [ $class$ [ $1$ ] ] ] [ $Feat0_o  \le  0.5$ [ $class$ [ $0$ ] ] [ $class$ [ $0$ ] ] ] ] [ $Feat8_o  \le  0.5$ [ $Feat7_o  \le  0.5$ [ $class$ [ $1$ ] ] [ $class$ [ $1$ ] ] ] [ $Feat6_o  \le  0.5$ [ $class$ [ $0$ ] ] [ $class$ [ $0$ ] ] ] ] ] [ $Feat8_o  \le  0.5$ [ $Feat5_o  \le  0.5$ [ $Feat2_x  \le  0.5$ [ $class$ [ $0$ ] ] [ $class$ [ $1$ ] ] ] [ $Feat7_o  \le  0.5$ [ $class$ [ $0$ ] ] [ $class$ [ $0$ ] ] ] ] [ $Feat6_x  \le  0.5$ [ $Feat5_o  \le  0.5$ [ $class$ [ $0$ ] ] [ $class$ [ $0$ ] ] ] [ $Feat4_x  \le  0.5$ [ $class$ [ $0$ ] ] [ $class$ [ $0$ ] ] ] ] ] ] [ $Feat4_o  \le  0.5$ [ $Feat2_x  \le  0.5$ [ $Feat1_o  \le  0.5$ [ $Feat7_o  \le  0.5$ [ $class$ [ $0$ ] ] [ $class$ [ $0$ ] ] ] [ $Feat3_x  \le  0.5$ [ $class$ [ $0$ ] ] [ $class$ [ $1$ ] ] ] ] [ $Feat5_o  \le  0.5$ [ $Feat7_o  \le  0.5$ [ $class$ [ $0$ ] ] [ $class$ [ $0$ ] ] ] [ $Feat0_x  \le  0.5$ [ $class$ [ $0$ ] ] [ $class$ [ $1$ ] ] ] ] ] [ $Feat6_o  \le  0.5$ [ $Feat0_o  \le  0.5$ [ $Feat1_x  \le  0.5$ [ $class$ [ $0$ ] ] [ $class$ [ $0$ ] ] ] [ $Feat3_o  \le  0.5$ [ $class$ [ $0$ ] ] [ $class$ [ $0$ ] ] ] ] [ $Feat0_x  \le  0.5$ [ $Feat0_o  \le  0.5$ [ $class$ [ $0$ ] ] [ $class$ [ $0$ ] ] ] [ $Feat3_o  \le  0.5$ [ $class$ [ $0$ ] ] [ $class$ [ $0$ ] ] ] ] ] ] ] ] [ $Feat6_x  \le  0.5$ [ $Feat0_x  \le  0.5$ [ $Feat0_o  \le  0.5$ [ $Feat0_o  \le  0.5$ [ $Feat2_o  \le  0.5$ [ $Feat0_o  \le  0.5$ [ $class$ [ $0$ ] ] [ $class$ [ $0$ ] ] ] [ $Feat0_o  \le  0.5$ [ $class$ [ $0$ ] ] [ $class$ [ $0$ ] ] ] ] [ $Feat0_o  \le  0.5$ [ $Feat0_o  \le  0.5$ [ $class$ [ $0$ ] ] [ $class$ [ $0$ ] ] ] [ $Feat0_o  \le  0.5$ [ $class$ [ $0$ ] ] [ $class$ [ $0$ ] ] ] ] ] [ $Feat0_o  \le  0.5$ [ $Feat0_o  \le  0.5$ [ $Feat0_o  \le  0.5$ [ $class$ [ $0$ ] ] [ $class$ [ $1$ ] ] ] [ $Feat6_o  \le  0.5$ [ $class$ [ $0$ ] ] [ $class$ [ $0$ ] ] ] ] [ $Feat0_o  \le  0.5$ [ $Feat0_o  \le  0.5$ [ $class$ [ $0$ ] ] [ $class$ [ $0$ ] ] ] [ $Feat1_x  \le  0.5$ [ $class$ [ $0$ ] ] [ $class$ [ $0$ ] ] ] ] ] ] [ $Feat0_o  \le  0.5$ [ $Feat8_x  \le  0.5$ [ $Feat4_o  \le  0.5$ [ $Feat0_o  \le  0.5$ [ $class$ [ $0$ ] ] [ $class$ [ $0$ ] ] ] [ $Feat1_o  \le  0.5$ [ $class$ [ $0$ ] ] [ $class$ [ $0$ ] ] ] ] [ $Feat0_o  \le  0.5$ [ $Feat0_o  \le  0.5$ [ $class$ [ $0$ ] ] [ $class$ [ $0$ ] ] ] [ $Feat0_o  \le  0.5$ [ $class$ [ $1$ ] ] [ $class$ [ $0$ ] ] ] ] ] [ $Feat0_x  \le  0.5$ [ $Feat0_x  \le  0.5$ [ $Feat0_o  \le  0.5$ [ $class$ [ $1$ ] ] [ $class$ [ $0$ ] ] ] [ $Feat0_o  \le  0.5$ [ $class$ [ $1$ ] ] [ $class$ [ $0$ ] ] ] ] [ $Feat0_x  \le  0.5$ [ $Feat0_x  \le  0.5$ [ $class$ [ $1$ ] ] [ $class$ [ $0$ ] ] ] [ $Feat1_o  \le  0.5$ [ $class$ [ $0$ ] ] [ $class$ [ $0$ ] ] ] ] ] ] ] [ $Feat0_x  \le  0.5$ [ $Feat2_x  \le  0.5$ [ $Feat8_o  \le  0.5$ [ $Feat5_o  \le  0.5$ [ $Feat3_o  \le  0.5$ [ $class$ [ $0$ ] ] [ $class$ [ $1$ ] ] ] [ $Feat7_o  \le  0.5$ [ $class$ [ $1$ ] ] [ $class$ [ $0$ ] ] ] ] [ $Feat3_o  \le  0.5$ [ $Feat6_x  \le  0.5$ [ $class$ [ $0$ ] ] [ $class$ [ $0$ ] ] ] [ $Feat1_x  \le  0.5$ [ $class$ [ $0$ ] ] [ $class$ [ $1$ ] ] ] ] ] [ $Feat5_o  \le  0.5$ [ $Feat4_x  \le  0.5$ [ $Feat0_o  \le  0.5$ [ $class$ [ $0$ ] ] [ $class$ [ $0$ ] ] ] [ $Feat7_x  \le  0.5$ [ $class$ [ $1$ ] ] [ $class$ [ $1$ ] ] ] ] [ $Feat4_o  \le  0.5$ [ $Feat6_x  \le  0.5$ [ $class$ [ $0$ ] ] [ $class$ [ $1$ ] ] ] [ $Feat8_o  \le  0.5$ [ $class$ [ $0$ ] ] [ $class$ [ $0$ ] ] ] ] ] ] [ $Feat0_x  \le  0.5$ [ $Feat2_x  \le  0.5$ [ $Feat7_x  \le  0.5$ [ $Feat0_o  \le  0.5$ [ $class$ [ $0$ ] ] [ $class$ [ $0$ ] ] ] [ $Feat0_x  \le  0.5$ [ $class$ [ $0$ ] ] [ $class$ [ $0$ ] ] ] ] [ $Feat1_x  \le  0.5$ [ $Feat0_o  \le  0.5$ [ $class$ [ $0$ ] ] [ $class$ [ $0$ ] ] ] [ $Feat4_x  \le  0.5$ [ $class$ [ $0$ ] ] [ $class$ [ $0$ ] ] ] ] ] [ $Feat0_o  \le  0.5$ [ $Feat3_o  \le  0.5$ [ $Feat0_x  \le  0.5$ [ $class$ [ $0$ ] ] [ $class$ [ $1$ ] ] ] [ $Feat1_x  \le  0.5$ [ $class$ [ $1$ ] ] [ $class$ [ $0$ ] ] ] ] [ $Feat0_o  \le  0.5$ [ $Feat0_o  \le  0.5$ [ $class$ [ $0$ ] ] [ $class$ [ $0$ ] ] ] [ $Feat2_o  \le  0.5$ [ $class$ [ $0$ ] ] [ $class$ [ $0$ ] ] ] ] ] ] ] ] ],
tic-tac-toe,complete,1,958,18,18,binoct,7,None,None,300,leviathan,1,3,767,18,36,319.0514181,8,128,255,92.04693611,37.17277487,[ $Feat0_x  \le  0.5$ [ $Feat8_x  \le  0.5$ [ $Feat7_o  \le  0.5$ [ $Feat1_o  \le  0.5$ [ $Feat4_o  \le  0.5$ [ $Feat0_x  \le  0.5$ [ $Feat3_x  \le  0.5$ [ $class$ [ $1$ ] ] [ $class$ [ $1$ ] ] ] [ $Feat7_x  \le  0.5$ [ $class$ [ $0$ ] ] [ $class$ [ $0$ ] ] ] ] [ $Feat8_x  \le  0.5$ [ $Feat1_o  \le  0.5$ [ $class$ [ $0$ ] ] [ $class$ [ $0$ ] ] ] [ $Feat0_o  \le  0.5$ [ $class$ [ $0$ ] ] [ $class$ [ $0$ ] ] ] ] ] [ $Feat6_o  \le  0.5$ [ $Feat2_x  \le  0.5$ [ $Feat6_x  \le  0.5$ [ $class$ [ $1$ ] ] [ $class$ [ $0$ ] ] ] [ $Feat4_x  \le  0.5$ [ $class$ [ $0$ ] ] [ $class$ [ $1$ ] ] ] ] [ $Feat0_x  \le  0.5$ [ $Feat3_o  \le  0.5$ [ $class$ [ $1$ ] ] [ $class$ [ $0$ ] ] ] [ $Feat3_o  \le  0.5$ [ $class$ [ $0$ ] ] [ $class$ [ $0$ ] ] ] ] ] ] [ $Feat1_o  \le  0.5$ [ $Feat0_x  \le  0.5$ [ $Feat2_o  \le  0.5$ [ $Feat8_o  \le  0.5$ [ $class$ [ $1$ ] ] [ $class$ [ $0$ ] ] ] [ $Feat2_o  \le  0.5$ [ $class$ [ $0$ ] ] [ $class$ [ $1$ ] ] ] ] [ $Feat0_x  \le  0.5$ [ $Feat7_o  \le  0.5$ [ $class$ [ $0$ ] ] [ $class$ [ $0$ ] ] ] [ $Feat3_x  \le  0.5$ [ $class$ [ $0$ ] ] [ $class$ [ $1$ ] ] ] ] ] [ $Feat2_o  \le  0.5$ [ $Feat4_o  \le  0.5$ [ $Feat3_x  \le  0.5$ [ $class$ [ $1$ ] ] [ $class$ [ $1$ ] ] ] [ $Feat1_o  \le  0.5$ [ $class$ [ $0$ ] ] [ $class$ [ $0$ ] ] ] ] [ $Feat8_o  \le  0.5$ [ $Feat4_o  \le  0.5$ [ $class$ [ $1$ ] ] [ $class$ [ $0$ ] ] ] [ $Feat0_x  \le  0.5$ [ $class$ [ $1$ ] ] [ $class$ [ $1$ ] ] ] ] ] ] ] [ $Feat4_o  \le  0.5$ [ $Feat6_o  \le  0.5$ [ $Feat8_o  \le  0.5$ [ $Feat2_x  \le  0.5$ [ $Feat7_x  \le  0.5$ [ $class$ [ $0$ ] ] [ $class$ [ $1$ ] ] ] [ $Feat3_x  \le  0.5$ [ $class$ [ $1$ ] ] [ $class$ [ $1$ ] ] ] ] [ $Feat8_x  \le  0.5$ [ $Feat0_x  \le  0.5$ [ $class$ [ $0$ ] ] [ $class$ [ $0$ ] ] ] [ $Feat5_o  \le  0.5$ [ $class$ [ $0$ ] ] [ $class$ [ $0$ ] ] ] ] ] [ $Feat3_o  \le  0.5$ [ $Feat4_o  \le  0.5$ [ $Feat3_o  \le  0.5$ [ $class$ [ $1$ ] ] [ $class$ [ $1$ ] ] ] [ $Feat6_o  \le  0.5$ [ $class$ [ $0$ ] ] [ $class$ [ $0$ ] ] ] ] [ $Feat2_o  \le  0.5$ [ $Feat0_o  \le  0.5$ [ $class$ [ $1$ ] ] [ $class$ [ $0$ ] ] ] [ $Feat6_x  \le  0.5$ [ $class$ [ $0$ ] ] [ $class$ [ $0$ ] ] ] ] ] ] [ $Feat5_x  \le  0.5$ [ $Feat7_x  \le  0.5$ [ $Feat0_o  \le  0.5$ [ $Feat0_x  \le  0.5$ [ $class$ [ $0$ ] ] [ $class$ [ $1$ ] ] ] [ $Feat7_o  \le  0.5$ [ $class$ [ $0$ ] ] [ $class$ [ $0$ ] ] ] ] [ $Feat4_x  \le  0.5$ [ $Feat6_o  \le  0.5$ [ $class$ [ $1$ ] ] [ $class$ [ $0$ ] ] ] [ $Feat4_o  \le  0.5$ [ $class$ [ $0$ ] ] [ $class$ [ $0$ ] ] ] ] ] [ $Feat2_x  \le  0.5$ [ $Feat1_x  \le  0.5$ [ $Feat0_o  \le  0.5$ [ $class$ [ $0$ ] ] [ $class$ [ $0$ ] ] ] [ $Feat6_o  \le  0.5$ [ $class$ [ $0$ ] ] [ $class$ [ $0$ ] ] ] ] [ $Feat1_o  \le  0.5$ [ $Feat0_o  \le  0.5$ [ $class$ [ $1$ ] ] [ $class$ [ $1$ ] ] ] [ $Feat0_o  \le  0.5$ [ $class$ [ $1$ ] ] [ $class$ [ $1$ ] ] ] ] ] ] ] ] [ $Feat7_o  \le  0.5$ [ $Feat8_x  \le  0.5$ [ $Feat6_o  \le  0.5$ [ $Feat4_x  \le  0.5$ [ $Feat2_x  \le  0.5$ [ $Feat3_o  \le  0.5$ [ $class$ [ $1$ ] ] [ $class$ [ $0$ ] ] ] [ $Feat0_o  \le  0.5$ [ $class$ [ $1$ ] ] [ $class$ [ $0$ ] ] ] ] [ $Feat2_o  \le  0.5$ [ $Feat7_o  \le  0.5$ [ $class$ [ $1$ ] ] [ $class$ [ $0$ ] ] ] [ $Feat7_o  \le  0.5$ [ $class$ [ $1$ ] ] [ $class$ [ $1$ ] ] ] ] ] [ $Feat2_x  \le  0.5$ [ $Feat5_o  \le  0.5$ [ $Feat3_x  \le  0.5$ [ $class$ [ $1$ ] ] [ $class$ [ $1$ ] ] ] [ $Feat8_o  \le  0.5$ [ $class$ [ $1$ ] ] [ $class$ [ $1$ ] ] ] ] [ $Feat1_x  \le  0.5$ [ $Feat8_x  \le  0.5$ [ $class$ [ $0$ ] ] [ $class$ [ $0$ ] ] ] [ $Feat0_x  \le  0.5$ [ $class$ [ $1$ ] ] [ $class$ [ $1$ ] ] ] ] ] ] [ $Feat5_x  \le  0.5$ [ $Feat3_o  \le  0.5$ [ $Feat1_x  \le  0.5$ [ $Feat3_o  \le  0.5$ [ $class$ [ $1$ ] ] [ $class$ [ $1$ ] ] ] [ $Feat4_o  \le  0.5$ [ $class$ [ $1$ ] ] [ $class$ [ $1$ ] ] ] ] [ $Feat3_o  \le  0.5$ [ $Feat0_x  \le  0.5$ [ $class$ [ $0$ ] ] [ $class$ [ $0$ ] ] ] [ $Feat7_x  \le  0.5$ [ $class$ [ $1$ ] ] [ $class$ [ $1$ ] ] ] ] ] [ $Feat1_o  \le  0.5$ [ $Feat0_o  \le  0.5$ [ $Feat3_o  \le  0.5$ [ $class$ [ $0$ ] ] [ $class$ [ $1$ ] ] ] [ $Feat1_o  \le  0.5$ [ $class$ [ $0$ ] ] [ $class$ [ $0$ ] ] ] ] [ $Feat2_o  \le  0.5$ [ $Feat1_o  \le  0.5$ [ $class$ [ $0$ ] ] [ $class$ [ $1$ ] ] ] [ $Feat1_o  \le  0.5$ [ $class$ [ $0$ ] ] [ $class$ [ $1$ ] ] ] ] ] ] ] [ $Feat0_x  \le  0.5$ [ $Feat0_o  \le  0.5$ [ $Feat4_o  \le  0.5$ [ $Feat0_o  \le  0.5$ [ $Feat0_o  \le  0.5$ [ $class$ [ $0$ ] ] [ $class$ [ $0$ ] ] ] [ $Feat0_x  \le  0.5$ [ $class$ [ $0$ ] ] [ $class$ [ $0$ ] ] ] ] [ $Feat0_o  \le  0.5$ [ $Feat0_o  \le  0.5$ [ $class$ [ $1$ ] ] [ $class$ [ $0$ ] ] ] [ $Feat3_o  \le  0.5$ [ $class$ [ $1$ ] ] [ $class$ [ $1$ ] ] ] ] ] [ $Feat1_o  \le  0.5$ [ $Feat0_o  \le  0.5$ [ $Feat3_x  \le  0.5$ [ $class$ [ $0$ ] ] [ $class$ [ $0$ ] ] ] [ $Feat0_o  \le  0.5$ [ $class$ [ $0$ ] ] [ $class$ [ $0$ ] ] ] ] [ $Feat0_x  \le  0.5$ [ $Feat0_o  \le  0.5$ [ $class$ [ $0$ ] ] [ $class$ [ $0$ ] ] ] [ $Feat7_o  \le  0.5$ [ $class$ [ $1$ ] ] [ $class$ [ $1$ ] ] ] ] ] ] [ $Feat0_x  \le  0.5$ [ $Feat0_o  \le  0.5$ [ $Feat3_x  \le  0.5$ [ $Feat1_x  \le  0.5$ [ $class$ [ $0$ ] ] [ $class$ [ $0$ ] ] ] [ $Feat0_o  \le  0.5$ [ $class$ [ $0$ ] ] [ $class$ [ $1$ ] ] ] ] [ $Feat2_x  \le  0.5$ [ $Feat0_x  \le  0.5$ [ $class$ [ $0$ ] ] [ $class$ [ $0$ ] ] ] [ $Feat7_x  \le  0.5$ [ $class$ [ $1$ ] ] [ $class$ [ $0$ ] ] ] ] ] [ $Feat0_x  \le  0.5$ [ $Feat4_x  \le  0.5$ [ $Feat0_o  \le  0.5$ [ $class$ [ $1$ ] ] [ $class$ [ $1$ ] ] ] [ $Feat1_o  \le  0.5$ [ $class$ [ $0$ ] ] [ $class$ [ $0$ ] ] ] ] [ $Feat7_o  \le  0.5$ [ $Feat0_o  \le  0.5$ [ $class$ [ $0$ ] ] [ $class$ [ $0$ ] ] ] [ $Feat6_x  \le  0.5$ [ $class$ [ $1$ ] ] [ $class$ [ $1$ ] ] ] ] ] ] ] ] ],
tic-tac-toe,complete,1,958,18,18,binoct,7,None,None,300,leviathan,1,4,767,18,36,319.0265088,8,128,255,89.70013038,29.31937173,[ $Feat8_o  \le  0.5$ [ $Feat0_o  \le  0.5$ [ $Feat0_x  \le  0.5$ [ $Feat8_o  \le  0.5$ [ $Feat4_x  \le  0.5$ [ $Feat0_x  \le  0.5$ [ $Feat6_o  \le  0.5$ [ $class$ [ $1$ ] ] [ $class$ [ $1$ ] ] ] [ $Feat0_x  \le  0.5$ [ $class$ [ $1$ ] ] [ $class$ [ $0$ ] ] ] ] [ $Feat7_x  \le  0.5$ [ $Feat0_o  \le  0.5$ [ $class$ [ $1$ ] ] [ $class$ [ $1$ ] ] ] [ $Feat2_o  \le  0.5$ [ $class$ [ $1$ ] ] [ $class$ [ $1$ ] ] ] ] ] [ $Feat7_x  \le  0.5$ [ $Feat2_o  \le  0.5$ [ $Feat0_x  \le  0.5$ [ $class$ [ $1$ ] ] [ $class$ [ $1$ ] ] ] [ $Feat5_x  \le  0.5$ [ $class$ [ $1$ ] ] [ $class$ [ $1$ ] ] ] ] [ $Feat1_o  \le  0.5$ [ $Feat8_x  \le  0.5$ [ $class$ [ $0$ ] ] [ $class$ [ $0$ ] ] ] [ $Feat2_o  \le  0.5$ [ $class$ [ $1$ ] ] [ $class$ [ $1$ ] ] ] ] ] ] [ $Feat1_o  \le  0.5$ [ $Feat8_o  \le  0.5$ [ $Feat7_o  \le  0.5$ [ $Feat4_o  \le  0.5$ [ $class$ [ $1$ ] ] [ $class$ [ $0$ ] ] ] [ $Feat7_x  \le  0.5$ [ $class$ [ $1$ ] ] [ $class$ [ $0$ ] ] ] ] [ $Feat2_x  \le  0.5$ [ $Feat0_o  \le  0.5$ [ $class$ [ $0$ ] ] [ $class$ [ $0$ ] ] ] [ $Feat5_x  \le  0.5$ [ $class$ [ $0$ ] ] [ $class$ [ $1$ ] ] ] ] ] [ $Feat2_x  \le  0.5$ [ $Feat0_o  \le  0.5$ [ $Feat7_o  \le  0.5$ [ $class$ [ $1$ ] ] [ $class$ [ $1$ ] ] ] [ $Feat8_o  \le  0.5$ [ $class$ [ $1$ ] ] [ $class$ [ $0$ ] ] ] ] [ $Feat4_x  \le  0.5$ [ $Feat7_x  \le  0.5$ [ $class$ [ $0$ ] ] [ $class$ [ $0$ ] ] ] [ $Feat6_o  \le  0.5$ [ $class$ [ $1$ ] ] [ $class$ [ $1$ ] ] ] ] ] ] ] [ $Feat8_o  \le  0.5$ [ $Feat6_o  \le  0.5$ [ $Feat4_x  \le  0.5$ [ $Feat2_x  \le  0.5$ [ $Feat0_x  \le  0.5$ [ $class$ [ $1$ ] ] [ $class$ [ $1$ ] ] ] [ $Feat5_x  \le  0.5$ [ $class$ [ $1$ ] ] [ $class$ [ $1$ ] ] ] ] [ $Feat6_o  \le  0.5$ [ $Feat4_x  \le  0.5$ [ $class$ [ $1$ ] ] [ $class$ [ $1$ ] ] ] [ $Feat1_o  \le  0.5$ [ $class$ [ $1$ ] ] [ $class$ [ $0$ ] ] ] ] ] [ $Feat3_o  \le  0.5$ [ $Feat0_x  \le  0.5$ [ $Feat1_x  \le  0.5$ [ $class$ [ $1$ ] ] [ $class$ [ $1$ ] ] ] [ $Feat0_x  \le  0.5$ [ $class$ [ $1$ ] ] [ $class$ [ $1$ ] ] ] ] [ $Feat0_x  \le  0.5$ [ $Feat7_o  \le  0.5$ [ $class$ [ $0$ ] ] [ $class$ [ $0$ ] ] ] [ $Feat8_o  \le  0.5$ [ $class$ [ $1$ ] ] [ $class$ [ $0$ ] ] ] ] ] ] [ $Feat1_o  \le  0.5$ [ $Feat0_o  \le  0.5$ [ $Feat0_o  \le  0.5$ [ $Feat0_o  \le  0.5$ [ $class$ [ $0$ ] ] [ $class$ [ $0$ ] ] ] [ $Feat0_o  \le  0.5$ [ $class$ [ $1$ ] ] [ $class$ [ $0$ ] ] ] ] [ $Feat0_x  \le  0.5$ [ $Feat5_x  \le  0.5$ [ $class$ [ $0$ ] ] [ $class$ [ $0$ ] ] ] [ $Feat0_o  \le  0.5$ [ $class$ [ $1$ ] ] [ $class$ [ $0$ ] ] ] ] ] [ $Feat4_x  \le  0.5$ [ $Feat5_x  \le  0.5$ [ $Feat1_x  \le  0.5$ [ $class$ [ $0$ ] ] [ $class$ [ $1$ ] ] ] [ $Feat7_x  \le  0.5$ [ $class$ [ $1$ ] ] [ $class$ [ $1$ ] ] ] ] [ $Feat1_o  \le  0.5$ [ $Feat0_x  \le  0.5$ [ $class$ [ $1$ ] ] [ $class$ [ $0$ ] ] ] [ $Feat2_o  \le  0.5$ [ $class$ [ $1$ ] ] [ $class$ [ $1$ ] ] ] ] ] ] ] ] [ $Feat0_o  \le  0.5$ [ $Feat2_o  \le  0.5$ [ $Feat5_x  \le  0.5$ [ $Feat3_x  \le  0.5$ [ $Feat6_x  \le  0.5$ [ $Feat0_o  \le  0.5$ [ $class$ [ $1$ ] ] [ $class$ [ $0$ ] ] ] [ $Feat7_o  \le  0.5$ [ $class$ [ $1$ ] ] [ $class$ [ $1$ ] ] ] ] [ $Feat6_o  \le  0.5$ [ $Feat6_o  \le  0.5$ [ $class$ [ $1$ ] ] [ $class$ [ $0$ ] ] ] [ $Feat0_o  \le  0.5$ [ $class$ [ $0$ ] ] [ $class$ [ $0$ ] ] ] ] ] [ $Feat1_x  \le  0.5$ [ $Feat2_x  \le  0.5$ [ $Feat3_x  \le  0.5$ [ $class$ [ $0$ ] ] [ $class$ [ $1$ ] ] ] [ $Feat3_x  \le  0.5$ [ $class$ [ $0$ ] ] [ $class$ [ $0$ ] ] ] ] [ $Feat8_o  \le  0.5$ [ $Feat5_o  \le  0.5$ [ $class$ [ $0$ ] ] [ $class$ [ $0$ ] ] ] [ $Feat7_x  \le  0.5$ [ $class$ [ $1$ ] ] [ $class$ [ $1$ ] ] ] ] ] ] [ $Feat3_x  \le  0.5$ [ $Feat5_o  \le  0.5$ [ $Feat0_o  \le  0.5$ [ $Feat4_o  \le  0.5$ [ $class$ [ $1$ ] ] [ $class$ [ $0$ ] ] ] [ $Feat0_o  \le  0.5$ [ $class$ [ $0$ ] ] [ $class$ [ $0$ ] ] ] ] [ $Feat5_x  \le  0.5$ [ $Feat2_o  \le  0.5$ [ $class$ [ $0$ ] ] [ $class$ [ $0$ ] ] ] [ $Feat1_x  \le  0.5$ [ $class$ [ $1$ ] ] [ $class$ [ $0$ ] ] ] ] ] [ $Feat4_x  \le  0.5$ [ $Feat6_x  \le  0.5$ [ $Feat0_o  \le  0.5$ [ $class$ [ $0$ ] ] [ $class$ [ $0$ ] ] ] [ $Feat0_o  \le  0.5$ [ $class$ [ $1$ ] ] [ $class$ [ $1$ ] ] ] ] [ $Feat7_x  \le  0.5$ [ $Feat5_x  \le  0.5$ [ $class$ [ $0$ ] ] [ $class$ [ $1$ ] ] ] [ $Feat6_x  \le  0.5$ [ $class$ [ $1$ ] ] [ $class$ [ $1$ ] ] ] ] ] ] ] [ $Feat1_o  \le  0.5$ [ $Feat5_x  \le  0.5$ [ $Feat4_o  \le  0.5$ [ $Feat0_o  \le  0.5$ [ $Feat1_x  \le  0.5$ [ $class$ [ $0$ ] ] [ $class$ [ $1$ ] ] ] [ $Feat0_o  \le  0.5$ [ $class$ [ $0$ ] ] [ $class$ [ $1$ ] ] ] ] [ $Feat7_x  \le  0.5$ [ $Feat5_o  \le  0.5$ [ $class$ [ $0$ ] ] [ $class$ [ $1$ ] ] ] [ $Feat2_o  \le  0.5$ [ $class$ [ $0$ ] ] [ $class$ [ $1$ ] ] ] ] ] [ $Feat0_o  \le  0.5$ [ $Feat0_x  \le  0.5$ [ $Feat0_o  \le  0.5$ [ $class$ [ $0$ ] ] [ $class$ [ $0$ ] ] ] [ $Feat1_o  \le  0.5$ [ $class$ [ $0$ ] ] [ $class$ [ $1$ ] ] ] ] [ $Feat0_o  \le  0.5$ [ $Feat6_x  \le  0.5$ [ $class$ [ $1$ ] ] [ $class$ [ $0$ ] ] ] [ $Feat0_o  \le  0.5$ [ $class$ [ $0$ ] ] [ $class$ [ $1$ ] ] ] ] ] ] [ $Feat0_o  \le  0.5$ [ $Feat0_o  \le  0.5$ [ $Feat0_o  \le  0.5$ [ $Feat4_o  \le  0.5$ [ $class$ [ $1$ ] ] [ $class$ [ $1$ ] ] ] [ $Feat0_o  \le  0.5$ [ $class$ [ $0$ ] ] [ $class$ [ $0$ ] ] ] ] [ $Feat0_o  \le  0.5$ [ $Feat2_o  \le  0.5$ [ $class$ [ $0$ ] ] [ $class$ [ $0$ ] ] ] [ $Feat2_x  \le  0.5$ [ $class$ [ $1$ ] ] [ $class$ [ $0$ ] ] ] ] ] [ $Feat3_x  \le  0.5$ [ $Feat7_o  \le  0.5$ [ $Feat0_o  \le  0.5$ [ $class$ [ $0$ ] ] [ $class$ [ $1$ ] ] ] [ $Feat7_x  \le  0.5$ [ $class$ [ $0$ ] ] [ $class$ [ $1$ ] ] ] ] [ $Feat0_o  \le  0.5$ [ $Feat8_x  \le  0.5$ [ $class$ [ $1$ ] ] [ $class$ [ $1$ ] ] ] [ $Feat1_o  \le  0.5$ [ $class$ [ $0$ ] ] [ $class$ [ $1$ ] ] ] ] ] ] ] ] ],