{
    "regularization": [
        0.2, 0.1,
        0.09, 0.08, 0.07, 0.06, 0.05, 0.04, 0.03, 0.02, 0.01,
        0.009, 0.008, 0.007, 0.006, 0.005, 0.004, 0.003, 0.002, 0.001,
        0.0009, 0.0008, 0.0007, 0.0006, 0.0005, 0.0004, 0.0003, 0.0002, 0.0001
    ],
    "limits": [
        { "depth": 1, "width": 2 },
        { "depth": 2, "width": 4 },
        { "depth": 3, "width": 8 },
        { "depth": 4, "width": 16 },
        { "depth": 5, "width": 32 },
        { "depth": 6, "width": 64 }
    ],
    "trials": 5,
    "time_limit": 300
}
